hhid,region_lib,choc_secheresse,choc_hausse_prix,choc_conflit,choc_maladie,strat_vente_actifs,strat_reduction_repas,strat_migration,strat_endettement
00001,BATHA,1,1,0,1,1,1,1,1
00002,BATHA,0,1,0,0,0,0,0,0
00003,BATHA,1,0,1,0,0,0,0,1
00004,BATHA,0,1,0,0,0,0,0,0
00005,BATHA,0,1,0,1,0,1,0,0
00006,BATHA,0,1,0,0,0,1,0,0
00007,BATHA,0,1,0,0,1,1,0,0
00008,BATHA,1,0,0,1,1,0,0,0
00009,BATHA,0,0,0,1,0,1,1,0
00010,BATHA,0,1,0,0,0,1,0,0
00011,BATHA,1,0,0,0,0,0,0,0
00012,BATHA,0,0,0,0,0,1,0,0
00013,BATHA,0,1,0,1,0,0,0,0
00014,BATHA,0,1,0,0,1,1,0,0
00015,BATHA,0,1,0,0,0,1,0,0
00016,BATHA,0,1,0,0,0,1,0,1
00017,BATHA,0,0,0,0,0,0,1,0
00018,BATHA,1,1,0,0,0,1,0,1
00019,BATHA,1,0,0,0,0,1,0,1
00020,BATHA,0,1,0,0,0,0,0,1
00021,BATHA,0,1,0,0,0,1,0,0
00022,BATHA,0,1,0,1,1,0,0,1
00023,BATHA,0,1,1,0,0,1,0,0
00024,BATHA,0,1,0,1,1,1,1,0
00025,BATHA,0,0,0,0,0,1,0,1
00026,BATHA,0,1,0,0,0,0,0,0
00027,BATHA,0,1,0,0,1,1,0,1
00028,BATHA,0,1,0,0,0,0,0,1
00029,BATHA,0,0,0,0,0,1,0,0
00030,BATHA,0,1,0,1,1,0,1,1
00031,BATHA,1,1,0,0,0,1,0,0
00032,BATHA,0,1,0,0,1,0,0,1
00033,BATHA,0,1,0,0,1,0,0,0
00034,BATHA,0,1,0,0,0,0,0,0
00035,BATHA,0,1,0,0,0,1,0,1
00036,BATHA,1,1,0,0,0,1,0,0
00037,BATHA,0,0,0,0,0,1,0,0
00038,BATHA,0,1,0,1,0,0,0,1
00039,BATHA,0,1,0,0,0,0,0,0
00040,BATHA,0,1,0,1,0,0,0,0
00041,BATHA,1,0,0,0,1,1,0,0
00042,BATHA,0,0,0,1,0,1,0,0
00043,BATHA,0,0,0,0,0,0,0,0
00044,BATHA,0,0,0,0,0,0,0,1
00045,BATHA,0,1,0,0,0,0,0,0
00046,BATHA,0,1,0,0,1,1,0,1
00047,BATHA,0,0,0,1,0,0,0,0
00048,BATHA,1,0,0,0,1,1,0,0
00049,BATHA,0,0,0,1,1,0,0,1
00050,BATHA,0,1,0,0,0,1,0,0
00051,BATHA,0,0,0,0,0,0,0,0
00052,BATHA,0,1,0,1,0,1,1,0
00053,BATHA,0,1,1,0,0,0,1,1
00054,BATHA,0,1,0,0,0,0,0,0
00055,BATHA,0,1,0,0,0,0,0,0
00056,BATHA,0,1,0,0,0,0,0,0
00057,BATHA,1,0,0,0,0,0,0,0
00058,BATHA,0,0,0,0,1,0,0,0
00059,BATHA,0,0,0,0,1,1,0,0
00060,BATHA,0,0,0,0,0,1,0,0
00061,BATHA,1,1,0,0,1,0,0,0
00062,BATHA,0,1,0,1,0,0,0,0
00063,BATHA,0,1,0,0,1,0,0,1
00064,BATHA,0,1,0,0,0,0,0,0
00065,BATHA,0,1,0,0,0,1,0,1
00066,BATHA,1,1,0,0,0,1,1,1
00067,BATHA,0,1,0,0,1,0,0,0
00068,BATHA,0,1,0,1,0,0,0,1
00069,BATHA,0,1,0,1,0,1,0,1
00070,BATHA,1,1,0,0,0,0,0,0
00071,BATHA,0,1,0,0,0,1,0,0
00072,BATHA,0,1,0,0,0,0,0,0
00073,BATHA,0,0,0,0,0,0,0,0
00074,BATHA,0,1,0,0,1,0,0,0
00075,BATHA,1,1,0,0,1,1,0,1
00076,BATHA,0,1,1,0,0,0,0,0
00077,BATHA,0,1,0,0,0,1,0,0
00078,BATHA,0,0,0,0,0,1,0,0
00079,BATHA,1,0,0,1,0,0,0,0
00080,BATHA,0,0,0,1,1,1,0,0
00081,BATHA,0,0,0,0,0,1,0,0
00082,BATHA,0,1,0,0,0,0,0,0
00083,BATHA,1,1,0,0,0,1,0,1
00084,BATHA,1,1,0,0,0,1,0,1
00085,BATHA,0,0,0,1,0,0,0,0
00086,BATHA,1,1,0,0,0,1,0,0
00087,BATHA,1,0,0,0,0,1,0,1
00088,BATHA,1,0,0,0,0,1,0,1
00089,BATHA,0,1,0,0,0,0,0,1
00090,BATHA,0,1,0,0,0,0,0,0
00091,BATHA,1,1,0,0,1,0,0,1
00092,BATHA,0,1,0,0,0,0,1,0
00093,BATHA,0,1,0,0,0,0,0,0
00094,BATHA,0,1,0,0,0,1,0,1
00095,BATHA,0,0,1,0,0,0,0,0
00096,BATHA,1,1,0,0,0,0,0,1
00097,BATHA,0,0,0,0,0,0,0,0
00098,BATHA,1,1,0,0,0,0,0,1
00099,BATHA,1,0,0,0,1,0,0,0
00100,BATHA,1,1,0,1,0,1,0,1
00101,BATHA,0,0,0,1,0,0,1,0
00102,BATHA,0,1,0,1,0,0,0,0
00103,BATHA,1,0,0,0,0,0,0,1
00104,BATHA,1,0,0,1,0,1,0,0
00105,BATHA,1,1,0,0,0,0,0,1
00106,BATHA,1,0,0,0,1,1,0,0
00107,BATHA,0,0,0,0,0,0,0,0
00108,BATHA,0,0,0,0,1,1,0,1
00109,BATHA,1,1,0,0,0,0,0,0
00110,BATHA,0,0,0,0,0,0,0,0
00111,BATHA,1,0,0,0,1,0,0,0
00112,BATHA,0,0,0,0,0,0,0,0
00113,BATHA,0,0,0,0,0,1,0,0
00114,BATHA,1,1,0,1,0,0,0,1
00115,BATHA,1,0,0,0,0,0,0,0
00116,BATHA,1,0,1,0,1,0,0,0
00117,BATHA,1,0,0,0,1,0,1,0
00118,BATHA,0,1,0,0,0,1,1,0
00119,BATHA,1,1,0,0,0,0,0,0
00120,BATHA,1,0,0,0,1,1,1,1
00121,BATHA,1,1,0,1,1,0,0,1
00122,BATHA,1,0,0,0,0,0,0,1
00123,BATHA,1,1,1,1,0,1,0,1
00124,BATHA,1,1,0,0,0,1,1,0
00125,BATHA,0,1,1,0,1,0,0,1
00126,BATHA,0,0,0,0,1,0,0,0
00127,BATHA,1,1,0,1,1,1,0,1
00128,BATHA,0,1,0,0,0,0,0,1
00129,BATHA,0,1,0,0,0,0,0,0
00130,BATHA,1,0,0,0,0,0,0,0
00131,BATHA,1,1,0,0,0,0,1,0
00132,BATHA,1,1,0,0,1,1,0,0
00133,BATHA,1,0,0,0,0,1,1,1
00134,BATHA,1,1,0,1,1,0,1,0
00135,BATHA,0,1,0,0,1,0,1,1
00136,BATHA,0,1,1,0,0,1,0,0
00137,BATHA,0,1,0,1,1,1,0,0
00138,BATHA,0,0,0,0,0,1,0,0
00139,BATHA,1,1,0,0,1,0,0,0
00140,BATHA,1,1,0,1,1,1,0,0
00141,BATHA,0,1,0,0,0,0,1,0
00142,BATHA,0,1,0,0,0,0,0,0
00143,BATHA,0,1,1,0,1,1,0,0
00144,BATHA,0,1,0,0,0,0,0,0
00145,BATHA,1,0,0,0,0,0,0,0
00146,BATHA,1,1,0,0,1,0,0,0
00147,BATHA,1,0,0,0,0,1,0,0
00148,BATHA,1,1,1,0,1,1,1,1
00149,BATHA,1,0,0,0,0,0,0,0
00150,BATHA,0,1,0,1,1,0,0,0
00151,BATHA,0,0,0,0,0,0,0,0
00152,BATHA,1,0,0,0,0,1,0,0
00153,BATHA,1,1,0,0,0,0,0,1
00154,BATHA,0,1,0,1,1,1,0,1
00155,BATHA,1,0,0,0,0,0,0,0
00156,BATHA,1,0,0,0,1,0,0,1
00157,BATHA,1,0,0,0,0,0,0,0
00158,BATHA,0,1,0,0,0,1,1,1
00159,BATHA,1,1,0,1,0,1,0,0
00160,BATHA,1,1,0,0,0,0,0,0
00161,BATHA,0,0,0,0,0,0,0,0
00162,BORKOU,1,0,0,0,0,0,0,0
00163,BORKOU,0,1,0,0,0,0,0,0
00164,BORKOU,0,1,0,0,0,1,0,0
00165,BORKOU,1,0,0,0,0,0,0,0
00166,BORKOU,0,1,0,0,1,1,0,0
00167,BORKOU,0,0,0,0,0,1,1,0
00168,BORKOU,0,0,0,1,0,1,0,1
00169,BORKOU,0,0,1,0,0,1,1,0
00170,BORKOU,1,1,0,1,1,1,0,1
00171,BORKOU,1,1,0,0,0,0,1,0
00172,BORKOU,0,1,0,0,1,0,1,0
00173,BORKOU,0,1,1,0,0,1,0,0
00174,BORKOU,0,1,1,0,1,0,1,0
00175,BORKOU,1,0,1,0,0,0,0,0
00176,BORKOU,0,0,0,1,1,0,0,0
00177,BORKOU,0,1,0,0,0,0,1,0
00178,BORKOU,1,1,0,0,0,0,0,1
00179,BORKOU,0,1,0,0,0,1,0,0
00180,BORKOU,0,1,0,0,0,0,0,0
00181,BORKOU,0,1,0,0,0,0,0,0
00182,BORKOU,0,1,0,0,1,1,0,0
00183,BORKOU,0,1,0,0,0,0,0,0
00184,BORKOU,0,1,0,0,0,0,0,1
00185,BORKOU,0,1,0,0,0,0,0,1
00186,BORKOU,0,1,0,0,0,1,1,1
00187,BORKOU,0,1,0,0,0,0,0,0
00188,BORKOU,0,1,0,0,0,1,0,0
00189,BORKOU,0,1,0,0,1,1,0,0
00190,BORKOU,0,1,0,0,0,1,1,1
00191,BORKOU,0,0,0,0,0,0,0,1
00192,BORKOU,1,1,0,1,0,0,0,0
00193,BORKOU,0,1,1,1,0,1,0,1
00194,BORKOU,0,1,0,0,0,0,0,0
00195,BORKOU,1,0,0,0,1,0,0,0
00196,BORKOU,0,1,0,0,0,0,0,0
00197,BORKOU,0,1,0,0,0,0,0,0
00198,BORKOU,1,0,0,0,1,0,0,0
00199,BORKOU,0,1,0,0,0,1,0,0
00200,BORKOU,0,0,0,0,0,1,0,0
00201,BORKOU,0,1,0,0,0,0,0,0
00202,BORKOU,0,1,0,0,0,0,1,0
00203,BORKOU,0,1,0,0,0,1,0,1
00204,BORKOU,0,0,1,0,0,0,0,0
00205,BORKOU,0,1,0,0,0,0,0,0
00206,BORKOU,1,1,1,0,0,0,0,1
00207,BORKOU,0,1,1,1,1,1,0,0
00208,BORKOU,0,0,1,0,0,0,0,1
00209,BORKOU,0,0,1,1,0,0,1,1
00210,BORKOU,0,0,0,0,0,0,0,0
00211,BORKOU,1,1,0,0,0,0,0,1
00212,BORKOU,1,1,0,0,1,0,0,1
00213,BORKOU,0,1,0,0,0,0,0,0
00214,BORKOU,0,1,1,0,1,1,0,1
00215,BORKOU,1,1,0,0,0,0,0,0
00216,BORKOU,0,1,0,0,0,1,0,1
00217,BORKOU,0,1,0,0,0,0,0,0
00218,BORKOU,1,1,0,0,1,1,1,0
00219,BORKOU,0,1,0,0,0,1,1,0
00220,BORKOU,1,1,0,1,1,1,0,0
00221,BORKOU,0,1,0,0,1,0,0,0
00222,BORKOU,0,0,0,0,0,1,0,1
00223,BORKOU,1,0,1,0,0,0,0,1
00224,BORKOU,0,1,0,0,1,0,0,1
00225,BORKOU,0,1,0,1,1,0,0,0
00226,BORKOU,0,1,0,0,1,0,0,0
00227,BORKOU,0,0,0,1,0,1,0,0
00228,BORKOU,0,1,0,0,0,0,1,1
00229,BORKOU,0,0,1,0,0,1,0,0
00230,BORKOU,0,0,0,1,1,1,1,1
00231,BORKOU,0,0,0,0,0,1,0,0
00232,BORKOU,1,1,0,1,1,0,0,0
00233,BORKOU,0,1,0,0,1,1,0,0
00234,BORKOU,0,0,0,1,1,1,0,1
00235,BORKOU,0,0,1,0,0,1,1,1
00236,BORKOU,0,1,1,0,0,0,0,1
00237,BORKOU,1,1,0,0,0,0,0,1
00238,BORKOU,0,1,0,0,0,0,0,0
00239,BORKOU,1,1,0,0,1,1,0,1
00240,BORKOU,1,1,0,1,0,0,0,0
00241,BORKOU,0,0,0,0,0,0,0,1
00242,BORKOU,0,1,0,0,0,0,0,0
00243,BORKOU,1,1,0,0,1,0,0,0
00244,BORKOU,1,0,0,1,0,0,0,0
00245,BORKOU,1,1,0,0,0,0,0,0
00246,BORKOU,0,1,0,0,1,0,0,0
00247,BORKOU,0,1,1,0,0,0,0,1
00248,BORKOU,0,1,0,0,0,0,0,0
00249,BORKOU,1,1,0,0,1,1,0,1
00250,BORKOU,0,0,0,0,0,0,0,0
00251,BORKOU,0,1,0,0,0,1,1,0
00252,BORKOU,0,0,0,0,1,0,0,1
00253,BORKOU,1,0,0,0,0,0,0,1
00254,BORKOU,1,1,0,0,0,0,0,1
00255,BORKOU,1,1,0,0,0,0,1,0
00256,BORKOU,0,1,0,0,0,0,1,0
00257,BORKOU,0,1,0,1,1,0,1,1
00258,BORKOU,0,0,0,0,0,1,0,0
00259,BORKOU,1,1,0,0,0,1,1,1
00260,BORKOU,1,1,1,1,0,1,1,0
00261,BORKOU,1,1,0,0,0,0,0,0
00262,BORKOU,1,1,1,1,1,0,0,0
00263,BORKOU,1,0,0,0,0,0,0,1
00264,BORKOU,1,1,1,0,1,1,0,1
00265,BORKOU,1,1,0,0,0,1,0,0
00266,BORKOU,0,1,0,0,0,0,0,0
00267,BORKOU,0,0,1,1,1,0,0,1
00268,BORKOU,0,0,0,0,1,0,0,0
00269,BORKOU,1,1,0,0,0,0,0,0
00270,BORKOU,1,0,1,0,1,1,0,0
00271,BORKOU,1,1,0,0,0,0,1,0
00272,BORKOU,1,0,0,1,1,0,0,0
00273,BORKOU,1,1,0,0,0,0,0,0
00274,BORKOU,1,1,1,0,1,1,0,0
00275,BORKOU,1,1,0,0,0,0,0,1
00276,BORKOU,1,0,0,0,0,0,0,0
00277,BORKOU,1,1,1,0,1,0,1,0
00278,BORKOU,1,1,0,0,0,0,0,0
00279,BORKOU,1,1,0,1,1,1,1,0
00280,BORKOU,1,1,0,0,0,0,1,1
00281,BORKOU,1,1,0,0,1,0,0,0
00282,BORKOU,0,0,0,0,0,1,0,0
00283,BORKOU,1,1,0,0,0,0,1,0
00284,BORKOU,0,1,0,0,0,0,0,0
00285,BORKOU,1,0,1,0,0,0,0,0
00286,BORKOU,1,1,0,0,0,1,0,0
00287,BORKOU,0,1,0,0,0,0,1,1
00288,BORKOU,1,1,1,0,0,0,0,0
00289,BORKOU,0,1,0,0,0,1,0,0
00290,BORKOU,1,0,0,0,0,1,0,0
00291,BORKOU,1,1,0,0,0,0,0,0
00292,BORKOU,1,0,0,0,1,0,0,0
00293,BORKOU,1,1,0,0,0,1,0,0
00294,BORKOU,1,1,0,0,0,0,0,1
00295,BORKOU,0,0,0,0,0,0,0,0
00296,BORKOU,1,1,0,0,1,0,0,0
00297,BORKOU,0,1,0,0,0,0,0,0
00298,BORKOU,0,0,0,0,0,0,0,0
00299,BORKOU,0,0,0,0,0,1,0,0
00300,BORKOU,1,0,0,0,0,0,0,0
00301,BORKOU,0,1,0,0,1,0,0,0
00302,BORKOU,1,0,0,0,0,1,0,1
00303,BORKOU,0,1,0,0,0,1,0,0
00304,BORKOU,1,0,0,0,0,0,0,1
00305,BORKOU,1,1,0,0,0,1,1,1
00306,BORKOU,1,0,0,1,0,0,0,0
00307,BORKOU,0,1,1,0,0,0,0,1
00308,BORKOU,0,0,0,1,1,0,0,0
00309,BORKOU,1,1,0,0,0,0,0,1
00310,BORKOU,0,1,0,0,0,0,0,0
00311,BORKOU,1,1,0,0,1,0,0,1
00312,BORKOU,0,1,0,1,1,0,0,0
00313,BORKOU,0,1,0,0,1,0,0,0
00314,BORKOU,0,1,0,0,0,0,0,0
00315,BORKOU,1,0,0,0,0,1,0,1
00316,BORKOU,0,0,0,0,1,0,0,0
00317,BORKOU,1,1,0,1,1,1,1,1
00318,BORKOU,1,0,0,0,0,0,0,0
00319,BORKOU,1,1,0,0,0,0,0,0
00320,BORKOU,1,1,0,0,0,0,0,1
00321,BORKOU,1,1,1,0,0,1,0,1
00322,BORKOU,1,1,0,0,0,0,0,0
00323,BORKOU,1,1,0,0,0,0,0,0
00324,CHARI_BAGUIRMI,1,1,0,1,1,0,0,1
00325,CHARI_BAGUIRMI,0,1,0,0,1,0,0,1
00326,CHARI_BAGUIRMI,0,0,0,0,1,0,0,0
00327,CHARI_BAGUIRMI,0,1,0,0,0,0,0,0
00328,CHARI_BAGUIRMI,0,0,1,0,0,0,0,0
00329,CHARI_BAGUIRMI,0,0,0,0,0,0,0,0
00330,CHARI_BAGUIRMI,0,1,1,0,0,0,1,0
00331,CHARI_BAGUIRMI,0,1,0,0,0,0,0,0
00332,CHARI_BAGUIRMI,0,0,1,1,0,1,0,0
00333,CHARI_BAGUIRMI,0,1,1,0,0,1,1,1
00334,CHARI_BAGUIRMI,0,1,0,1,0,1,0,1
00335,CHARI_BAGUIRMI,1,1,0,0,0,0,1,1
00336,CHARI_BAGUIRMI,0,0,0,0,0,1,0,0
00337,CHARI_BAGUIRMI,0,1,0,0,0,0,0,0
00338,CHARI_BAGUIRMI,1,1,0,0,0,1,0,0
00339,CHARI_BAGUIRMI,0,0,0,1,0,1,0,0
00340,CHARI_BAGUIRMI,0,0,1,0,0,0,0,0
00341,CHARI_BAGUIRMI,0,1,0,0,1,0,1,1
00342,CHARI_BAGUIRMI,0,0,0,0,0,0,0,0
00343,CHARI_BAGUIRMI,1,0,0,1,1,0,0,0
00344,CHARI_BAGUIRMI,0,1,0,1,1,0,0,1
00345,CHARI_BAGUIRMI,0,1,0,0,0,1,0,1
00346,CHARI_BAGUIRMI,0,0,0,0,0,0,0,0
00347,CHARI_BAGUIRMI,0,1,0,1,1,1,0,0
00348,CHARI_BAGUIRMI,1,0,0,0,0,1,0,0
00349,CHARI_BAGUIRMI,0,0,1,1,1,0,0,0
00350,CHARI_BAGUIRMI,0,1,0,0,0,1,0,1
00351,CHARI_BAGUIRMI,1,1,0,0,0,0,0,1
00352,CHARI_BAGUIRMI,0,1,0,0,0,0,0,0
00353,CHARI_BAGUIRMI,0,0,1,0,0,0,0,1
00354,CHARI_BAGUIRMI,0,0,0,0,0,0,0,0
00355,CHARI_BAGUIRMI,0,1,0,0,1,0,1,1
00356,CHARI_BAGUIRMI,0,1,1,1,0,1,0,1
00357,CHARI_BAGUIRMI,0,0,0,0,0,1,0,1
00358,CHARI_BAGUIRMI,1,0,0,0,0,0,1,0
00359,CHARI_BAGUIRMI,0,0,0,0,0,0,0,1
00360,CHARI_BAGUIRMI,0,0,0,0,0,1,0,0
00361,CHARI_BAGUIRMI,1,1,0,0,0,1,1,0
00362,CHARI_BAGUIRMI,0,1,0,0,0,1,0,0
00363,CHARI_BAGUIRMI,0,1,0,0,1,0,0,0
00364,CHARI_BAGUIRMI,0,1,0,0,0,1,0,0
00365,CHARI_BAGUIRMI,0,1,0,0,1,1,0,0
00366,CHARI_BAGUIRMI,0,1,0,0,0,1,0,0
00367,CHARI_BAGUIRMI,0,1,1,0,1,0,0,1
00368,CHARI_BAGUIRMI,0,1,1,0,1,0,0,0
00369,CHARI_BAGUIRMI,1,0,0,0,0,0,0,1
00370,CHARI_BAGUIRMI,0,0,1,0,0,0,0,0
00371,CHARI_BAGUIRMI,0,1,0,1,0,0,0,1
00372,CHARI_BAGUIRMI,0,0,0,1,0,0,0,0
00373,CHARI_BAGUIRMI,1,1,1,0,0,0,1,0
00374,CHARI_BAGUIRMI,1,1,0,0,0,1,0,0
00375,CHARI_BAGUIRMI,0,1,1,1,1,0,0,0
00376,CHARI_BAGUIRMI,0,1,0,0,1,0,0,0
00377,CHARI_BAGUIRMI,1,1,0,1,1,1,1,1
00378,CHARI_BAGUIRMI,0,0,0,0,0,0,0,0
00379,CHARI_BAGUIRMI,0,1,0,0,0,0,0,0
00380,CHARI_BAGUIRMI,1,1,0,0,0,1,0,0
00381,CHARI_BAGUIRMI,0,1,0,0,0,1,0,0
00382,CHARI_BAGUIRMI,0,1,0,0,0,0,0,0
00383,CHARI_BAGUIRMI,0,1,0,0,0,1,0,1
00384,CHARI_BAGUIRMI,1,1,1,0,0,0,1,0
00385,CHARI_BAGUIRMI,1,1,1,1,1,0,0,1
00386,CHARI_BAGUIRMI,1,0,0,1,1,0,0,1
00387,CHARI_BAGUIRMI,0,0,0,1,0,0,0,1
00388,CHARI_BAGUIRMI,0,1,0,0,0,0,0,0
00389,CHARI_BAGUIRMI,1,0,0,0,0,1,0,0
00390,CHARI_BAGUIRMI,1,1,1,1,1,1,0,1
00391,CHARI_BAGUIRMI,0,0,0,0,1,0,0,0
00392,CHARI_BAGUIRMI,0,0,1,0,1,0,0,0
00393,CHARI_BAGUIRMI,0,1,0,0,0,0,0,0
00394,CHARI_BAGUIRMI,1,0,0,1,1,1,0,1
00395,CHARI_BAGUIRMI,0,1,0,0,0,0,1,0
00396,CHARI_BAGUIRMI,1,1,0,0,0,0,0,0
00397,CHARI_BAGUIRMI,0,1,0,0,0,1,0,1
00398,CHARI_BAGUIRMI,0,1,0,0,1,0,0,0
00399,CHARI_BAGUIRMI,0,1,0,1,0,1,1,0
00400,CHARI_BAGUIRMI,0,1,0,1,0,0,0,1
00401,CHARI_BAGUIRMI,0,0,0,0,0,0,0,0
00402,CHARI_BAGUIRMI,0,0,0,1,1,1,0,1
00403,CHARI_BAGUIRMI,0,1,0,0,0,1,0,0
00404,CHARI_BAGUIRMI,1,0,0,0,1,0,0,1
00405,CHARI_BAGUIRMI,0,0,0,0,0,0,0,0
00406,CHARI_BAGUIRMI,0,1,0,0,0,0,0,1
00407,CHARI_BAGUIRMI,1,1,0,1,1,0,0,0
00408,CHARI_BAGUIRMI,1,1,0,1,0,1,0,0
00409,CHARI_BAGUIRMI,0,0,0,1,0,0,0,0
00410,CHARI_BAGUIRMI,0,1,0,0,0,1,0,0
00411,CHARI_BAGUIRMI,0,1,0,0,0,0,0,1
00412,CHARI_BAGUIRMI,0,1,0,0,1,0,0,0
00413,CHARI_BAGUIRMI,1,1,0,0,0,0,0,1
00414,CHARI_BAGUIRMI,1,1,0,0,1,1,0,0
00415,CHARI_BAGUIRMI,0,0,0,0,0,0,0,0
00416,CHARI_BAGUIRMI,1,1,0,0,0,1,0,0
00417,CHARI_BAGUIRMI,0,0,0,0,0,1,0,0
00418,CHARI_BAGUIRMI,0,0,0,0,0,0,0,0
00419,CHARI_BAGUIRMI,1,1,0,0,0,1,0,0
00420,CHARI_BAGUIRMI,0,1,0,1,0,1,0,0
00421,CHARI_BAGUIRMI,1,1,0,0,0,0,0,1
00422,CHARI_BAGUIRMI,1,1,0,1,0,0,0,0
00423,CHARI_BAGUIRMI,0,1,0,0,0,0,0,0
00424,CHARI_BAGUIRMI,0,0,0,1,1,0,0,0
00425,CHARI_BAGUIRMI,0,0,0,1,1,1,0,0
00426,CHARI_BAGUIRMI,0,0,1,1,0,0,0,0
00427,CHARI_BAGUIRMI,1,1,0,0,0,0,0,1
00428,CHARI_BAGUIRMI,0,1,0,1,1,0,0,0
00429,CHARI_BAGUIRMI,0,1,0,0,0,0,0,0
00430,CHARI_BAGUIRMI,0,0,0,1,0,0,0,0
00431,CHARI_BAGUIRMI,0,0,0,0,0,1,0,0
00432,CHARI_BAGUIRMI,1,0,0,0,0,0,1,1
00433,CHARI_BAGUIRMI,0,1,0,0,1,1,0,0
00434,CHARI_BAGUIRMI,0,1,1,0,1,0,1,0
00435,CHARI_BAGUIRMI,1,1,0,0,0,1,0,0
00436,CHARI_BAGUIRMI,0,0,0,1,0,1,0,0
00437,CHARI_BAGUIRMI,0,1,0,0,0,1,0,0
00438,CHARI_BAGUIRMI,0,1,0,0,1,0,0,0
00439,CHARI_BAGUIRMI,0,0,0,1,0,1,1,0
00440,CHARI_BAGUIRMI,0,1,0,0,0,0,0,1
00441,CHARI_BAGUIRMI,0,1,0,0,0,1,0,0
00442,CHARI_BAGUIRMI,0,1,0,0,0,0,0,0
00443,CHARI_BAGUIRMI,1,1,0,0,1,0,1,0
00444,CHARI_BAGUIRMI,1,1,1,0,1,0,0,0
00445,CHARI_BAGUIRMI,1,1,0,1,1,0,0,1
00446,CHARI_BAGUIRMI,1,1,0,0,0,1,1,1
00447,CHARI_BAGUIRMI,0,0,0,0,1,0,0,1
00448,CHARI_BAGUIRMI,0,1,0,0,1,0,0,1
00449,CHARI_BAGUIRMI,0,1,0,0,1,0,0,0
00450,CHARI_BAGUIRMI,0,1,0,1,1,1,0,0
00451,CHARI_BAGUIRMI,1,0,0,0,0,0,0,0
00452,CHARI_BAGUIRMI,1,1,0,0,1,0,0,0
00453,CHARI_BAGUIRMI,1,1,0,0,0,0,0,0
00454,CHARI_BAGUIRMI,1,0,0,1,1,0,0,0
00455,CHARI_BAGUIRMI,0,1,0,0,0,0,0,0
00456,CHARI_BAGUIRMI,1,1,0,0,0,0,0,0
00457,CHARI_BAGUIRMI,0,0,0,1,0,0,0,0
00458,CHARI_BAGUIRMI,1,1,1,0,1,0,0,1
00459,CHARI_BAGUIRMI,0,1,0,0,0,0,0,0
00460,CHARI_BAGUIRMI,0,0,0,1,0,1,0,0
00461,CHARI_BAGUIRMI,0,1,0,0,0,0,1,0
00462,CHARI_BAGUIRMI,1,1,0,0,0,0,0,1
00463,CHARI_BAGUIRMI,1,1,0,1,0,1,0,1
00464,CHARI_BAGUIRMI,1,1,0,0,0,0,0,0
00465,CHARI_BAGUIRMI,1,1,0,1,1,1,0,0
00466,CHARI_BAGUIRMI,0,0,0,0,0,0,0,1
00467,CHARI_BAGUIRMI,0,1,0,0,0,0,0,0
00468,CHARI_BAGUIRMI,1,1,0,0,0,0,0,1
00469,CHARI_BAGUIRMI,0,0,0,1,0,0,0,0
00470,CHARI_BAGUIRMI,0,1,0,0,0,0,0,0
00471,CHARI_BAGUIRMI,0,0,0,1,1,0,0,1
00472,CHARI_BAGUIRMI,1,1,0,1,0,1,1,0
00473,CHARI_BAGUIRMI,1,1,0,0,0,1,0,0
00474,CHARI_BAGUIRMI,0,1,1,0,0,0,1,1
00475,CHARI_BAGUIRMI,0,1,0,0,0,0,0,0
00476,CHARI_BAGUIRMI,0,0,0,0,0,1,0,1
00477,CHARI_BAGUIRMI,0,0,0,0,0,0,0,1
00478,CHARI_BAGUIRMI,0,1,0,0,0,0,0,1
00479,CHARI_BAGUIRMI,0,1,0,0,0,0,0,1
00480,CHARI_BAGUIRMI,0,1,0,0,1,1,0,0
00481,CHARI_BAGUIRMI,0,0,0,0,1,0,0,0
00482,CHARI_BAGUIRMI,0,0,0,0,0,1,0,0
00483,CHARI_BAGUIRMI,0,1,0,0,0,1,0,1
00484,CHARI_BAGUIRMI,1,1,0,0,1,1,0,0
00485,CHARI_BAGUIRMI,1,1,0,0,0,1,1,1
00486,ENNEDI_EST,0,1,0,0,0,0,0,0
00487,ENNEDI_EST,0,1,0,0,0,1,0,1
00488,ENNEDI_EST,0,0,0,0,0,0,0,0
00489,ENNEDI_EST,1,0,0,0,1,1,0,1
00490,ENNEDI_EST,1,1,0,1,1,0,0,1
00491,ENNEDI_EST,0,1,0,0,1,1,0,1
00492,ENNEDI_EST,1,1,1,1,1,0,0,1
00493,ENNEDI_EST,0,0,0,0,0,0,0,0
00494,ENNEDI_EST,0,1,1,0,1,1,1,0
00495,ENNEDI_EST,0,1,1,1,0,0,0,0
00496,ENNEDI_EST,1,0,0,1,0,0,0,0
00497,ENNEDI_EST,0,1,0,0,0,1,0,0
00498,ENNEDI_EST,1,1,0,0,0,0,0,1
00499,ENNEDI_EST,0,1,0,0,0,0,1,0
00500,ENNEDI_EST,0,0,0,1,0,1,0,0
00501,ENNEDI_EST,0,0,0,0,0,0,0,0
00502,ENNEDI_EST,0,1,0,1,0,0,1,0
00503,ENNEDI_EST,0,1,0,1,0,1,0,1
00504,ENNEDI_EST,0,1,0,0,0,0,1,0
00505,ENNEDI_EST,0,0,0,1,0,1,0,0
00506,ENNEDI_EST,1,1,0,0,0,0,0,1
00507,ENNEDI_EST,0,0,0,0,0,0,0,1
00508,ENNEDI_EST,0,0,0,0,0,0,0,1
00509,ENNEDI_EST,0,1,0,0,1,0,0,0
00510,ENNEDI_EST,0,1,1,0,0,0,0,1
00511,ENNEDI_EST,1,0,0,1,0,1,0,1
00512,ENNEDI_EST,1,1,1,0,1,0,1,0
00513,ENNEDI_EST,1,1,0,0,0,0,0,0
00514,ENNEDI_EST,0,0,0,0,0,0,0,0
00515,ENNEDI_EST,0,1,0,0,0,0,0,0
00516,ENNEDI_EST,0,0,0,0,0,0,0,0
00517,ENNEDI_EST,1,0,0,0,0,0,1,0
00518,ENNEDI_EST,0,1,0,0,0,0,0,1
00519,ENNEDI_EST,1,1,0,0,0,0,0,0
00520,ENNEDI_EST,0,1,0,1,0,0,0,0
00521,ENNEDI_EST,0,1,0,0,0,0,0,0
00522,ENNEDI_EST,0,1,0,0,0,1,0,0
00523,ENNEDI_EST,0,1,0,0,0,0,0,1
00524,ENNEDI_EST,0,1,0,0,0,1,0,0
00525,ENNEDI_EST,0,1,1,0,0,0,0,0
00526,ENNEDI_EST,0,0,1,0,0,0,0,0
00527,ENNEDI_EST,1,0,0,0,0,1,0,1
00528,ENNEDI_EST,0,1,0,0,0,0,0,0
00529,ENNEDI_EST,0,1,0,0,1,1,0,0
00530,ENNEDI_EST,0,0,0,0,1,0,0,0
00531,ENNEDI_EST,1,1,0,0,0,0,0,1
00532,ENNEDI_EST,0,0,0,0,0,0,0,0
00533,ENNEDI_EST,0,1,1,0,0,0,0,0
00534,ENNEDI_EST,0,1,0,0,0,1,0,0
00535,ENNEDI_EST,0,0,0,0,0,1,0,0
00536,ENNEDI_EST,1,0,0,1,1,1,0,1
00537,ENNEDI_EST,0,0,0,0,0,0,0,0
00538,ENNEDI_EST,0,1,0,0,0,0,0,0
00539,ENNEDI_EST,0,1,0,0,1,0,1,0
00540,ENNEDI_EST,0,0,0,0,1,0,0,0
00541,ENNEDI_EST,1,1,0,0,1,0,0,1
00542,ENNEDI_EST,0,0,0,0,1,1,0,0
00543,ENNEDI_EST,0,0,0,1,1,0,0,0
00544,ENNEDI_EST,0,0,0,1,0,1,0,0
00545,ENNEDI_EST,0,1,0,0,0,0,0,0
00546,ENNEDI_EST,0,0,0,1,1,0,0,1
00547,ENNEDI_EST,1,1,0,1,0,1,0,0
00548,ENNEDI_EST,1,1,0,0,0,1,0,1
00549,ENNEDI_EST,0,0,0,1,0,0,0,0
00550,ENNEDI_EST,0,1,0,0,0,1,0,0
00551,ENNEDI_EST,1,1,0,0,0,0,0,0
00552,ENNEDI_EST,0,0,0,0,1,0,0,0
00553,ENNEDI_EST,0,1,0,0,1,1,0,0
00554,ENNEDI_EST,0,0,0,0,0,0,0,0
00555,ENNEDI_EST,1,1,0,1,0,0,0,1
00556,ENNEDI_EST,0,1,0,0,0,0,0,0
00557,ENNEDI_EST,1,1,0,0,0,1,0,0
00558,ENNEDI_EST,0,1,0,1,1,1,0,1
00559,ENNEDI_EST,0,0,0,0,0,0,0,1
00560,ENNEDI_EST,0,0,0,0,0,0,0,0
00561,ENNEDI_EST,0,1,0,0,0,0,0,0
00562,ENNEDI_EST,0,1,0,0,0,0,0,0
00563,ENNEDI_EST,1,0,0,0,0,0,1,0
00564,ENNEDI_EST,0,0,0,0,0,0,0,0
00565,ENNEDI_EST,0,0,0,0,0,0,0,0
00566,ENNEDI_EST,0,0,0,0,0,0,1,0
00567,ENNEDI_EST,1,0,0,0,1,0,0,0
00568,ENNEDI_EST,1,0,0,0,1,1,0,1
00569,ENNEDI_EST,0,1,1,0,0,1,0,0
00570,ENNEDI_EST,1,1,1,0,0,1,1,1
00571,ENNEDI_EST,0,0,0,1,1,0,0,0
00572,ENNEDI_EST,0,0,0,0,0,0,0,0
00573,ENNEDI_EST,0,1,0,0,0,0,0,1
00574,ENNEDI_EST,1,1,0,0,1,1,1,0
00575,ENNEDI_EST,1,0,1,0,0,0,0,1
00576,ENNEDI_EST,1,0,0,0,1,0,0,0
00577,ENNEDI_EST,0,0,0,0,0,0,0,0
00578,ENNEDI_EST,0,1,1,1,0,1,0,0
00579,ENNEDI_EST,1,0,0,0,0,1,0,0
00580,ENNEDI_EST,0,0,0,0,0,1,0,0
00581,ENNEDI_EST,0,1,0,0,0,1,0,0
00582,ENNEDI_EST,1,0,0,1,0,1,1,1
00583,ENNEDI_EST,0,0,0,1,0,1,0,0
00584,ENNEDI_EST,0,1,0,0,0,1,0,1
00585,ENNEDI_EST,1,0,0,0,0,1,0,0
00586,ENNEDI_EST,0,0,0,0,0,0,0,1
00587,ENNEDI_EST,1,1,1,0,0,0,0,0
00588,ENNEDI_EST,0,0,0,0,1,0,0,0
00589,ENNEDI_EST,0,0,0,0,0,0,0,0
00590,ENNEDI_EST,1,1,0,0,0,1,0,0
00591,ENNEDI_EST,1,0,0,0,1,0,0,0
00592,ENNEDI_EST,1,1,1,0,0,1,0,0
00593,ENNEDI_EST,1,0,0,0,1,1,0,0
00594,ENNEDI_EST,1,1,0,0,0,0,1,0
00595,ENNEDI_EST,0,0,0,0,0,0,0,0
00596,ENNEDI_EST,1,1,1,0,1,0,0,0
00597,ENNEDI_EST,1,1,0,0,0,1,0,0
00598,ENNEDI_EST,0,1,0,0,1,1,0,1
00599,ENNEDI_EST,1,1,0,0,1,1,0,1
00600,ENNEDI_EST,0,1,0,0,1,1,0,0
00601,ENNEDI_EST,0,1,0,0,0,0,0,0
00602,ENNEDI_EST,1,1,0,1,0,1,0,0
00603,ENNEDI_EST,1,0,0,0,0,1,0,1
00604,ENNEDI_EST,1,1,0,0,0,1,0,0
00605,ENNEDI_EST,0,0,1,0,0,1,0,0
00606,ENNEDI_EST,0,1,0,1,0,1,1,0
00607,ENNEDI_EST,1,0,0,0,1,0,0,0
00608,ENNEDI_EST,1,0,1,0,0,1,1,0
00609,ENNEDI_EST,1,1,0,1,0,1,0,0
00610,ENNEDI_EST,1,0,0,1,1,1,0,0
00611,ENNEDI_EST,0,0,0,0,0,0,0,0
00612,ENNEDI_EST,0,1,1,0,0,0,0,0
00613,ENNEDI_EST,0,0,0,0,0,0,0,0
00614,ENNEDI_EST,1,0,0,0,0,1,0,1
00615,ENNEDI_EST,0,0,0,1,0,0,0,1
00616,ENNEDI_EST,1,1,1,0,0,0,1,0
00617,ENNEDI_EST,0,0,0,1,0,0,0,1
00618,ENNEDI_EST,0,1,0,0,0,0,1,0
00619,ENNEDI_EST,1,1,1,0,1,1,0,0
00620,ENNEDI_EST,0,0,0,0,0,0,0,1
00621,ENNEDI_EST,0,0,0,0,0,0,0,0
00622,ENNEDI_EST,1,0,0,0,0,0,0,1
00623,ENNEDI_EST,1,1,0,0,0,1,0,1
00624,ENNEDI_EST,1,1,0,0,1,0,0,1
00625,ENNEDI_EST,0,1,0,0,0,0,0,0
00626,ENNEDI_EST,1,0,0,0,0,1,0,0
00627,ENNEDI_EST,0,0,0,0,0,0,0,0
00628,ENNEDI_EST,1,1,0,0,1,1,0,1
00629,ENNEDI_EST,1,0,1,0,0,0,0,0
00630,ENNEDI_EST,1,0,0,0,0,1,0,0
00631,ENNEDI_EST,0,1,0,0,0,1,0,0
00632,ENNEDI_EST,0,1,0,0,0,0,0,0
00633,ENNEDI_EST,1,1,0,1,0,1,1,0
00634,ENNEDI_EST,1,1,0,0,0,1,0,0
00635,ENNEDI_EST,1,0,0,0,0,0,1,0
00636,ENNEDI_EST,0,0,0,0,0,0,0,0
00637,ENNEDI_EST,0,0,0,0,0,0,0,0
00638,ENNEDI_EST,0,0,0,1,0,1,0,0
00639,ENNEDI_EST,0,0,0,0,0,0,0,1
00640,ENNEDI_EST,1,1,0,0,1,0,0,1
00641,ENNEDI_EST,0,1,0,0,0,1,0,0
00642,ENNEDI_EST,1,1,0,0,0,0,0,1
00643,ENNEDI_EST,0,1,0,0,0,1,1,0
00644,ENNEDI_EST,0,0,0,0,0,0,0,0
00645,ENNEDI_EST,1,0,0,0,0,0,0,0
00646,ENNEDI_EST,1,1,1,0,0,0,0,0
00647,ENNEDI_EST,1,1,0,0,1,0,0,1
00648,ENNEDI_EST,0,1,0,0,0,0,0,0
00649,ENNEDI_EST,0,1,0,0,0,0,0,0
00650,ENNEDI_OUEST,0,1,1,0,0,1,0,1
00651,ENNEDI_OUEST,1,1,0,1,0,1,0,0
00652,ENNEDI_OUEST,0,0,0,0,0,0,0,0
00653,ENNEDI_OUEST,0,1,1,0,1,0,0,0
00654,ENNEDI_OUEST,0,0,0,0,0,0,0,0
00655,ENNEDI_OUEST,0,1,1,0,0,1,0,0
00656,ENNEDI_OUEST,0,0,0,0,1,1,0,1
00657,ENNEDI_OUEST,1,1,0,0,1,0,0,0
00658,ENNEDI_OUEST,0,1,0,1,1,1,0,0
00659,ENNEDI_OUEST,0,0,0,0,0,1,0,0
00660,ENNEDI_OUEST,0,1,0,0,0,0,0,0
00661,ENNEDI_OUEST,0,1,0,1,1,1,0,0
00662,ENNEDI_OUEST,0,1,0,0,0,0,1,0
00663,ENNEDI_OUEST,0,0,0,0,0,0,0,0
00664,ENNEDI_OUEST,0,0,0,1,0,1,0,1
00665,ENNEDI_OUEST,1,0,0,0,1,0,0,1
00666,ENNEDI_OUEST,0,1,0,0,1,1,0,0
00667,ENNEDI_OUEST,1,0,1,0,0,1,0,0
00668,ENNEDI_OUEST,0,0,0,0,0,1,0,0
00669,ENNEDI_OUEST,0,1,0,1,0,1,0,1
00670,ENNEDI_OUEST,1,1,0,0,0,0,0,1
00671,ENNEDI_OUEST,0,1,0,0,0,0,0,0
00672,ENNEDI_OUEST,0,1,0,0,0,0,0,0
00673,ENNEDI_OUEST,0,1,0,0,0,0,0,0
00674,ENNEDI_OUEST,0,1,0,0,0,0,1,1
00675,ENNEDI_OUEST,0,0,0,1,0,1,0,0
00676,ENNEDI_OUEST,0,1,0,0,0,0,0,0
00677,ENNEDI_OUEST,0,1,0,0,0,0,0,1
00678,ENNEDI_OUEST,0,0,0,0,0,0,0,0
00679,ENNEDI_OUEST,0,1,0,0,0,1,0,0
00680,ENNEDI_OUEST,1,1,0,1,0,1,0,1
00681,ENNEDI_OUEST,1,0,0,0,0,0,0,0
00682,ENNEDI_OUEST,0,0,1,0,1,0,0,0
00683,ENNEDI_OUEST,1,1,0,0,0,0,1,0
00684,ENNEDI_OUEST,0,0,0,0,0,0,1,0
00685,ENNEDI_OUEST,0,1,0,0,1,0,0,0
00686,ENNEDI_OUEST,0,0,0,0,0,0,0,0
00687,ENNEDI_OUEST,0,0,0,0,0,0,0,0
00688,ENNEDI_OUEST,0,1,0,0,0,0,0,0
00689,ENNEDI_OUEST,1,1,1,0,0,1,0,0
00690,ENNEDI_OUEST,0,1,0,0,0,1,0,0
00691,ENNEDI_OUEST,0,1,0,1,0,0,1,0
00692,ENNEDI_OUEST,0,0,0,0,1,1,0,0
00693,ENNEDI_OUEST,0,1,0,1,1,1,0,1
00694,ENNEDI_OUEST,0,1,0,1,0,0,0,1
00695,ENNEDI_OUEST,0,0,0,1,1,1,0,0
00696,ENNEDI_OUEST,1,1,0,0,0,0,0,0
00697,ENNEDI_OUEST,0,0,0,1,0,1,0,0
00698,ENNEDI_OUEST,0,1,1,0,0,0,0,0
00699,ENNEDI_OUEST,1,1,0,0,1,1,0,0
00700,ENNEDI_OUEST,0,0,0,0,0,1,0,1
00701,ENNEDI_OUEST,0,1,1,0,1,1,0,0
00702,ENNEDI_OUEST,1,1,0,0,1,1,0,1
00703,ENNEDI_OUEST,0,1,0,0,1,0,0,0
00704,ENNEDI_OUEST,0,1,0,0,0,0,0,0
00705,ENNEDI_OUEST,0,0,0,0,0,0,0,0
00706,ENNEDI_OUEST,0,0,0,0,0,0,0,1
00707,ENNEDI_OUEST,0,1,0,0,0,1,0,1
00708,ENNEDI_OUEST,1,0,0,0,1,0,0,0
00709,ENNEDI_OUEST,0,0,0,1,1,0,0,1
00710,ENNEDI_OUEST,0,1,0,0,0,0,0,0
00711,ENNEDI_OUEST,0,0,0,1,1,0,0,0
00712,ENNEDI_OUEST,0,1,0,0,0,0,0,0
00713,ENNEDI_OUEST,0,0,0,1,0,0,0,0
00714,ENNEDI_OUEST,0,0,0,0,0,0,0,1
00715,ENNEDI_OUEST,1,1,1,0,0,1,0,0
00716,ENNEDI_OUEST,0,1,0,0,0,0,1,0
00717,ENNEDI_OUEST,0,1,0,0,0,0,0,1
00718,ENNEDI_OUEST,0,0,1,0,1,1,1,1
00719,ENNEDI_OUEST,0,1,0,1,0,1,1,0
00720,ENNEDI_OUEST,1,1,0,1,1,1,0,0
00721,ENNEDI_OUEST,1,0,0,0,0,1,0,1
00722,ENNEDI_OUEST,1,0,0,0,1,1,0,0
00723,ENNEDI_OUEST,1,0,0,0,0,1,0,0
00724,ENNEDI_OUEST,0,0,0,0,0,0,0,0
00725,ENNEDI_OUEST,1,1,0,0,1,1,0,1
00726,ENNEDI_OUEST,0,0,0,1,0,0,0,1
00727,ENNEDI_OUEST,0,1,0,0,0,0,0,0
00728,ENNEDI_OUEST,0,0,0,0,0,0,0,1
00729,ENNEDI_OUEST,0,1,1,0,0,0,0,0
00730,ENNEDI_OUEST,1,0,0,0,1,1,0,0
00731,ENNEDI_OUEST,0,1,0,1,1,1,0,0
00732,ENNEDI_OUEST,0,1,0,0,0,0,1,0
00733,ENNEDI_OUEST,0,1,0,0,0,1,0,0
00734,ENNEDI_OUEST,0,0,0,0,0,1,0,0
00735,ENNEDI_OUEST,1,0,0,1,0,0,0,0
00736,ENNEDI_OUEST,0,1,0,0,1,0,1,0
00737,ENNEDI_OUEST,0,0,0,1,0,0,0,1
00738,ENNEDI_OUEST,0,1,0,0,0,0,0,1
00739,ENNEDI_OUEST,0,1,0,0,0,1,1,1
00740,ENNEDI_OUEST,0,0,0,0,0,0,0,0
00741,ENNEDI_OUEST,0,0,0,0,0,0,0,0
00742,ENNEDI_OUEST,1,1,0,0,0,0,0,1
00743,ENNEDI_OUEST,0,0,0,0,0,0,0,1
00744,ENNEDI_OUEST,0,0,0,0,0,0,0,0
00745,ENNEDI_OUEST,0,0,0,0,0,0,0,0
00746,ENNEDI_OUEST,0,1,0,0,0,0,0,0
00747,ENNEDI_OUEST,0,1,0,0,0,0,0,1
00748,ENNEDI_OUEST,0,1,0,0,0,0,0,0
00749,ENNEDI_OUEST,0,1,0,0,0,1,0,0
00750,ENNEDI_OUEST,0,1,0,0,0,0,0,0
00751,ENNEDI_OUEST,0,1,0,1,0,1,0,0
00752,ENNEDI_OUEST,0,0,1,0,0,0,1,0
00753,ENNEDI_OUEST,0,0,1,0,0,0,0,0
00754,ENNEDI_OUEST,0,0,0,0,0,0,0,1
00755,ENNEDI_OUEST,1,0,1,0,1,1,0,1
00756,ENNEDI_OUEST,1,0,0,0,0,0,0,0
00757,ENNEDI_OUEST,1,1,0,0,0,1,0,0
00758,ENNEDI_OUEST,1,1,0,1,0,0,0,0
00759,ENNEDI_OUEST,1,1,0,0,0,1,1,1
00760,ENNEDI_OUEST,0,1,0,0,0,0,0,0
00761,ENNEDI_OUEST,0,0,0,0,0,0,0,0
00762,ENNEDI_OUEST,0,1,0,0,1,0,0,1
00763,ENNEDI_OUEST,1,1,0,0,0,0,0,1
00764,ENNEDI_OUEST,0,1,1,0,1,0,0,1
00765,ENNEDI_OUEST,0,1,0,0,1,1,0,0
00766,ENNEDI_OUEST,1,1,0,1,1,1,1,1
00767,ENNEDI_OUEST,1,0,0,1,0,0,0,1
00768,ENNEDI_OUEST,0,1,0,0,0,1,0,0
00769,ENNEDI_OUEST,0,0,0,0,0,1,0,0
00770,ENNEDI_OUEST,1,0,0,0,0,0,0,0
00771,ENNEDI_OUEST,1,1,0,0,0,0,0,1
00772,ENNEDI_OUEST,1,1,1,0,1,1,0,0
00773,ENNEDI_OUEST,1,0,0,0,0,0,0,0
00774,ENNEDI_OUEST,1,1,0,0,0,1,1,0
00775,ENNEDI_OUEST,1,1,0,0,0,1,0,0
00776,ENNEDI_OUEST,1,1,0,1,1,1,0,0
00777,ENNEDI_OUEST,1,0,0,0,0,0,0,0
00778,ENNEDI_OUEST,0,1,0,1,1,0,0,1
00779,ENNEDI_OUEST,0,1,0,0,0,0,0,1
00780,ENNEDI_OUEST,1,1,0,0,1,0,1,1
00781,ENNEDI_OUEST,1,1,0,0,0,0,1,1
00782,ENNEDI_OUEST,1,0,0,0,0,0,0,0
00783,ENNEDI_OUEST,1,1,1,0,1,0,0,0
00784,ENNEDI_OUEST,1,1,0,0,0,1,0,0
00785,ENNEDI_OUEST,1,1,0,1,0,1,0,1
00786,ENNEDI_OUEST,1,1,0,0,1,0,0,0
00787,ENNEDI_OUEST,1,0,0,0,0,1,1,1
00788,ENNEDI_OUEST,0,1,1,0,0,0,0,0
00789,ENNEDI_OUEST,1,0,0,0,0,0,0,1
00790,ENNEDI_OUEST,0,1,0,0,0,0,0,0
00791,ENNEDI_OUEST,1,1,0,0,0,1,1,0
00792,ENNEDI_OUEST,1,1,1,1,0,1,0,0
00793,ENNEDI_OUEST,0,0,0,0,0,0,0,0
00794,ENNEDI_OUEST,0,0,0,1,0,1,1,0
00795,ENNEDI_OUEST,1,1,0,0,0,1,0,1
00796,ENNEDI_OUEST,1,1,0,1,1,1,0,1
00797,ENNEDI_OUEST,1,0,0,0,0,0,0,0
00798,ENNEDI_OUEST,0,1,0,0,0,0,0,1
00799,ENNEDI_OUEST,0,0,0,0,1,1,0,0
00800,ENNEDI_OUEST,1,1,1,0,0,1,0,0
00801,ENNEDI_OUEST,1,1,1,0,1,1,0,1
00802,ENNEDI_OUEST,1,1,0,0,0,1,0,0
00803,ENNEDI_OUEST,0,0,0,0,1,1,0,0
00804,ENNEDI_OUEST,1,1,0,0,0,1,0,1
00805,ENNEDI_OUEST,0,1,0,0,0,1,0,0
00806,ENNEDI_OUEST,1,0,0,0,0,0,1,1
00807,ENNEDI_OUEST,0,1,0,0,1,0,0,0
00808,ENNEDI_OUEST,0,1,0,0,1,0,0,0
00809,ENNEDI_OUEST,1,1,0,1,0,0,0,1
00810,ENNEDI_OUEST,0,1,0,0,0,0,0,1
00811,ENNEDI_OUEST,1,0,0,0,0,1,0,1
00812,ENNEDI_OUEST,1,0,0,0,0,1,0,0
00813,ENNEDI_OUEST,1,0,0,0,1,0,0,0
00814,ENNEDI_OUEST,0,0,1,1,1,1,0,0
00815,ENNEDI_OUEST,0,0,0,0,0,1,0,1
00816,ENNEDI_OUEST,0,1,1,1,0,0,0,0
00817,ENNEDI_OUEST,0,1,0,0,0,0,0,0
00818,ENNEDI_OUEST,1,1,0,1,0,0,0,0
00819,ENNEDI_OUEST,1,1,0,0,1,1,0,0
00820,ENNEDI_OUEST,0,1,0,0,0,0,0,0
00821,ENNEDI_OUEST,1,1,0,1,0,1,0,1
00822,ENNEDI_OUEST,0,1,1,0,0,0,0,0
00823,ENNEDI_OUEST,0,0,1,0,0,1,0,1
00824,ENNEDI_OUEST,0,0,0,0,0,0,0,0
00825,ENNEDI_OUEST,1,1,0,0,1,0,0,0
00826,ENNEDI_OUEST,0,0,0,1,0,0,0,0
00827,ENNEDI_OUEST,1,0,0,0,0,0,0,1
00828,ENNEDI_OUEST,1,1,0,0,1,1,0,1
00829,ENNEDI_OUEST,0,1,0,1,1,0,0,0
00830,ENNEDI_OUEST,1,1,0,0,0,1,1,0
00831,GUÉRA,1,0,1,0,1,0,0,0
00832,GUÉRA,0,1,0,1,0,0,0,1
00833,GUÉRA,1,0,0,0,0,0,0,0
00834,GUÉRA,0,0,1,0,0,0,0,0
00835,GUÉRA,0,0,0,0,0,0,0,0
00836,GUÉRA,1,1,0,0,1,1,0,0
00837,GUÉRA,0,1,0,1,0,1,0,0
00838,GUÉRA,0,1,0,0,0,1,0,0
00839,GUÉRA,0,0,0,0,0,1,0,0
00840,GUÉRA,0,1,0,0,0,0,0,0
00841,GUÉRA,0,1,0,0,0,0,1,0
00842,GUÉRA,0,1,0,0,0,0,0,0
00843,GUÉRA,0,0,0,1,0,1,0,0
00844,GUÉRA,0,1,1,1,1,1,0,1
00845,GUÉRA,0,1,0,1,0,1,0,1
00846,GUÉRA,1,0,0,0,0,0,0,0
00847,GUÉRA,0,1,0,0,0,0,0,0
00848,GUÉRA,1,0,0,0,0,1,0,1
00849,GUÉRA,1,0,0,1,0,0,0,1
00850,GUÉRA,1,1,0,0,1,0,0,0
00851,GUERA,0,1,0,1,0,1,0,0
00852,GUÉRA,0,0,0,0,0,0,0,0
00853,GUÉRA,0,1,0,0,0,0,1,0
00854,GUÉRA,0,1,0,0,0,0,0,0
00855,GUÉRA,1,1,0,0,0,1,0,1
00856,GUÉRA,0,0,0,0,0,1,0,0
00857,GUERA,1,0,0,1,0,0,0,1
00858,GUÉRA,0,1,0,0,1,0,0,0
00859,GUÉRA,1,1,1,1,0,1,0,0
00860,GUÉRA,0,1,0,0,0,0,0,0
00861,GUÉRA,1,1,1,0,1,1,1,1
00862,GUÉRA,0,1,0,0,0,1,1,0
00863,GUERA,1,1,0,0,1,1,0,1
00864,GUÉRA,0,0,0,0,0,0,0,0
00865,GUÉRA,0,1,0,0,0,0,0,1
00866,GUÉRA,0,1,0,0,0,0,0,0
00867,GUÉRA,0,1,0,0,0,1,1,1
00868,GUERA,1,1,0,0,1,1,0,1
00869,GUÉRA,1,1,0,1,0,1,0,1
00870,GUÉRA,0,0,0,0,0,0,0,0
00871,GUÉRA,0,0,0,1,0,0,1,1
00872,GUÉRA,1,0,0,0,0,0,0,0
00873,GUÉRA,0,1,0,0,0,0,0,0
00874,GUÉRA,0,0,0,0,0,0,0,1
00875,GUÉRA,0,1,0,0,0,1,0,0
00876,GUÉRA,0,1,0,0,1,1,1,0
00877,GUÉRA,0,1,0,0,0,0,0,0
00878,GUÉRA,0,1,0,0,0,0,0,1
00879,GUÉRA,1,1,0,0,0,1,0,1
00880,GUÉRA,1,1,0,0,0,1,0,0
00881,GUÉRA,0,1,1,0,1,1,1,0
00882,GUÉRA,1,0,1,1,0,1,0,1
00883,GUÉRA,0,1,0,0,0,1,0,1
00884,GUÉRA,0,0,0,0,0,1,0,0
00885,GUÉRA,1,0,1,0,0,0,0,0
00886,GUÉRA,1,1,0,0,0,0,0,0
00887,GUÉRA,0,1,0,1,0,1,0,0
00888,GUÉRA,1,1,0,1,1,0,0,0
00889,GUÉRA,0,1,0,0,0,1,1,1
00890,GUÉRA,0,1,0,0,1,0,0,0
00891,GUÉRA,0,1,0,0,0,0,0,1
00892,GUÉRA,0,1,0,0,0,0,0,0
00893,GUÉRA,0,1,0,0,1,0,0,0
00894,GUÉRA,1,0,1,0,1,1,0,1
00895,GUÉRA,1,0,1,0,0,0,0,1
00896,GUÉRA,0,1,0,1,1,0,0,0
00897,GUÉRA,0,1,0,0,1,0,1,0
00898,GUÉRA,0,1,0,1,0,1,0,1
00899,GUÉRA,0,1,0,0,0,0,0,1
00900,GUÉRA,1,1,1,0,0,1,0,0
00901,GUÉRA,0,1,0,1,1,1,0,0
00902,GUÉRA,1,1,0,0,1,0,1,1
00903,GUÉRA,1,1,0,0,0,1,0,0
00904,GUÉRA,0,0,0,0,0,0,0,0
00905,GUÉRA,0,1,0,1,0,0,0,1
00906,GUÉRA,0,1,0,0,0,0,1,0
00907,GUÉRA,0,1,0,0,0,0,0,0
00908,GUÉRA,1,0,1,0,0,0,0,1
00909,GUÉRA,0,1,0,1,1,0,0,0
00910,GUÉRA,0,1,0,0,1,0,0,0
00911,GUÉRA,0,1,0,0,0,0,0,0
00912,GUÉRA,0,0,1,0,0,1,0,0
00913,GUÉRA,0,1,0,0,0,1,0,0
00914,GUÉRA,0,0,0,1,0,1,0,1
00915,GUÉRA,0,1,0,0,0,1,0,0
00916,GUÉRA,1,1,0,1,0,1,0,1
00917,GUÉRA,0,0,1,0,0,1,0,0
00918,GUÉRA,1,1,0,0,0,1,1,1
00919,GUÉRA,0,1,0,0,0,0,0,0
00920,GUÉRA,1,1,0,0,1,0,0,0
00921,GUÉRA,0,1,0,0,0,1,1,0
00922,GUÉRA,0,1,0,1,0,0,1,1
00923,GUÉRA,0,0,0,0,0,0,0,0
00924,GUÉRA,1,1,0,0,0,0,0,0
00925,GUÉRA,0,0,0,0,0,1,0,0
00926,GUÉRA,1,1,0,0,0,1,0,0
00927,GUÉRA,0,1,0,0,0,0,0,0
00928,GUÉRA,1,0,0,0,1,1,0,1
00929,GUÉRA,0,0,0,0,0,0,1,0
00930,GUÉRA,0,0,0,0,0,0,0,0
00931,GUÉRA,1,0,0,1,0,1,0,1
00932,GUÉRA,0,1,0,0,0,1,0,0
00933,GUÉRA,1,1,0,0,0,0,0,1
00934,GUÉRA,0,0,0,0,1,0,0,0
00935,GUÉRA,0,0,0,0,0,0,0,0
00936,GUÉRA,0,1,0,1,0,1,0,0
00937,GUÉRA,0,1,0,0,0,1,0,0
00938,GUÉRA,1,1,0,0,0,0,0,0
00939,GUÉRA,0,1,0,1,1,1,0,1
00940,GUÉRA,0,0,0,0,0,0,0,0
00941,GUÉRA,1,0,0,0,0,0,0,0
00942,GUÉRA,0,0,0,0,1,1,0,0
00943,GUÉRA,1,1,0,0,0,0,0,0
00944,GUÉRA,0,0,0,0,0,0,0,0
00945,GUÉRA,0,0,0,0,0,0,0,0
00946,GUÉRA,1,1,0,0,0,1,0,0
00947,GUÉRA,0,0,0,0,0,0,0,0
00948,GUÉRA,1,0,0,0,0,0,0,0
00949,GUÉRA,0,0,0,0,0,0,0,0
00950,GUÉRA,0,0,0,1,0,0,1,1
00951,GUÉRA,0,0,0,0,0,0,0,0
00952,GUERA,0,1,0,0,0,0,0,0
00953,GUÉRA,0,0,0,0,0,1,0,0
00954,GUERA,1,0,0,0,1,0,0,1
00955,GUÉRA,0,0,0,0,0,0,0,0
00956,GUÉRA,1,0,0,0,0,0,0,0
00957,GUÉRA,0,1,1,0,1,1,0,0
00958,GUÉRA,1,1,0,0,0,0,0,1
00959,GUÉRA,0,1,0,1,0,0,0,1
00960,GUERA,1,1,0,0,0,0,1,0
00961,GUÉRA,0,0,0,0,0,0,0,0
00962,GUÉRA,0,1,0,0,1,0,0,1
00963,GUÉRA,0,0,1,0,0,0,1,0
00964,GUÉRA,1,0,1,0,1,1,0,0
00965,GUÉRA,1,1,0,0,0,1,0,0
00966,GUÉRA,1,1,0,0,0,0,0,1
00967,GUÉRA,1,1,0,0,1,0,0,0
00968,GUÉRA,1,1,0,0,0,0,0,0
00969,GUÉRA,1,1,0,0,1,0,0,1
00970,GUÉRA,0,1,0,0,0,0,0,0
00971,GUERA,1,0,0,0,0,0,0,0
00972,GUÉRA,1,1,0,0,0,0,0,0
00973,GUÉRA,0,1,1,1,0,1,0,1
00974,GUERA,1,1,0,0,1,0,1,1
00975,GUÉRA,1,1,0,1,1,1,1,1
00976,GUÉRA,0,1,0,0,1,1,0,0
00977,GUÉRA,0,0,1,0,0,0,0,0
00978,GUÉRA,1,0,1,1,0,1,0,1
00979,GUÉRA,1,1,0,0,0,0,0,0
00980,GUÉRA,1,1,0,1,1,0,0,1
00981,GUÉRA,0,1,1,0,0,0,0,0
00982,GUÉRA,0,1,0,1,0,0,0,1
00983,GUERA,1,1,1,1,1,1,0,1
00984,GUÉRA,0,1,1,0,0,0,0,1
00985,GUÉRA,0,0,0,0,0,0,0,1
00986,GUÉRA,1,1,1,0,1,1,0,1
00987,GUÉRA,1,0,0,0,0,0,0,0
00988,GUERA,0,0,1,0,0,0,0,0
00989,GUÉRA,0,0,0,0,0,0,0,0
00990,GUÉRA,0,1,0,0,0,0,0,1
00991,GUÉRA,1,0,0,0,0,1,0,1
00992,GUÉRA,0,1,1,1,1,1,0,0
00993,GUÉRA,0,1,0,1,1,0,1,0
00994,GUÉRA,1,1,0,0,0,1,0,0
00995,GUÉRA,1,1,0,0,1,1,1,0
00996,GUÉRA,1,1,1,0,1,0,1,1
00997,GUÉRA,0,0,0,0,0,0,0,0
00998,GUÉRA,0,0,0,0,0,1,0,0
00999,GUÉRA,1,0,0,0,0,0,0,1
01000,GUERA,0,0,0,0,0,0,0,0
01001,GUÉRA,0,1,0,0,1,0,0,0
01002,GUÉRA,0,1,0,0,0,1,0,1
01003,GUÉRA,1,0,0,0,0,0,0,0
01004,GUÉRA,1,1,0,0,0,1,0,1
01005,GUÉRA,0,1,0,0,0,1,0,0
01006,GUÉRA,1,1,0,0,0,0,1,0
01007,GUÉRA,0,1,0,0,0,0,1,1
01008,HADJER_LAMIS,0,0,0,0,0,0,0,1
01009,HADJER_LAMIS,0,1,0,0,0,0,0,0
01010,HADJER_LAMIS,0,0,0,1,1,0,0,0
01011,HADJER_LAMIS,0,1,1,0,0,1,0,1
01012,HADJER_LAMIS,0,1,0,1,1,0,1,0
01013,HADJER_LAMIS,0,0,0,1,0,0,0,0
01014,HADJER_LAMIS,0,1,0,0,1,0,0,0
01015,HADJER_LAMIS,0,1,0,1,0,1,0,0
01016,HADJER_LAMIS,0,1,0,1,0,1,0,1
01017,HADJER_LAMIS,0,1,1,1,0,1,1,1
01018,HADJER_LAMIS,1,0,0,0,0,0,0,0
01019,HADJER_LAMIS,0,1,0,0,0,1,0,1
01020,HADJER_LAMIS,1,0,0,0,1,0,0,0
01021,HADJER_LAMIS,0,0,0,0,0,0,0,0
01022,HADJER_LAMIS,1,1,0,0,0,1,0,0
01023,HADJER_LAMIS,0,1,0,0,0,1,0,1
01024,HADJER_LAMIS,0,0,0,0,0,0,0,0
01025,HADJER_LAMIS,1,0,0,0,1,1,0,1
01026,HADJER_LAMIS,1,0,0,0,0,0,0,0
01027,HADJER_LAMIS,1,1,0,0,0,0,0,0
01028,HADJER_LAMIS,1,1,0,0,0,0,0,1
01029,HADJER_LAMIS,0,1,0,0,0,0,1,0
01030,HADJER_LAMIS,0,0,0,0,0,0,0,1
01031,HADJER_LAMIS,1,0,0,0,0,0,0,0
01032,HADJER_LAMIS,0,1,0,0,0,0,0,0
01033,HADJER_LAMIS,0,1,0,0,0,0,0,0
01034,HADJER_LAMIS,0,1,1,1,0,1,0,0
01035,HADJER_LAMIS,1,0,0,0,1,0,0,0
01036,HADJER_LAMIS,1,0,0,1,0,0,0,0
01037,HADJER_LAMIS,1,1,0,0,0,1,0,0
01038,HADJER_LAMIS,1,0,0,0,0,0,1,1
01039,HADJER_LAMIS,1,0,0,1,0,1,0,1
01040,HADJER_LAMIS,0,0,0,0,0,0,0,0
01041,HADJER_LAMIS,0,1,0,0,0,1,0,1
01042,HADJER_LAMIS,1,1,0,0,1,0,0,0
01043,HADJER_LAMIS,0,0,0,0,0,0,0,1
01044,HADJER_LAMIS,0,1,0,0,1,1,0,0
01045,HADJER_LAMIS,1,1,1,0,0,0,0,1
01046,HADJER_LAMIS,0,1,0,1,0,0,0,0
01047,HADJER_LAMIS,1,0,0,0,0,0,0,0
01048,HADJER_LAMIS,0,1,1,0,1,1,0,1
01049,HADJER_LAMIS,0,1,0,0,0,0,0,0
01050,HADJER_LAMIS,0,1,0,0,0,0,0,1
01051,HADJER_LAMIS,1,0,0,0,0,0,0,0
01052,HADJER_LAMIS,0,1,1,0,1,1,0,0
01053,HADJER_LAMIS,0,0,0,0,0,0,0,1
01054,HADJER_LAMIS,0,0,0,0,0,1,0,0
01055,HADJER_LAMIS,1,1,1,0,1,0,0,0
01056,HADJER_LAMIS,0,1,1,0,0,0,1,0
01057,HADJER_LAMIS,1,1,0,0,0,1,1,0
01058,HADJER_LAMIS,0,1,1,0,0,0,0,0
01059,HADJER_LAMIS,0,1,0,1,0,1,0,0
01060,HADJER_LAMIS,1,0,0,0,1,0,0,1
01061,HADJER_LAMIS,0,0,0,0,0,0,0,1
01062,HADJER_LAMIS,0,0,0,1,0,1,0,0
01063,HADJER_LAMIS,0,0,1,0,1,0,0,0
01064,HADJER_LAMIS,0,0,0,0,0,1,0,1
01065,HADJER_LAMIS,0,0,0,0,0,0,0,0
01066,HADJER_LAMIS,0,0,0,1,1,0,0,0
01067,HADJER_LAMIS,0,1,0,0,0,1,0,0
01068,HADJER_LAMIS,0,1,0,0,1,1,0,1
01069,HADJER_LAMIS,0,1,0,0,1,0,1,1
01070,HADJER_LAMIS,0,1,0,0,0,0,0,0
01071,HADJER_LAMIS,0,1,0,0,1,0,1,1
01072,HADJER_LAMIS,1,1,1,0,0,1,1,0
01073,HADJER_LAMIS,0,1,0,0,0,0,0,0
01074,HADJER_LAMIS,1,0,0,1,0,1,0,0
01075,HADJER_LAMIS,0,1,0,0,0,0,0,1
01076,HADJER_LAMIS,0,0,0,0,0,0,0,0
01077,HADJER_LAMIS,0,1,0,0,1,0,0,0
01078,HADJER_LAMIS,0,1,0,0,1,1,1,1
01079,HADJER_LAMIS,0,1,0,1,1,1,1,0
01080,HADJER_LAMIS,1,0,0,0,0,1,0,0
01081,HADJER_LAMIS,0,1,0,0,0,1,0,0
01082,HADJER_LAMIS,1,0,0,0,0,1,0,0
01083,HADJER_LAMIS,0,1,0,0,0,0,0,0
01084,HADJER_LAMIS,0,1,0,0,1,0,0,1
01085,HADJER_LAMIS,1,0,0,0,0,0,0,0
01086,HADJER_LAMIS,1,0,0,0,0,0,0,0
01087,HADJER_LAMIS,1,1,1,0,0,1,0,0
01088,HADJER_LAMIS,1,0,0,0,0,0,0,0
01089,HADJER_LAMIS,1,0,0,0,0,0,0,0
01090,HADJER_LAMIS,0,0,0,0,0,0,0,0
01091,HADJER_LAMIS,0,1,0,0,0,0,0,0
01092,HADJER_LAMIS,0,1,0,0,0,1,0,1
01093,HADJER_LAMIS,0,0,0,0,0,0,0,0
01094,HADJER_LAMIS,1,1,1,0,1,0,0,0
01095,HADJER_LAMIS,0,1,0,0,1,0,0,0
01096,HADJER_LAMIS,0,1,0,0,0,1,0,1
01097,HADJER_LAMIS,1,1,0,0,0,1,0,0
01098,HADJER_LAMIS,1,1,1,0,0,1,1,0
01099,HADJER_LAMIS,0,0,0,0,0,0,0,0
01100,HADJER_LAMIS,0,0,1,0,0,0,0,0
01101,HADJER_LAMIS,0,1,0,0,1,0,0,0
01102,HADJER_LAMIS,1,1,0,0,0,1,0,0
01103,HADJER_LAMIS,1,0,1,0,0,1,0,0
01104,HADJER_LAMIS,1,0,0,0,0,1,1,0
01105,HADJER_LAMIS,1,0,1,0,0,0,0,0
01106,HADJER_LAMIS,0,1,1,0,0,0,0,1
01107,HADJER_LAMIS,1,1,1,0,1,0,0,1
01108,HADJER_LAMIS,1,0,0,0,0,0,0,0
01109,HADJER_LAMIS,0,1,0,0,1,1,0,0
01110,HADJER_LAMIS,0,0,1,0,0,0,0,1
01111,HADJER_LAMIS,0,0,0,0,0,0,0,0
01112,HADJER_LAMIS,1,0,0,0,0,0,0,0
01113,HADJER_LAMIS,0,0,0,0,0,0,0,0
01114,HADJER_LAMIS,0,1,0,0,0,0,0,0
01115,HADJER_LAMIS,1,0,0,0,0,1,0,1
01116,HADJER_LAMIS,0,1,0,1,0,1,0,1
01117,HADJER_LAMIS,0,0,0,0,0,0,0,0
01118,HADJER_LAMIS,0,0,0,0,0,1,0,0
01119,HADJER_LAMIS,1,0,1,0,0,1,0,1
01120,HADJER_LAMIS,0,0,0,0,0,1,0,0
01121,HADJER_LAMIS,1,0,0,0,0,0,0,1
01122,HADJER_LAMIS,1,0,1,0,0,1,1,1
01123,HADJER_LAMIS,0,0,0,0,1,0,0,0
01124,HADJER_LAMIS,0,1,0,0,0,1,0,1
01125,HADJER_LAMIS,0,1,0,0,0,1,0,1
01126,HADJER_LAMIS,1,1,0,0,0,1,0,0
01127,HADJER_LAMIS,0,1,0,0,1,0,1,0
01128,HADJER_LAMIS,1,1,0,0,0,0,0,1
01129,HADJER_LAMIS,0,0,1,0,0,0,0,0
01130,HADJER_LAMIS,0,1,0,0,0,0,0,0
01131,HADJER_LAMIS,0,0,0,0,0,0,0,0
01132,HADJER_LAMIS,0,0,0,0,0,0,0,1
01133,HADJER_LAMIS,1,1,0,0,0,1,0,1
01134,HADJER_LAMIS,1,0,0,0,0,1,0,0
01135,HADJER_LAMIS,0,1,0,0,0,0,0,1
01136,HADJER_LAMIS,1,0,0,0,0,0,0,0
01137,HADJER_LAMIS,0,1,1,0,1,1,0,0
01138,HADJER_LAMIS,0,1,0,0,1,0,0,0
01139,HADJER_LAMIS,0,1,1,0,1,0,0,0
01140,HADJER_LAMIS,0,1,0,1,0,0,0,0
01141,HADJER_LAMIS,0,1,1,0,0,1,0,1
01142,HADJER_LAMIS,1,0,0,1,0,1,1,1
01143,HADJER_LAMIS,0,1,0,1,0,0,0,1
01144,HADJER_LAMIS,0,0,0,0,0,1,0,0
01145,HADJER_LAMIS,0,0,0,0,1,1,0,0
01146,HADJER_LAMIS,0,1,0,0,0,0,0,0
01147,HADJER_LAMIS,1,1,0,0,0,1,1,1
01148,HADJER_LAMIS,1,1,0,0,1,1,1,1
01149,HADJER_LAMIS,1,1,0,1,0,1,0,1
01150,HADJER_LAMIS,1,0,0,0,0,0,0,0
01151,HADJER_LAMIS,1,1,0,0,0,1,0,1
01152,HADJER_LAMIS,0,0,1,0,0,0,0,1
01153,HADJER_LAMIS,0,1,0,0,0,0,0,1
01154,HADJER_LAMIS,0,1,1,0,1,1,0,0
01155,HADJER_LAMIS,1,0,0,0,0,0,0,0
01156,HADJER_LAMIS,1,1,0,0,1,0,0,0
01157,HADJER_LAMIS,1,1,0,0,0,0,1,1
01158,HADJER_LAMIS,1,0,0,0,1,0,0,0
01159,HADJER_LAMIS,0,0,0,0,0,1,0,0
01160,HADJER_LAMIS,1,1,0,0,0,0,0,0
01161,HADJER_LAMIS,0,0,0,0,0,0,0,0
01162,KANEM,1,0,0,0,0,0,0,0
01163,KANEM,0,1,0,0,0,0,0,0
01164,KANEM,0,0,1,0,0,0,0,0
01165,KANEM,0,0,0,0,0,1,0,0
01166,KANEM,1,0,0,1,1,0,1,0
01167,KANEM,0,0,0,0,0,0,0,0
01168,KANEM,0,1,0,0,0,1,1,0
01169,KANEM,0,0,0,0,0,0,0,0
01170,KANEM,0,1,1,0,0,1,0,1
01171,KANEM,0,0,0,0,0,0,0,0
01172,KANEM,0,1,0,0,0,0,0,0
01173,KANEM,0,1,0,0,0,1,0,0
01174,KANEM,0,1,0,0,0,1,0,1
01175,KANEM,0,1,0,0,0,0,0,1
01176,KANEM,1,1,1,0,1,0,0,0
01177,KANEM,0,1,0,0,0,0,1,0
01178,KANEM,0,0,0,1,0,1,0,0
01179,KANEM,0,0,0,0,0,0,0,0
01180,KANEM,0,1,0,0,0,1,0,1
01181,KANEM,1,1,0,0,1,0,0,0
01182,KANEM,0,1,0,1,0,0,0,1
01183,KANEM,0,1,0,0,1,0,0,0
01184,KANEM,0,1,0,1,0,0,1,0
01185,KANEM,0,0,0,0,0,0,0,0
01186,KANEM,1,1,0,1,0,0,0,0
01187,KANEM,1,1,0,0,1,1,0,1
01188,KANEM,1,0,0,0,0,1,0,1
01189,KANEM,0,1,0,1,1,0,0,1
01190,KANEM,0,1,0,0,1,1,0,0
01191,KANEM,0,0,0,0,0,0,0,0
01192,KANEM,0,0,0,0,0,0,0,1
01193,KANEM,0,1,0,0,0,0,0,0
01194,KANEM,0,0,0,0,0,0,0,0
01195,KANEM,1,1,0,0,0,1,0,0
01196,KANEM,0,1,0,1,1,0,1,0
01197,KANEM,0,0,0,0,1,0,0,0
01198,KANEM,0,1,1,0,0,0,0,1
01199,KANEM,1,1,0,0,0,0,1,0
01200,KANEM,0,0,0,1,0,0,0,1
01201,KANEM,0,1,0,0,0,1,0,1
01202,KANEM,0,1,0,0,0,0,0,0
01203,KANEM,1,1,0,0,0,0,0,0
01204,KANEM,0,0,1,0,0,0,0,0
01205,KANEM,0,1,0,1,1,0,0,0
01206,KANEM,0,0,0,0,0,0,0,0
01207,KANEM,0,1,0,0,1,1,0,0
01208,KANEM,0,0,1,1,1,0,0,0
01209,KANEM,0,1,0,0,0,1,0,0
01210,KANEM,0,1,0,0,0,0,0,0
01211,KANEM,0,1,0,0,1,0,0,1
01212,KANEM,1,1,1,1,1,1,1,0
01213,KANEM,0,1,1,0,0,0,1,0
01214,KANEM,0,0,0,0,1,0,0,0
01215,KANEM,0,1,0,0,1,1,1,0
01216,KANEM,0,0,0,1,0,1,0,0
01217,KANEM,0,1,0,0,0,0,0,0
01218,KANEM,0,1,0,0,1,0,1,1
01219,KANEM,0,1,1,0,0,1,0,0
01220,KANEM,0,1,1,0,0,1,0,0
01221,KANEM,0,1,1,0,0,1,0,0
01222,KANEM,0,1,1,0,1,1,0,0
01223,KANEM,0,1,0,0,1,1,1,0
01224,KANEM,0,1,0,0,0,0,0,0
01225,KANEM,1,1,0,0,0,1,0,0
01226,KANEM,0,1,0,1,0,1,0,1
01227,KANEM,0,1,0,0,0,1,0,0
01228,KANEM,1,1,0,1,1,1,0,1
01229,KANEM,0,1,0,0,0,0,0,1
01230,KANEM,1,1,0,0,0,0,0,1
01231,KANEM,0,1,0,0,0,0,0,0
01232,KANEM,0,0,1,1,0,0,0,0
01233,KANEM,0,1,0,0,0,1,1,1
01234,KANEM,0,1,0,0,0,1,0,0
01235,KANEM,1,1,0,0,0,0,1,0
01236,KANEM,0,0,0,0,0,1,0,0
01237,KANEM,0,0,0,0,0,0,0,0
01238,KANEM,0,1,1,0,1,0,0,0
01239,KANEM,0,1,1,0,1,1,1,1
01240,KANEM,0,0,0,0,0,0,0,0
01241,KANEM,1,1,0,0,1,1,1,0
01242,KANEM,0,1,0,1,0,0,0,0
01243,KANEM,0,0,0,0,0,0,0,0
01244,KANEM,0,1,0,0,0,0,0,0
01245,KANEM,0,1,0,0,0,0,0,0
01246,KANEM,0,0,0,0,0,1,0,0
01247,KANEM,1,1,0,0,1,1,1,0
01248,KANEM,0,1,0,0,1,1,0,0
01249,KANEM,1,0,0,0,0,1,0,1
01250,KANEM,0,1,1,0,0,0,0,1
01251,KANEM,0,0,0,0,0,0,0,0
01252,KANEM,0,0,0,0,0,0,0,0
01253,KANEM,0,1,0,0,1,1,0,0
01254,KANEM,1,0,0,0,0,0,0,1
01255,KANEM,0,1,0,0,0,0,0,1
01256,KANEM,0,1,1,0,0,0,0,1
01257,KANEM,0,0,0,0,0,0,0,0
01258,KANEM,0,0,0,1,0,0,0,0
01259,KANEM,1,1,0,0,0,1,0,1
01260,KANEM,1,1,0,0,0,0,0,0
01261,KANEM,1,0,0,0,0,0,0,1
01262,KANEM,1,0,0,0,0,1,1,0
01263,KANEM,0,1,0,1,0,1,0,0
01264,KANEM,1,1,0,0,0,1,0,0
01265,KANEM,1,0,0,0,0,0,0,0
01266,KANEM,1,1,0,0,1,1,0,0
01267,KANEM,0,1,0,0,0,0,0,0
01268,KANEM,1,1,0,0,0,0,0,0
01269,KANEM,1,0,1,0,0,1,0,0
01270,KANEM,1,1,0,0,1,1,0,1
01271,KANEM,1,1,0,0,1,1,0,0
01272,KANEM,0,1,0,0,1,1,0,0
01273,KANEM,1,0,0,0,0,1,0,1
01274,KANEM,1,1,0,0,0,0,1,1
01275,KANEM,0,0,0,0,0,0,0,0
01276,KANEM,1,1,1,0,0,1,0,0
01277,KANEM,1,0,0,0,0,0,0,0
01278,KANEM,1,0,0,0,1,0,0,0
01279,KANEM,1,1,0,0,0,0,0,0
01280,KANEM,0,0,1,1,0,1,0,0
01281,KANEM,1,0,0,0,0,1,0,0
01282,KANEM,0,0,0,0,0,0,0,0
01283,KANEM,0,1,0,0,0,0,0,0
01284,KANEM,0,1,0,0,0,0,1,0
01285,KANEM,1,1,0,1,1,1,1,1
01286,KANEM,1,0,1,1,0,1,1,1
01287,KANEM,0,1,0,0,0,0,0,0
01288,KANEM,0,1,0,0,1,0,0,0
01289,KANEM,0,0,1,0,0,0,0,0
01290,KANEM,0,1,0,0,0,1,0,0
01291,KANEM,0,1,0,1,0,0,0,0
01292,KANEM,0,0,1,0,0,1,0,1
01293,KANEM,1,1,1,1,0,1,0,1
01294,KANEM,1,0,0,0,0,0,0,0
01295,KANEM,1,1,0,0,1,0,1,0
01296,KANEM,1,1,0,1,0,0,1,1
01297,KANEM,0,1,0,0,0,1,0,0
01298,KANEM,1,1,0,1,1,1,0,1
01299,KANEM,1,0,0,0,0,0,0,1
01300,KANEM,0,1,0,0,0,0,0,1
01301,KANEM,0,1,1,0,0,0,0,0
01302,KANEM,0,1,0,0,0,1,0,0
01303,KANEM,0,1,0,0,0,1,0,0
01304,KANEM,0,1,0,0,1,0,1,1
01305,KANEM,0,0,0,0,0,0,0,0
01306,KANEM,0,0,0,0,0,1,0,1
01307,KANEM,1,0,0,0,0,0,0,0
01308,KANEM,0,1,1,0,0,1,0,0
01309,KANEM,1,1,0,0,1,1,0,1
01310,KANEM,1,1,0,1,0,1,0,1
01311,KANEM,0,1,1,0,1,1,0,1
01312,KANEM,1,0,1,1,0,1,0,1
01313,KANEM,1,1,0,0,1,0,1,1
01314,KANEM,0,0,1,0,1,1,1,1
01315,KANEM,0,0,0,0,0,0,0,0
01316,KANEM,1,1,1,1,0,1,1,1
01317,KANEM,0,1,1,0,1,1,0,1
01318,KANEM,0,0,0,0,0,0,0,0
01319,KANEM,1,0,0,0,0,0,0,0
01320,KANEM,1,1,0,1,0,0,0,0
01321,KANEM,1,1,0,0,0,0,0,0
01322,KANEM,0,0,0,0,0,0,0,1
01323,KANEM,0,1,0,0,1,0,1,1
01324,KANEM,0,1,0,0,0,1,0,0
01325,KANEM,0,1,0,0,0,0,0,0
01326,KANEM,0,1,0,0,0,0,0,1
01327,KANEM,0,1,0,0,0,0,0,0
01328,KANEM,1,1,0,0,0,0,0,0
01329,KANEM,1,0,0,0,0,0,0,1
01330,KANEM,1,0,0,0,0,0,0,0
01331,KANEM,1,0,0,0,1,0,0,0
01332,LAC,0,0,0,0,0,0,1,0
01333,LAC,0,1,0,0,0,0,0,1
01334,LAC,0,1,0,0,0,0,1,0
01335,LAC,0,1,0,0,1,1,0,0
01336,LAC,0,0,1,0,1,1,0,0
01337,LAC,0,1,1,0,0,0,1,1
01338,LAC,0,0,0,0,0,0,0,0
01339,LAC,0,1,0,0,0,0,0,0
01340,LAC,0,1,1,0,0,0,0,0
01341,LAC,0,1,0,0,0,0,0,1
01342,LAC,1,0,0,0,0,1,0,0
01343,LAC,0,1,1,0,0,1,0,1
01344,LAC,0,0,1,1,0,0,0,1
01345,LAC,0,1,1,1,1,1,1,0
01346,LAC,0,1,1,0,1,1,0,1
01347,LAC,0,0,1,0,1,0,0,1
01348,LAC,1,0,0,0,0,0,0,0
01349,LAC,0,1,1,1,1,0,1,0
01350,LAC,0,0,1,0,0,0,0,1
01351,LAC,0,1,0,0,1,1,0,0
01352,LAC,0,1,0,0,0,0,0,0
01353,LAC,1,1,1,0,0,0,1,1
01354,LAC,1,1,1,0,0,1,0,1
01355,LAC,0,1,1,0,1,0,0,0
01356,LAC,0,1,0,0,1,1,1,0
01357,LAC,0,0,1,0,0,0,0,0
01358,LAC,0,1,1,0,0,1,0,0
01359,LAC,1,1,0,0,0,0,0,0
01360,LAC,0,0,0,0,0,0,0,0
01361,LAC,0,0,1,0,0,0,0,0
01362,LAC,0,0,0,0,0,0,0,0
01363,LAC,1,0,0,0,0,1,1,0
01364,LAC,1,1,0,0,1,1,1,0
01365,LAC,0,0,0,0,0,0,0,1
01366,LAC,0,0,0,0,0,1,0,0
01367,LAC,0,0,1,0,0,0,0,0
01368,LAC,0,0,1,0,0,1,0,1
01369,LAC,0,1,1,0,0,0,0,0
01370,LAC,0,0,0,0,0,1,0,1
01371,LAC,0,1,0,0,0,0,0,1
01372,LAC,0,1,1,0,0,0,0,0
01373,LAC,0,0,0,0,0,0,0,0
01374,LAC,1,1,0,0,0,1,0,0
01375,LAC,0,1,1,0,0,0,0,1
01376,LAC,0,1,0,0,0,0,0,0
01377,LAC,1,1,0,1,1,1,0,0
01378,LAC,0,1,1,0,0,0,0,0
01379,LAC,0,0,0,1,1,0,0,1
01380,LAC,1,1,1,0,1,1,0,0
01381,LAC,0,0,0,0,0,0,0,0
01382,LAC,0,1,0,0,1,0,0,1
01383,LAC,1,1,0,1,0,1,1,0
01384,LAC,0,1,0,0,0,0,1,1
01385,LAC,0,1,0,0,0,0,0,0
01386,LAC,0,1,0,0,0,1,0,0
01387,LAC,0,1,0,1,1,0,0,0
01388,LAC,0,1,1,0,1,0,0,1
01389,LAC,0,0,1,0,0,0,0,1
01390,LAC,0,1,0,0,1,1,0,0
01391,LAC,0,1,0,0,1,0,0,1
01392,LAC,0,0,0,1,0,0,0,1
01393,LAC,0,0,0,0,0,0,0,0
01394,LAC,0,0,0,1,0,0,0,1
01395,LAC,0,1,0,0,0,0,0,0
01396,LAC,0,1,0,0,1,1,0,0
01397,LAC,0,1,0,0,1,0,0,0
01398,LAC,1,1,1,0,1,1,0,0
01399,LAC,0,1,1,0,1,1,0,0
01400,LAC,0,0,0,1,0,0,0,0
01401,LAC,1,1,0,1,0,0,0,1
01402,LAC,0,0,0,0,0,0,0,0
01403,LAC,0,1,0,0,0,1,0,1
01404,LAC,1,1,1,0,1,1,0,1
01405,LAC,1,1,1,1,1,1,0,1
01406,LAC,0,0,1,1,0,1,0,1
01407,LAC,0,1,1,1,0,1,0,0
01408,LAC,0,0,1,0,0,0,1,0
01409,LAC,0,1,0,0,0,0,1,0
01410,LAC,0,0,1,0,0,1,0,0
01411,LAC,0,1,1,0,1,0,0,0
01412,LAC,0,1,1,0,0,1,1,0
01413,LAC,0,1,1,0,0,0,0,1
01414,LAC,0,0,0,1,1,0,0,0
01415,LAC,0,1,0,0,0,0,0,0
01416,LAC,0,0,1,0,0,0,0,0
01417,LAC,0,1,0,0,0,0,0,0
01418,LAC,0,0,1,0,0,1,0,0
01419,LAC,0,1,0,0,1,0,1,0
01420,LAC,0,0,1,0,1,0,0,0
01421,LAC,0,1,0,0,0,0,0,1
01422,LAC,0,1,1,0,0,0,1,1
01423,LAC,0,1,0,0,0,0,1,0
01424,LAC,1,0,1,0,0,1,0,1
01425,LAC,0,0,1,0,1,1,0,0
01426,LAC,0,0,1,1,1,1,0,1
01427,LAC,1,0,1,0,0,0,1,0
01428,LAC,1,1,1,1,1,1,1,1
01429,LAC,1,1,1,0,0,1,1,0
01430,LAC,0,0,1,0,0,0,0,0
01431,LAC,0,1,1,0,1,0,1,0
01432,LAC,0,0,1,0,0,1,0,0
01433,LAC,0,1,1,0,0,1,0,0
01434,LAC,0,0,0,1,0,0,0,0
01435,LAC,1,1,1,0,1,0,1,1
01436,LAC,0,1,1,0,1,1,0,1
01437,LAC,1,1,1,0,0,0,0,0
01438,LAC,0,1,0,0,0,1,1,1
01439,LAC,1,1,0,1,0,1,1,0
01440,LAC,1,1,1,0,0,0,1,1
01441,LAC,0,1,0,0,0,0,0,0
01442,LAC,0,0,0,0,0,0,0,0
01443,LAC,0,1,0,0,0,1,1,0
01444,LAC,0,0,0,0,0,0,0,1
01445,LAC,0,1,0,0,0,0,0,0
01446,LAC,0,1,1,1,0,1,1,0
01447,LAC,1,1,0,1,1,0,0,0
01448,LAC,0,1,1,0,1,1,0,0
01449,LAC,0,0,0,0,0,0,0,0
01450,LAC,0,1,0,0,0,0,1,0
01451,LAC,0,1,0,0,0,0,0,0
01452,LAC,1,1,0,0,0,0,1,0
01453,LAC,1,1,1,1,1,1,1,1
01454,LAC,0,1,0,0,0,0,0,0
01455,LAC,0,1,1,1,0,1,0,0
01456,LAC,0,0,0,1,0,0,0,0
01457,LAC,1,0,0,0,0,0,0,1
01458,LAC,0,0,0,0,0,0,0,1
01459,LAC,0,0,1,1,0,0,0,0
01460,LAC,1,1,0,0,0,0,0,1
01461,LAC,0,1,1,0,1,1,1,0
01462,LAC,1,1,1,0,0,1,0,0
01463,LAC,0,1,1,0,1,0,0,0
01464,LAC,0,0,0,1,0,1,1,1
01465,LAC,0,1,1,0,0,0,1,0
01466,LAC,1,0,0,0,0,1,0,0
01467,LAC,1,1,1,0,1,1,0,0
01468,LAC,0,1,0,0,0,1,1,1
01469,LAC,1,1,1,1,1,1,1,1
01470,LAC,0,0,0,0,0,0,0,0
01471,LAC,0,1,1,0,0,1,0,1
01472,LAC,1,1,1,0,1,1,0,1
01473,LAC,0,1,0,0,0,1,0,0
01474,LAC,0,1,1,1,0,0,0,1
01475,LAC,0,1,1,0,1,0,0,0
01476,LAC,1,1,1,0,0,0,0,0
01477,LAC,1,1,0,0,1,0,1,1
01478,LAC,1,1,1,1,1,1,1,1
01479,LAC,0,0,0,0,0,0,0,0
01480,LAC,1,1,0,0,0,1,0,0
01481,LAC,0,1,0,0,0,0,0,0
01482,LAC,0,1,1,0,0,0,1,0
01483,LAC,1,0,1,0,1,0,0,0
01484,LAC,1,1,0,1,0,1,0,0
01485,LAC,1,1,0,0,0,1,1,0
01486,LAC,0,0,1,1,0,0,1,0
01487,LAC,0,1,0,0,0,0,0,0
01488,LAC,1,0,0,0,1,0,0,0
01489,LAC,0,0,1,0,0,1,0,1
01490,LAC,0,1,1,0,0,1,0,1
01491,LAC,1,0,0,0,0,0,0,1
01492,LAC,1,0,1,1,0,1,0,1
01493,LAC,0,0,1,0,0,0,0,0
01494,LAC,0,1,0,0,0,0,0,1
01495,LAC,0,1,0,0,0,0,1,0
01496,LAC,0,0,0,0,0,0,0,0
01497,LAC,1,1,0,0,0,1,0,0
01498,LAC,0,0,0,0,0,0,0,0
01499,LAC,1,0,1,1,1,1,0,1
01500,LAC,1,1,0,0,0,1,0,1
01501,LAC,0,1,0,0,1,0,0,0
01502,LAC,0,1,0,1,0,0,0,0
01503,LAC,0,0,1,0,0,0,0,0
01504,LAC,1,1,0,0,0,1,0,1
01505,LAC,0,1,1,0,1,1,0,0
01506,LAC,0,0,1,1,0,0,0,1
01507,LAC,0,0,0,0,0,0,0,1
01508,LAC,1,0,0,0,0,0,0,0
01509,LAC,1,0,0,0,0,1,0,1
01510,LAC,1,0,0,0,1,0,0,1
01511,LAC,0,0,1,0,1,1,0,0
01512,LAC,0,0,1,0,0,1,0,0
01513,LAC,1,1,1,1,1,1,0,1
01514,LAC,1,0,0,0,0,0,0,0
01515,LAC,0,1,1,1,1,1,0,1
01516,LAC,1,0,1,1,0,1,0,0
01517,LAC,1,0,0,0,0,0,0,0
01518,LAC,1,1,0,1,1,0,0,1
01519,LAC,0,1,0,0,0,0,0,1
01520,LAC,0,1,0,1,0,0,0,0
01521,LAC,0,1,1,0,0,1,0,0
01522,LAC,1,1,0,0,0,1,0,1
01523,LAC,1,0,0,0,0,0,0,0
01524,LAC,1,1,1,1,1,1,0,0
01525,LAC,0,0,0,0,0,0,0,0
01526,LAC,1,1,1,0,0,1,0,1
01527,LAC,0,1,0,0,0,1,0,1
01528,LAC,1,1,1,0,0,0,1,1
01529,LAC,0,1,0,0,1,0,1,0
01530,LOGONE_OCCIDENTAL,1,0,0,0,0,0,0,0
01531,LOGONE_OCCIDENTAL,0,1,0,0,0,0,0,0
01532,LOGONE_OCCIDENTAL,0,0,0,1,0,0,0,1
01533,LOGONE_OCCIDENTAL,0,1,0,0,0,1,0,0
01534,LOGONE_OCCIDENTAL,0,1,0,0,0,1,0,1
01535,LOGONE_OCCIDENTAL,0,0,0,0,0,0,0,0
01536,LOGONE_OCCIDENTAL,0,1,0,0,1,0,0,1
01537,LOGONE_OCCIDENTAL,0,1,0,0,0,0,0,0
01538,LOGONE_OCCIDENTAL,0,1,0,0,0,0,0,1
01539,LOGONE_OCCIDENTAL,0,1,0,0,1,1,0,0
01540,LOGONE_OCCIDENTAL,0,1,0,0,0,0,0,1
01541,LOGONE_OCCIDENTAL,0,1,1,0,1,1,0,0
01542,LOGONE_OCCIDENTAL,0,0,0,0,0,0,0,1
01543,LOGONE_OCCIDENTAL,0,1,0,0,0,0,0,0
01544,LOGONE_OCCIDENTAL,0,1,0,0,0,1,0,0
01545,LOGONE_OCCIDENTAL,0,1,0,0,1,0,0,0
01546,LOGONE_OCCIDENTAL,0,1,1,0,0,0,0,0
01547,LOGONE_OCCIDENTAL,0,0,0,1,0,1,0,1
01548,LOGONE_OCCIDENTAL,0,0,0,0,0,0,0,0
01549,LOGONE_OCCIDENTAL,0,1,0,0,0,1,0,0
01550,LOGONE_OCCIDENTAL,0,0,0,0,0,0,0,0
01551,LOGONE_OCCIDENTAL,0,1,0,0,0,1,0,0
01552,LOGONE_OCCIDENTAL,0,0,0,0,1,1,1,1
01553,LOGONE_OCCIDENTAL,0,1,0,0,0,0,0,1
01554,LOGONE_OCCIDENTAL,0,1,0,1,1,0,0,1
01555,LOGONE_OCCIDENTAL,0,1,0,0,0,0,0,0
01556,LOGONE_OCCIDENTAL,0,1,0,0,0,1,0,0
01557,LOGONE_OCCIDENTAL,0,1,0,0,0,0,0,0
01558,LOGONE_OCCIDENTAL,0,0,0,0,1,0,0,1
01559,LOGONE_OCCIDENTAL,0,1,0,0,0,0,0,0
01560,LOGONE_OCCIDENTAL,0,1,0,1,0,1,0,1
01561,LOGONE_OCCIDENTAL,0,1,0,0,0,1,0,1
01562,LOGONE_OCCIDENTAL,0,0,0,0,0,0,0,0
01563,LOGONE_OCCIDENTAL,0,1,0,1,1,1,1,0
01564,LOGONE_OCCIDENTAL,0,1,0,0,1,0,1,0
01565,LOGONE_OCCIDENTAL,0,1,0,0,0,0,0,0
01566,LOGONE_OCCIDENTAL,0,1,1,0,0,1,0,0
01567,LOGONE_OCCIDENTAL,1,1,0,1,0,1,0,1
01568,LOGONE_OCCIDENTAL,0,0,1,0,0,1,0,1
01569,LOGONE_OCCIDENTAL,0,0,0,0,0,0,0,0
01570,LOGONE_OCCIDENTAL,0,1,0,1,1,1,0,0
01571,LOGONE_OCCIDENTAL,0,0,0,1,0,0,0,0
01572,LOGONE_OCCIDENTAL,0,1,0,0,0,0,0,0
01573,LOGONE_OCCIDENTAL,0,0,0,0,0,0,0,0
01574,LOGONE_OCCIDENTAL,0,1,0,0,1,0,0,0
01575,LOGONE_OCCIDENTAL,1,0,0,0,0,0,0,1
01576,LOGONE_OCCIDENTAL,0,1,0,0,1,1,0,0
01577,LOGONE_OCCIDENTAL,0,1,0,0,0,1,0,0
01578,LOGONE_OCCIDENTAL,0,0,1,0,1,1,0,1
01579,LOGONE_OCCIDENTAL,0,1,0,0,0,1,0,0
01580,LOGONE_OCCIDENTAL,0,1,0,0,0,1,1,0
01581,LOGONE_OCCIDENTAL,0,1,0,0,1,0,0,0
01582,LOGONE_OCCIDENTAL,0,1,0,0,0,0,0,0
01583,LOGONE_OCCIDENTAL,0,0,0,0,0,0,0,0
01584,LOGONE_OCCIDENTAL,0,1,0,0,1,0,0,0
01585,LOGONE_OCCIDENTAL,0,0,0,0,0,1,0,0
01586,LOGONE_OCCIDENTAL,0,0,0,0,0,0,0,0
01587,LOGONE_OCCIDENTAL,0,1,1,1,0,1,0,0
01588,LOGONE_OCCIDENTAL,1,0,0,0,0,0,0,1
01589,LOGONE_OCCIDENTAL,0,1,1,0,0,0,0,0
01590,LOGONE_OCCIDENTAL,0,1,0,0,0,0,0,1
01591,LOGONE_OCCIDENTAL,0,1,1,0,1,0,0,1
01592,LOGONE_OCCIDENTAL,0,1,0,0,0,1,0,0
01593,LOGONE_OCCIDENTAL,0,0,0,1,0,0,0,1
01594,LOGONE_OCCIDENTAL,0,0,0,0,1,1,0,0
01595,LOGONE_OCCIDENTAL,0,0,1,0,0,1,0,1
01596,LOGONE_OCCIDENTAL,0,0,0,0,1,0,0,0
01597,LOGONE_OCCIDENTAL,0,0,0,0,0,0,0,0
01598,LOGONE_OCCIDENTAL,0,0,0,1,1,0,0,0
01599,LOGONE_OCCIDENTAL,0,1,0,0,0,1,1,1
01600,LOGONE_OCCIDENTAL,0,1,0,0,0,1,0,0
01601,LOGONE_OCCIDENTAL,0,1,0,0,0,1,0,0
01602,LOGONE_OCCIDENTAL,0,1,0,0,0,1,0,1
01603,LOGONE_OCCIDENTAL,0,0,0,1,0,0,0,1
01604,LOGONE_OCCIDENTAL,0,1,0,0,0,1,0,0
01605,LOGONE_OCCIDENTAL,0,0,0,0,0,1,0,1
01606,LOGONE_OCCIDENTAL,0,1,0,1,1,0,0,1
01607,LOGONE_OCCIDENTAL,0,1,0,0,1,1,0,0
01608,LOGONE_OCCIDENTAL,0,1,0,0,0,0,0,0
01609,LOGONE_OCCIDENTAL,0,1,0,1,1,0,0,0
01610,LOGONE_OCCIDENTAL,0,1,0,0,0,1,0,1
01611,LOGONE_OCCIDENTAL,0,1,0,0,1,0,0,0
01612,LOGONE_OCCIDENTAL,0,1,0,0,0,1,0,0
01613,LOGONE_OCCIDENTAL,0,1,0,0,0,0,0,1
01614,LOGONE_OCCIDENTAL,0,0,0,0,0,1,0,0
01615,LOGONE_OCCIDENTAL,0,0,0,0,0,1,0,1
01616,LOGONE_OCCIDENTAL,0,0,0,0,1,1,0,0
01617,LOGONE_OCCIDENTAL,0,0,1,0,0,0,0,1
01618,LOGONE_OCCIDENTAL,0,1,0,1,0,0,1,0
01619,LOGONE_OCCIDENTAL,0,0,0,0,0,0,0,0
01620,LOGONE_OCCIDENTAL,0,0,0,0,0,0,0,0
01621,LOGONE_OCCIDENTAL,0,1,0,0,0,1,0,0
01622,LOGONE_OCCIDENTAL,0,0,0,0,0,1,0,0
01623,LOGONE_OCCIDENTAL,0,1,0,0,1,0,0,1
01624,LOGONE_OCCIDENTAL,0,1,0,0,1,0,0,0
01625,LOGONE_OCCIDENTAL,0,0,0,0,0,0,0,0
01626,LOGONE_OCCIDENTAL,0,1,0,0,1,0,0,0
01627,LOGONE_OCCIDENTAL,0,0,0,1,0,0,0,0
01628,LOGONE_OCCIDENTAL,0,0,1,1,1,0,0,0
01629,LOGONE_OCCIDENTAL,0,1,0,1,1,1,0,0
01630,LOGONE_OCCIDENTAL,0,0,0,1,0,0,0,0
01631,LOGONE_OCCIDENTAL,0,0,0,0,0,0,0,0
01632,LOGONE_OCCIDENTAL,0,1,0,0,0,0,0,0
01633,LOGONE_OCCIDENTAL,0,0,0,0,0,0,0,0
01634,LOGONE_OCCIDENTAL,0,1,0,0,0,1,0,0
01635,LOGONE_OCCIDENTAL,0,1,0,1,1,1,1,1
01636,LOGONE_OCCIDENTAL,0,0,0,0,0,0,0,0
01637,LOGONE_OCCIDENTAL,0,0,0,0,0,0,0,0
01638,LOGONE_OCCIDENTAL,0,1,0,0,0,1,0,1
01639,LOGONE_OCCIDENTAL,0,1,0,0,0,0,1,1
01640,LOGONE_OCCIDENTAL,0,0,0,0,1,0,0,0
01641,LOGONE_OCCIDENTAL,0,1,0,0,1,1,0,1
01642,LOGONE_OCCIDENTAL,0,0,0,0,0,0,0,0
01643,LOGONE_OCCIDENTAL,0,1,0,0,0,0,0,1
01644,LOGONE_OCCIDENTAL,1,1,0,1,0,0,1,0
01645,LOGONE_OCCIDENTAL,0,1,0,0,0,0,0,0
01646,LOGONE_OCCIDENTAL,0,1,0,0,1,0,0,0
01647,LOGONE_OCCIDENTAL,1,0,0,0,1,0,0,0
01648,LOGONE_OCCIDENTAL,0,1,0,0,1,0,0,0
01649,LOGONE_OCCIDENTAL,0,1,0,0,1,0,0,1
01650,LOGONE_OCCIDENTAL,0,0,0,0,0,1,0,1
01651,LOGONE_OCCIDENTAL,0,0,0,0,0,0,0,0
01652,LOGONE_OCCIDENTAL,0,1,0,0,0,0,0,0
01653,LOGONE_OCCIDENTAL,0,0,0,0,0,1,0,0
01654,LOGONE_OCCIDENTAL,0,0,0,0,0,0,0,0
01655,LOGONE_OCCIDENTAL,0,1,0,0,0,0,0,0
01656,LOGONE_OCCIDENTAL,0,0,0,1,0,0,0,0
01657,LOGONE_OCCIDENTAL,0,1,0,0,1,0,0,0
01658,LOGONE_OCCIDENTAL,0,0,0,0,0,0,0,0
01659,LOGONE_OCCIDENTAL,0,1,1,1,1,1,0,1
01660,LOGONE_OCCIDENTAL,0,1,0,0,1,0,0,1
01661,LOGONE_OCCIDENTAL,0,0,0,0,0,0,0,0
01662,LOGONE_OCCIDENTAL,0,0,0,0,0,0,0,0
01663,LOGONE_OCCIDENTAL,0,1,0,0,1,0,0,0
01664,LOGONE_OCCIDENTAL,0,1,0,1,0,1,0,0
01665,LOGONE_OCCIDENTAL,0,0,0,0,0,0,0,0
01666,LOGONE_OCCIDENTAL,0,1,0,0,1,0,0,0
01667,LOGONE_OCCIDENTAL,0,1,0,1,1,0,0,0
01668,LOGONE_OCCIDENTAL,0,1,0,0,0,0,0,0
01669,LOGONE_OCCIDENTAL,0,0,0,0,0,0,0,0
01670,LOGONE_OCCIDENTAL,0,0,0,0,0,0,0,0
01671,LOGONE_OCCIDENTAL,0,0,0,0,1,1,0,1
01672,LOGONE_OCCIDENTAL,0,1,0,0,0,1,0,1
01673,LOGONE_OCCIDENTAL,0,1,0,0,0,0,0,1
01674,LOGONE_OCCIDENTAL,0,0,0,0,0,0,0,1
01675,LOGONE_OCCIDENTAL,0,1,1,1,0,1,1,0
01676,LOGONE_OCCIDENTAL,0,1,0,0,0,1,0,1
01677,LOGONE_OCCIDENTAL,0,0,0,0,0,0,0,0
01678,LOGONE_OCCIDENTAL,0,0,0,0,0,1,0,0
01679,LOGONE_OCCIDENTAL,0,0,0,1,1,0,1,0
01680,LOGONE_OCCIDENTAL,0,0,0,0,0,0,0,0
01681,LOGONE_OCCIDENTAL,0,0,0,0,0,0,0,1
01682,LOGONE_OCCIDENTAL,0,1,0,0,0,1,0,0
01683,LOGONE_OCCIDENTAL,0,1,0,1,1,0,0,0
01684,LOGONE_OCCIDENTAL,0,1,0,1,0,0,0,0
01685,LOGONE_OCCIDENTAL,0,1,0,0,0,1,0,0
01686,LOGONE_OCCIDENTAL,0,1,0,0,1,0,0,0
01687,LOGONE_OCCIDENTAL,0,0,0,0,0,0,1,0
01688,LOGONE_OCCIDENTAL,0,1,0,1,0,0,0,1
01689,LOGONE_OCCIDENTAL,0,0,0,0,1,0,0,0
01690,LOGONE_OCCIDENTAL,0,1,0,0,0,1,0,1
01691,LOGONE_ORIENTAL,0,1,0,0,0,0,0,1
01692,LOGONE_ORIENTAL,0,1,1,0,1,1,0,0
01693,LOGONE_ORIENTAL,0,0,1,0,0,0,0,0
01694,LOGONE_ORIENTAL,0,0,0,0,0,0,0,1
01695,LOGONE_ORIENTAL,0,1,0,0,0,1,0,0
01696,LOGONE_ORIENTAL,0,0,0,1,0,0,0,0
01697,LOGONE_ORIENTAL,0,1,1,0,0,1,0,1
01698,LOGONE_ORIENTAL,0,1,0,1,0,1,0,0
01699,LOGONE_ORIENTAL,0,1,0,0,1,0,0,0
01700,LOGONE_ORIENTAL,0,0,0,0,0,0,0,0
01701,LOGONE_ORIENTAL,0,0,0,0,0,0,0,0
01702,LOGONE_ORIENTAL,0,1,1,1,0,1,1,1
01703,LOGONE_ORIENTAL,0,1,0,0,0,0,0,0
01704,LOGONE_ORIENTAL,0,1,0,0,1,0,0,1
01705,LOGONE_ORIENTAL,0,1,0,0,0,1,1,1
01706,LOGONE_ORIENTAL,0,1,0,0,0,1,0,0
01707,LOGONE_ORIENTAL,0,1,0,1,0,0,0,0
01708,LOGONE_ORIENTAL,0,1,0,0,0,1,0,1
01709,LOGONE_ORIENTAL,0,1,0,0,0,0,0,0
01710,LOGONE_ORIENTAL,0,0,0,0,0,0,0,1
01711,LOGONE_ORIENTAL,0,1,0,0,0,0,0,0
01712,LOGONE_ORIENTAL,0,0,0,0,0,0,0,0
01713,LOGONE_ORIENTAL,0,1,0,0,0,1,0,0
01714,LOGONE_ORIENTAL,1,0,0,1,0,1,0,0
01715,LOGONE_ORIENTAL,0,0,0,0,0,1,1,0
01716,LOGONE_ORIENTAL,0,1,0,0,0,1,0,0
01717,LOGONE_ORIENTAL,0,0,0,0,0,0,0,0
01718,LOGONE_ORIENTAL,0,0,0,0,0,0,0,0
01719,LOGONE_ORIENTAL,0,1,0,1,1,0,0,0
01720,LOGONE_ORIENTAL,1,1,0,0,1,1,0,0
01721,LOGONE_ORIENTAL,0,1,1,0,0,1,0,1
01722,LOGONE_ORIENTAL,1,1,0,0,0,0,0,0
01723,LOGONE_ORIENTAL,0,0,0,0,0,0,0,0
01724,LOGONE_ORIENTAL,0,0,0,0,0,1,0,0
01725,LOGONE_ORIENTAL,0,1,0,0,1,1,0,0
01726,LOGONE_ORIENTAL,0,1,0,0,1,1,0,0
01727,LOGONE_ORIENTAL,0,1,0,0,0,1,1,0
01728,LOGONE_ORIENTAL,0,1,0,0,0,1,0,1
01729,LOGONE_ORIENTAL,0,0,0,0,0,1,0,0
01730,LOGONE_ORIENTAL,0,1,0,0,0,0,0,0
01731,LOGONE_ORIENTAL,0,0,1,0,1,1,0,0
01732,LOGONE_ORIENTAL,0,1,0,0,0,1,0,0
01733,LOGONE_ORIENTAL,0,0,0,0,1,0,0,1
01734,LOGONE_ORIENTAL,0,0,0,0,1,0,0,1
01735,LOGONE_ORIENTAL,0,1,0,0,0,0,0,0
01736,LOGONE_ORIENTAL,0,0,1,0,1,1,0,0
01737,LOGONE_ORIENTAL,0,0,0,1,0,1,0,1
01738,LOGONE_ORIENTAL,0,1,0,0,0,0,0,1
01739,LOGONE_ORIENTAL,0,1,0,0,0,1,0,0
01740,LOGONE_ORIENTAL,0,0,0,1,0,0,0,0
01741,LOGONE_ORIENTAL,0,1,0,1,0,1,0,0
01742,LOGONE_ORIENTAL,1,1,0,0,0,0,0,1
01743,LOGONE_ORIENTAL,0,1,0,0,0,0,0,0
01744,LOGONE_ORIENTAL,0,1,0,0,1,1,0,0
01745,LOGONE_ORIENTAL,0,0,0,0,0,0,0,1
01746,LOGONE_ORIENTAL,1,1,0,0,0,0,0,0
01747,LOGONE_ORIENTAL,1,1,0,0,0,0,0,0
01748,LOGONE_ORIENTAL,0,1,0,0,0,0,0,0
01749,LOGONE_ORIENTAL,1,0,0,0,0,1,0,0
01750,LOGONE_ORIENTAL,0,0,0,0,0,0,0,1
01751,LOGONE_ORIENTAL,1,0,0,0,0,0,0,0
01752,LOGONE_ORIENTAL,1,1,0,1,0,0,0,1
01753,LOGONE_ORIENTAL,0,1,0,0,1,1,0,0
01754,LOGONE_ORIENTAL,0,1,0,0,1,0,0,0
01755,LOGONE_ORIENTAL,0,0,0,0,0,0,0,1
01756,LOGONE_ORIENTAL,0,1,0,0,0,0,0,0
01757,LOGONE_ORIENTAL,0,0,0,1,0,1,0,1
01758,LOGONE_ORIENTAL,0,0,0,0,0,1,0,1
01759,LOGONE_ORIENTAL,0,1,0,0,0,0,0,0
01760,LOGONE_ORIENTAL,0,1,0,1,1,1,0,0
01761,LOGONE_ORIENTAL,0,0,0,1,0,1,0,1
01762,LOGONE_ORIENTAL,0,1,0,0,0,0,0,0
01763,LOGONE_ORIENTAL,0,1,0,0,0,0,0,1
01764,LOGONE_ORIENTAL,0,1,0,0,0,0,0,0
01765,LOGONE_ORIENTAL,0,0,0,0,0,0,0,0
01766,LOGONE_ORIENTAL,0,1,0,0,0,0,1,1
01767,LOGONE_ORIENTAL,1,0,0,1,0,1,0,0
01768,LOGONE_ORIENTAL,0,0,0,1,0,0,0,0
01769,LOGONE_ORIENTAL,1,1,0,0,1,0,0,0
01770,LOGONE_ORIENTAL,0,0,0,0,0,1,0,0
01771,LOGONE_ORIENTAL,0,1,0,0,0,0,0,0
01772,LOGONE_ORIENTAL,0,1,0,0,1,0,0,1
01773,LOGONE_ORIENTAL,0,0,0,1,1,0,0,1
01774,LOGONE_ORIENTAL,0,1,0,0,0,0,0,1
01775,LOGONE_ORIENTAL,0,1,0,0,0,0,0,0
01776,LOGONE_ORIENTAL,0,1,0,0,0,1,0,1
01777,LOGONE_ORIENTAL,0,1,0,0,1,1,1,1
01778,LOGONE_ORIENTAL,0,1,0,1,0,0,0,0
01779,LOGONE_ORIENTAL,0,1,0,0,0,0,0,1
01780,LOGONE_ORIENTAL,1,1,0,0,1,1,1,1
01781,LOGONE_ORIENTAL,0,1,0,0,0,0,0,0
01782,LOGONE_ORIENTAL,0,0,0,0,0,0,0,0
01783,LOGONE_ORIENTAL,0,1,0,0,1,0,0,1
01784,LOGONE_ORIENTAL,0,1,0,1,0,0,0,1
01785,LOGONE_ORIENTAL,0,0,1,0,0,1,1,0
01786,LOGONE_ORIENTAL,0,0,0,0,0,1,0,1
01787,LOGONE_ORIENTAL,1,0,0,0,0,0,0,0
01788,LOGONE_ORIENTAL,0,1,0,0,0,0,0,0
01789,LOGONE_ORIENTAL,1,1,0,0,0,0,1,0
01790,LOGONE_ORIENTAL,0,1,0,1,1,1,0,0
01791,LOGONE_ORIENTAL,0,0,0,0,0,0,0,0
01792,LOGONE_ORIENTAL,1,0,0,0,0,0,0,0
01793,LOGONE_ORIENTAL,1,0,0,0,0,1,0,0
01794,LOGONE_ORIENTAL,0,1,0,0,1,0,0,0
01795,LOGONE_ORIENTAL,0,1,0,0,0,1,1,0
01796,LOGONE_ORIENTAL,0,1,0,1,1,1,0,1
01797,LOGONE_ORIENTAL,1,0,0,1,1,1,0,0
01798,LOGONE_ORIENTAL,0,0,0,1,0,0,0,1
01799,LOGONE_ORIENTAL,0,0,0,0,0,1,0,0
01800,LOGONE_ORIENTAL,1,1,0,0,0,0,0,0
01801,LOGONE_ORIENTAL,0,0,0,0,0,1,0,0
01802,LOGONE_ORIENTAL,0,1,0,0,1,0,0,1
01803,LOGONE_ORIENTAL,0,0,0,0,0,0,0,0
01804,LOGONE_ORIENTAL,0,0,0,1,0,0,1,1
01805,LOGONE_ORIENTAL,1,1,0,0,1,0,1,0
01806,LOGONE_ORIENTAL,0,1,0,0,0,0,0,1
01807,LOGONE_ORIENTAL,0,0,1,0,0,0,0,0
01808,LOGONE_ORIENTAL,1,0,0,0,0,0,0,0
01809,LOGONE_ORIENTAL,1,0,0,1,0,0,0,0
01810,LOGONE_ORIENTAL,0,0,0,0,0,0,0,1
01811,MANDOUL,0,1,0,1,0,1,0,0
01812,MANDOUL,1,0,0,0,0,0,0,0
01813,MANDOUL,0,0,0,0,0,0,0,1
01814,MANDOUL,0,1,0,0,0,1,0,1
01815,MANDOUL,0,1,0,0,1,0,0,0
01816,MANDOUL,0,1,0,0,0,0,0,0
01817,MANDOUL,0,0,0,0,0,0,0,0
01818,MANDOUL,0,0,0,0,0,0,0,0
01819,MANDOUL,0,1,0,0,1,1,0,1
01820,MANDOUL,0,0,0,0,0,0,0,0
01821,MANDOUL,0,1,0,0,1,0,1,0
01822,MANDOUL,1,1,0,1,1,0,0,0
01823,MANDOUL,1,1,0,0,1,0,0,1
01824,MANDOUL,0,1,0,0,0,0,0,0
01825,MANDOUL,0,1,0,0,0,0,0,0
01826,MANDOUL,0,1,0,0,0,0,0,0
01827,MANDOUL,0,1,1,0,0,1,0,0
01828,MANDOUL,0,1,1,0,0,1,0,0
01829,MANDOUL,0,0,0,0,0,0,0,0
01830,MANDOUL,0,1,0,0,1,0,1,0
01831,MANDOUL,0,1,0,0,0,0,0,1
01832,MANDOUL,0,1,0,0,1,1,0,1
01833,MANDOUL,0,1,0,0,0,1,0,1
01834,MANDOUL,0,1,0,1,0,1,0,0
01835,MANDOUL,0,1,0,0,1,1,0,1
01836,MANDOUL,0,1,0,0,0,0,0,1
01837,MANDOUL,0,0,0,0,0,0,0,0
01838,MANDOUL,0,1,0,0,0,0,0,0
01839,MANDOUL,0,1,0,0,0,0,0,0
01840,MANDOUL,0,1,0,1,1,0,1,1
01841,MANDOUL,0,1,0,0,0,0,0,1
01842,MANDOUL,0,1,0,0,1,1,0,1
01843,MANDOUL,0,1,0,0,0,1,0,0
01844,MANDOUL,0,1,0,0,0,0,0,1
01845,MANDOUL,0,1,0,0,0,0,0,1
01846,MANDOUL,0,1,0,1,1,1,0,0
01847,MANDOUL,0,1,0,0,0,0,0,0
01848,MANDOUL,0,1,0,0,1,1,0,1
01849,MANDOUL,0,0,0,0,1,0,0,0
01850,MANDOUL,0,1,0,1,1,0,0,0
01851,MANDOUL,0,0,0,1,0,0,0,0
01852,MANDOUL,0,0,0,0,0,0,0,1
01853,MANDOUL,0,0,0,0,1,0,0,1
01854,MANDOUL,0,0,0,0,0,0,0,1
01855,MANDOUL,0,0,0,0,1,0,0,0
01856,MANDOUL,1,1,0,1,1,1,0,0
01857,MANDOUL,0,1,0,0,0,0,0,1
01858,MANDOUL,0,1,0,0,0,0,1,0
01859,MANDOUL,0,1,1,1,0,0,0,1
01860,MANDOUL,0,0,0,0,1,0,0,0
01861,MANDOUL,0,0,0,0,0,0,0,0
01862,MANDOUL,1,0,0,0,1,1,1,0
01863,MANDOUL,0,1,0,0,0,0,0,0
01864,MANDOUL,0,0,0,0,0,1,0,0
01865,MANDOUL,0,0,0,0,0,1,0,0
01866,MANDOUL,0,1,0,0,1,1,1,1
01867,MANDOUL,0,0,0,0,0,1,0,0
01868,MANDOUL,0,1,0,0,0,1,0,0
01869,MANDOUL,0,1,0,0,0,0,1,0
01870,MANDOUL,1,0,0,0,0,0,0,0
01871,MANDOUL,0,0,0,0,0,0,0,0
01872,MANDOUL,0,1,0,1,1,1,0,1
01873,MANDOUL,0,1,0,0,1,0,0,0
01874,MANDOUL,0,0,0,0,0,0,0,0
01875,MANDOUL,0,1,0,0,0,0,0,0
01876,MANDOUL,0,1,1,0,0,0,0,1
01877,MANDOUL,0,0,0,0,0,0,0,1
01878,MANDOUL,0,1,0,0,1,0,0,0
01879,MANDOUL,0,0,0,0,0,0,0,0
01880,MANDOUL,1,0,0,0,1,0,0,0
01881,MANDOUL,0,1,0,0,0,0,0,0
01882,MANDOUL,0,1,0,1,0,0,0,0
01883,MANDOUL,0,1,0,1,0,0,0,0
01884,MANDOUL,1,1,0,0,1,1,0,0
01885,MANDOUL,0,0,0,0,0,1,0,0
01886,MANDOUL,0,1,0,0,0,0,0,0
01887,MANDOUL,0,1,0,1,0,1,1,1
01888,MANDOUL,0,1,0,0,0,0,0,1
01889,MANDOUL,1,0,0,0,1,0,0,0
01890,MANDOUL,0,0,0,1,0,0,0,0
01891,MANDOUL,0,0,0,0,0,0,0,0
01892,MANDOUL,0,1,0,0,0,0,0,0
01893,MANDOUL,0,1,0,0,1,0,0,0
01894,MANDOUL,0,1,0,0,1,0,1,1
01895,MANDOUL,1,0,0,1,1,1,0,0
01896,MANDOUL,0,0,0,0,1,0,0,0
01897,MANDOUL,0,1,0,0,0,1,0,0
01898,MANDOUL,0,1,0,0,0,1,0,0
01899,MANDOUL,1,1,0,1,0,1,0,1
01900,MANDOUL,0,1,1,0,0,0,0,0
01901,MANDOUL,0,0,0,0,0,0,0,0
01902,MANDOUL,0,1,0,0,0,1,0,0
01903,MANDOUL,1,1,0,1,1,1,0,0
01904,MANDOUL,0,1,0,0,0,0,0,0
01905,MANDOUL,0,1,0,0,1,0,0,1
01906,MANDOUL,0,1,0,0,1,1,0,0
01907,MANDOUL,1,1,0,0,0,1,1,1
01908,MANDOUL,0,0,0,0,0,0,0,1
01909,MANDOUL,1,1,0,1,1,1,0,1
01910,MANDOUL,0,0,0,0,0,0,1,0
01911,MANDOUL,0,1,0,0,0,1,0,1
01912,MANDOUL,1,0,0,0,0,0,0,0
01913,MANDOUL,1,1,0,0,0,0,0,0
01914,MANDOUL,1,1,0,0,1,0,0,1
01915,MANDOUL,0,0,0,0,0,0,0,0
01916,MANDOUL,0,0,0,0,1,0,0,0
01917,MANDOUL,1,0,0,0,0,0,0,0
01918,MANDOUL,0,0,0,1,0,0,0,0
01919,MANDOUL,0,1,0,0,0,0,1,0
01920,MANDOUL,0,1,0,0,1,1,0,1
01921,MANDOUL,0,1,0,0,0,0,0,0
01922,MANDOUL,0,1,0,1,1,0,0,1
01923,MANDOUL,0,1,0,0,0,1,0,0
01924,MANDOUL,0,1,0,0,0,1,0,1
01925,MANDOUL,0,0,0,0,0,0,0,0
01926,MANDOUL,0,1,0,0,0,0,1,1
01927,MANDOUL,0,1,0,1,0,0,0,1
01928,MANDOUL,0,0,1,0,0,1,0,0
01929,MANDOUL,1,1,0,0,0,0,0,0
01930,MANDOUL,1,0,0,0,0,1,0,0
01931,MANDOUL,0,1,0,0,0,0,1,0
01932,MANDOUL,0,0,0,0,0,0,0,0
01933,MANDOUL,0,1,0,0,0,0,0,0
01934,MANDOUL,0,1,0,1,0,1,0,1
01935,MANDOUL,0,1,0,1,0,1,0,0
01936,MANDOUL,1,0,0,0,0,0,0,0
01937,MANDOUL,0,1,0,0,0,0,0,1
01938,MANDOUL,0,1,1,0,0,1,0,1
01939,MANDOUL,0,1,0,0,0,1,0,0
01940,MANDOUL,0,1,0,1,0,0,0,0
01941,MANDOUL,0,1,0,0,0,0,0,0
01942,MAYO_KEBBI_EST,0,0,0,0,0,0,0,1
01943,MAYO_KEBBI_EST,0,1,0,1,0,1,1,1
01944,MAYO_KEBBI_EST,0,1,0,0,0,1,0,1
01945,MAYO_KEBBI_EST,0,1,0,0,0,0,0,0
01946,MAYO_KEBBI_EST,0,0,0,1,0,1,0,0
01947,MAYO_KEBBI_EST,0,1,1,1,1,1,0,0
01948,MAYO_KEBBI_EST,0,1,0,0,0,0,0,1
01949,MAYO_KEBBI_EST,0,0,0,1,0,0,0,0
01950,MAYO_KEBBI_EST,1,1,0,0,0,1,0,1
01951,MAYO_KEBBI_EST,0,0,0,0,0,1,0,0
01952,MAYO_KEBBI_EST,0,1,0,1,1,1,0,0
01953,MAYO_KEBBI_EST,0,1,0,0,0,0,0,1
01954,MAYO_KEBBI_EST,0,0,0,0,0,0,0,0
01955,MAYO_KEBBI_EST,0,1,0,1,0,1,0,1
01956,MAYO_KEBBI_EST,0,1,0,0,1,0,0,1
01957,MAYO_KEBBI_EST,0,0,0,1,0,1,0,1
01958,MAYO_KEBBI_EST,1,0,0,0,0,1,0,1
01959,MAYO_KEBBI_EST,1,1,0,1,1,1,0,0
01960,MAYO_KEBBI_EST,0,1,0,0,0,1,0,0
01961,MAYO_KEBBI_EST,0,1,0,0,0,0,0,0
01962,MAYO_KEBBI_EST,1,0,0,0,0,0,0,0
01963,MAYO_KEBBI_EST,0,0,0,0,0,1,0,1
01964,MAYO_KEBBI_EST,0,0,0,0,1,0,0,0
01965,MAYO_KEBBI_EST,0,1,0,0,0,0,0,0
01966,MAYO_KEBBI_EST,0,1,1,0,0,1,0,1
01967,MAYO_KEBBI_EST,0,1,0,0,0,0,0,0
01968,MAYO_KEBBI_EST,0,0,1,0,0,0,0,0
01969,MAYO_KEBBI_EST,0,0,0,1,0,0,0,0
01970,MAYO_KEBBI_EST,0,1,0,0,0,0,0,1
01971,MAYO_KEBBI_EST,0,0,0,1,0,0,0,1
01972,MAYO_KEBBI_EST,0,1,0,0,0,0,0,0
01973,MAYO_KEBBI_EST,0,0,1,0,0,0,0,0
01974,MAYO_KEBBI_EST,0,1,0,0,1,1,0,0
01975,MAYO_KEBBI_EST,0,1,0,0,0,0,0,0
01976,MAYO_KEBBI_EST,0,1,0,0,0,0,0,0
01977,MAYO_KEBBI_EST,0,1,0,0,1,0,0,0
01978,MAYO_KEBBI_EST,0,1,0,0,0,0,1,0
01979,MAYO_KEBBI_EST,0,0,0,0,0,1,0,0
01980,MAYO_KEBBI_EST,0,0,0,0,0,1,0,0
01981,MAYO_KEBBI_EST,0,1,0,0,0,0,0,1
01982,MAYO_KEBBI_EST,0,1,0,0,0,0,0,0
01983,MAYO_KEBBI_EST,0,1,0,0,1,0,0,0
01984,MAYO_KEBBI_EST,0,0,1,0,1,0,0,1
01985,MAYO_KEBBI_EST,0,0,0,1,0,0,0,0
01986,MAYO_KEBBI_EST,0,1,0,1,0,0,0,1
01987,MAYO_KEBBI_EST,0,1,0,0,1,0,0,0
01988,MAYO_KEBBI_EST,0,1,0,1,0,0,0,0
01989,MAYO_KEBBI_EST,0,0,0,0,0,0,0,1
01990,MAYO_KEBBI_EST,0,1,0,1,0,1,0,0
01991,MAYO_KEBBI_EST,0,0,0,0,0,0,0,0
01992,MAYO_KEBBI_EST,1,1,0,0,0,0,1,0
01993,MAYO_KEBBI_EST,0,0,0,0,0,0,0,1
01994,MAYO_KEBBI_EST,0,1,0,0,1,0,1,1
01995,MAYO_KEBBI_EST,0,0,0,1,1,1,0,0
01996,MAYO_KEBBI_EST,0,0,0,0,0,0,0,0
01997,MAYO_KEBBI_EST,0,1,1,0,1,0,0,0
01998,MAYO_KEBBI_EST,0,0,1,1,0,0,0,0
01999,MAYO_KEBBI_EST,0,0,0,0,1,1,0,1
02000,MAYO_KEBBI_EST,0,0,0,1,1,1,1,1
02001,MAYO_KEBBI_EST,0,1,0,0,1,0,0,1
02002,MAYO_KEBBI_EST,0,0,0,0,0,0,0,0
02003,MAYO_KEBBI_EST,0,1,0,0,0,0,0,0
02004,MAYO_KEBBI_EST,0,1,0,0,0,0,0,1
02005,MAYO_KEBBI_EST,0,1,0,0,0,0,0,1
02006,MAYO_KEBBI_EST,0,1,0,0,0,0,0,1
02007,MAYO_KEBBI_EST,0,1,0,1,1,1,0,1
02008,MAYO_KEBBI_EST,0,1,0,0,0,0,0,0
02009,MAYO_KEBBI_EST,0,1,0,0,0,1,0,1
02010,MAYO_KEBBI_EST,0,1,1,1,0,1,1,1
02011,MAYO_KEBBI_EST,1,1,0,0,0,0,1,1
02012,MAYO_KEBBI_EST,0,1,0,0,0,0,0,0
02013,MAYO_KEBBI_EST,0,1,0,1,1,1,0,1
02014,MAYO_KEBBI_EST,1,1,0,0,0,1,0,1
02015,MAYO_KEBBI_EST,0,1,0,1,0,1,0,1
02016,MAYO_KEBBI_EST,0,1,0,1,1,0,1,0
02017,MAYO_KEBBI_EST,0,1,0,0,0,1,0,1
02018,MAYO_KEBBI_EST,0,1,0,1,1,0,1,0
02019,MAYO_KEBBI_EST,0,1,0,0,0,0,0,1
02020,MAYO_KEBBI_EST,0,0,0,0,0,1,0,0
02021,MAYO_KEBBI_EST,0,1,0,0,0,0,0,0
02022,MAYO_KEBBI_EST,0,1,0,1,0,0,0,0
02023,MAYO_KEBBI_EST,0,0,0,0,1,0,0,0
02024,MAYO_KEBBI_EST,0,0,0,0,0,0,0,0
02025,MAYO_KEBBI_EST,0,1,0,0,1,1,0,0
02026,MAYO_KEBBI_EST,1,1,0,0,1,0,0,0
02027,MAYO_KEBBI_EST,1,1,0,0,0,0,0,0
02028,MAYO_KEBBI_EST,0,0,1,0,1,1,0,0
02029,MAYO_KEBBI_EST,1,1,0,0,1,0,1,0
02030,MAYO_KEBBI_EST,0,0,0,0,0,0,0,0
02031,MAYO_KEBBI_EST,1,1,0,1,0,0,0,1
02032,MAYO_KEBBI_EST,0,1,0,0,0,0,0,0
02033,MAYO_KEBBI_EST,0,1,0,0,1,1,0,1
02034,MAYO_KEBBI_EST,1,1,0,0,0,1,1,1
02035,MAYO_KEBBI_EST,0,1,0,0,1,0,0,0
02036,MAYO_KEBBI_EST,1,0,0,1,0,0,0,1
02037,MAYO_KEBBI_EST,1,1,0,0,0,1,0,1
02038,MAYO_KEBBI_EST,1,1,0,0,0,0,0,0
02039,MAYO_KEBBI_EST,0,0,0,0,0,1,0,0
02040,MAYO_KEBBI_EST,0,1,0,1,1,0,0,0
02041,MAYO_KEBBI_EST,0,1,0,0,0,0,0,0
02042,MAYO_KEBBI_EST,0,0,0,0,0,0,0,0
02043,MAYO_KEBBI_EST,0,0,0,0,0,0,0,1
02044,MAYO_KEBBI_EST,0,0,0,0,1,0,0,1
02045,MAYO_KEBBI_EST,0,0,0,0,0,0,0,0
02046,MAYO_KEBBI_EST,0,0,0,0,0,0,1,0
02047,MAYO_KEBBI_EST,0,1,0,0,0,0,0,1
02048,MAYO_KEBBI_EST,0,1,0,0,0,0,0,1
02049,MAYO_KEBBI_EST,0,1,0,0,0,0,0,1
02050,MAYO_KEBBI_EST,0,1,0,0,0,0,0,1
02051,MAYO_KEBBI_EST,0,0,0,0,0,1,0,0
02052,MAYO_KEBBI_EST,0,0,0,0,0,0,0,1
02053,MAYO_KEBBI_EST,0,1,0,0,0,0,0,1
02054,MAYO_KEBBI_EST,0,1,0,0,0,1,0,1
02055,MAYO_KEBBI_EST,0,1,0,0,0,0,1,0
02056,MAYO_KEBBI_EST,0,0,0,0,0,0,0,0
02057,MAYO_KEBBI_EST,1,0,1,0,0,0,0,1
02058,MAYO_KEBBI_EST,0,1,0,0,1,0,1,1
02059,MAYO_KEBBI_EST,1,1,0,0,0,0,1,1
02060,MAYO_KEBBI_EST,0,1,0,0,0,0,1,0
02061,MAYO_KEBBI_EST,0,1,0,0,0,0,0,0
02062,MAYO_KEBBI_EST,1,1,0,0,0,0,0,0
02063,MAYO_KEBBI_EST,0,0,0,0,0,0,0,0
02064,MAYO_KEBBI_EST,1,1,0,0,0,1,0,1
02065,MAYO_KEBBI_EST,1,1,0,0,0,1,1,0
02066,MAYO_KEBBI_EST,0,0,0,0,0,0,0,0
02067,MAYO_KEBBI_EST,0,0,0,0,0,0,1,0
02068,MAYO_KEBBI_EST,0,1,0,0,0,1,0,1
02069,MAYO_KEBBI_EST,0,0,0,1,1,0,0,1
02070,MAYO_KEBBI_EST,0,0,0,0,0,1,0,1
02071,MAYO_KEBBI_EST,0,0,0,0,0,0,0,0
02072,MAYO_KEBBI_EST,0,1,0,1,0,0,0,0
02073,MAYO_KEBBI_EST,1,1,0,0,0,0,0,0
02074,MAYO_KEBBI_EST,0,0,0,1,0,0,1,1
02075,MAYO_KEBBI_EST,0,0,0,0,1,0,1,0
02076,MAYO_KEBBI_EST,1,0,0,0,0,0,0,1
02077,MAYO_KEBBI_EST,0,1,0,0,0,0,0,0
02078,MAYO_KEBBI_OUEST,0,0,0,0,0,0,0,0
02079,MAYO_KEBBI_OUEST,0,1,0,0,0,1,0,0
02080,MAYO_KEBBI_OUEST,0,0,0,0,0,0,0,0
02081,MAYO_KEBBI_OUEST,1,0,0,0,0,0,0,0
02082,MAYO_KEBBI_OUEST,0,1,0,0,0,0,0,1
02083,MAYO_KEBBI_OUEST,0,1,0,0,1,0,0,0
02084,MAYO_KEBBI_OUEST,0,1,0,0,0,0,0,0
02085,MAYO_KEBBI_OUEST,0,0,0,0,0,1,0,1
02086,MAYO_KEBBI_OUEST,0,1,0,0,1,0,0,1
02087,MAYO_KEBBI_OUEST,0,1,0,0,0,1,0,0
02088,MAYO_KEBBI_OUEST,0,0,0,0,0,0,0,1
02089,MAYO_KEBBI_OUEST,0,1,0,0,0,0,1,1
02090,MAYO_KEBBI_OUEST,0,1,0,0,1,0,0,0
02091,MAYO_KEBBI_OUEST,0,1,0,1,1,1,0,0
02092,MAYO_KEBBI_OUEST,0,0,0,0,0,0,0,0
02093,MAYO_KEBBI_OUEST,0,1,0,0,0,1,1,1
02094,MAYO_KEBBI_OUEST,0,0,0,0,0,1,0,0
02095,MAYO_KEBBI_OUEST,0,0,0,0,0,0,0,1
02096,MAYO_KEBBI_OUEST,1,0,0,0,1,0,0,0
02097,MAYO_KEBBI_OUEST,0,1,0,0,1,0,0,0
02098,MAYO_KEBBI_OUEST,0,0,0,0,0,0,0,0
02099,MAYO_KEBBI_OUEST,0,0,0,1,0,0,0,0
02100,MAYO_KEBBI_OUEST,0,1,0,1,0,0,1,0
02101,MAYO_KEBBI_OUEST,0,0,0,0,0,0,0,0
02102,MAYO_KEBBI_OUEST,0,1,0,0,0,0,0,0
02103,MAYO_KEBBI_OUEST,0,1,0,0,1,1,0,0
02104,MAYO_KEBBI_OUEST,0,1,0,1,0,0,1,0
02105,MAYO_KEBBI_OUEST,0,0,0,1,1,1,0,0
02106,MAYO_KEBBI_OUEST,0,0,1,0,0,1,0,0
02107,MAYO_KEBBI_OUEST,0,1,0,0,0,0,0,0
02108,MAYO_KEBBI_OUEST,0,0,0,0,0,1,0,0
02109,MAYO_KEBBI_OUEST,0,1,0,0,0,1,1,1
02110,MAYO_KEBBI_OUEST,0,1,0,1,0,0,1,1
02111,MAYO_KEBBI_OUEST,0,1,0,0,0,1,0,1
02112,MAYO_KEBBI_OUEST,0,0,0,1,0,0,0,0
02113,MAYO_KEBBI_OUEST,0,1,0,0,0,0,0,1
02114,MAYO_KEBBI_OUEST,0,0,0,0,0,0,0,1
02115,MAYO_KEBBI_OUEST,0,0,0,0,1,1,1,0
02116,MAYO_KEBBI_OUEST,0,0,0,1,0,1,0,0
02117,MAYO_KEBBI_OUEST,0,1,0,0,0,0,0,0
02118,MAYO_KEBBI_OUEST,0,1,0,0,1,1,0,0
02119,MAYO_KEBBI_OUEST,0,0,0,0,1,0,0,1
02120,MAYO_KEBBI_OUEST,0,1,0,0,1,0,0,0
02121,MAYO_KEBBI_OUEST,0,1,0,0,0,0,0,0
02122,MAYO_KEBBI_OUEST,0,1,0,0,0,0,0,0
02123,MAYO_KEBBI_OUEST,0,0,1,0,1,0,1,1
02124,MAYO_KEBBI_OUEST,0,1,0,0,1,1,0,0
02125,MAYO_KEBBI_OUEST,0,1,0,1,0,1,0,1
02126,MAYO_KEBBI_OUEST,0,1,1,0,0,1,0,1
02127,MAYO_KEBBI_OUEST,0,1,0,1,0,1,1,1
02128,MAYO_KEBBI_OUEST,0,1,1,0,0,0,0,1
02129,MAYO_KEBBI_OUEST,1,1,0,0,1,1,1,0
02130,MAYO_KEBBI_OUEST,0,1,0,0,0,0,0,0
02131,MAYO_KEBBI_OUEST,1,0,0,0,0,0,0,0
02132,MAYO_KEBBI_OUEST,0,1,0,1,0,0,0,1
02133,MAYO_KEBBI_OUEST,0,1,0,0,0,0,0,0
02134,MAYO_KEBBI_OUEST,0,0,0,0,0,0,0,0
02135,MAYO_KEBBI_OUEST,0,1,1,0,1,1,0,1
02136,MAYO_KEBBI_OUEST,0,1,0,0,0,0,0,0
02137,MAYO_KEBBI_OUEST,0,0,0,0,0,0,0,1
02138,MAYO_KEBBI_OUEST,0,1,1,0,0,1,0,0
02139,MAYO_KEBBI_OUEST,0,1,0,1,1,0,0,0
02140,MAYO_KEBBI_OUEST,0,0,0,0,0,0,0,0
02141,MAYO_KEBBI_OUEST,0,0,0,0,0,0,0,0
02142,MAYO_KEBBI_OUEST,0,0,0,0,0,0,0,1
02143,MAYO_KEBBI_OUEST,0,1,0,0,0,0,0,0
02144,MAYO_KEBBI_OUEST,0,0,0,0,0,1,0,0
02145,MAYO_KEBBI_OUEST,0,1,0,0,0,0,0,1
02146,MAYO_KEBBI_OUEST,0,0,0,0,1,0,0,0
02147,MAYO_KEBBI_OUEST,0,1,0,0,0,0,0,0
02148,MAYO_KEBBI_OUEST,0,1,1,1,0,0,0,1
02149,MAYO_KEBBI_OUEST,0,1,0,1,0,1,0,0
02150,MAYO_KEBBI_OUEST,0,0,0,0,0,0,0,0
02151,MAYO_KEBBI_OUEST,0,0,0,1,0,0,1,0
02152,MAYO_KEBBI_OUEST,0,1,0,0,0,0,0,0
02153,MAYO_KEBBI_OUEST,1,1,0,0,1,1,1,0
02154,MAYO_KEBBI_OUEST,0,1,0,0,0,0,0,0
02155,MAYO_KEBBI_OUEST,0,0,0,0,0,0,0,0
02156,MAYO_KEBBI_OUEST,0,1,0,1,0,1,0,1
02157,MAYO_KEBBI_OUEST,0,1,0,0,0,0,0,0
02158,MAYO_KEBBI_OUEST,0,0,0,0,0,0,1,0
02159,MAYO_KEBBI_OUEST,0,0,0,0,0,0,0,0
02160,MAYO_KEBBI_OUEST,0,1,0,0,0,0,0,0
02161,MAYO_KEBBI_OUEST,0,0,0,0,0,0,0,0
02162,MAYO_KEBBI_OUEST,0,1,0,0,0,0,0,0
02163,MAYO_KEBBI_OUEST,0,1,0,0,1,0,0,0
02164,MAYO_KEBBI_OUEST,0,1,1,1,1,1,1,1
02165,MAYO_KEBBI_OUEST,0,0,0,0,0,0,0,0
02166,MAYO_KEBBI_OUEST,0,1,0,0,1,0,0,0
02167,MAYO_KEBBI_OUEST,0,1,0,1,0,0,0,1
02168,MAYO_KEBBI_OUEST,0,0,0,0,0,0,0,0
02169,MAYO_KEBBI_OUEST,0,0,0,0,1,0,0,0
02170,MAYO_KEBBI_OUEST,0,0,0,0,0,1,0,0
02171,MAYO_KEBBI_OUEST,1,0,1,0,0,0,0,0
02172,MAYO_KEBBI_OUEST,0,0,0,1,0,1,0,1
02173,MAYO_KEBBI_OUEST,0,0,0,1,0,0,0,0
02174,MAYO_KEBBI_OUEST,1,0,0,0,0,1,0,1
02175,MAYO_KEBBI_OUEST,0,0,0,1,0,0,0,1
02176,MAYO_KEBBI_OUEST,0,0,0,0,0,0,0,0
02177,MAYO_KEBBI_OUEST,0,0,0,0,0,0,0,0
02178,MAYO_KEBBI_OUEST,0,0,1,0,0,0,0,1
02179,MAYO_KEBBI_OUEST,0,1,0,0,0,0,0,0
02180,MAYO_KEBBI_OUEST,0,0,0,0,0,0,0,1
02181,MAYO_KEBBI_OUEST,0,1,0,0,0,0,0,0
02182,MAYO_KEBBI_OUEST,0,0,0,0,0,0,0,1
02183,MAYO_KEBBI_OUEST,0,0,0,0,0,1,0,0
02184,MAYO_KEBBI_OUEST,1,0,0,0,0,0,0,1
02185,MAYO_KEBBI_OUEST,0,1,0,0,0,0,0,1
02186,MAYO_KEBBI_OUEST,0,1,0,0,1,0,0,0
02187,MAYO_KEBBI_OUEST,1,1,0,1,0,1,0,1
02188,MAYO_KEBBI_OUEST,0,1,0,0,1,0,0,1
02189,MAYO_KEBBI_OUEST,0,1,0,0,0,1,0,0
02190,MAYO_KEBBI_OUEST,0,0,0,0,0,1,0,0
02191,MAYO_KEBBI_OUEST,0,1,0,0,1,0,0,1
02192,MAYO_KEBBI_OUEST,0,1,0,0,0,1,0,0
02193,MAYO_KEBBI_OUEST,0,1,0,0,0,0,0,0
02194,MAYO_KEBBI_OUEST,0,1,0,1,0,1,1,1
02195,MAYO_KEBBI_OUEST,0,1,0,0,1,0,0,1
02196,MAYO_KEBBI_OUEST,0,1,0,0,0,0,0,0
02197,MAYO_KEBBI_OUEST,0,1,0,0,0,0,1,0
02198,MAYO_KEBBI_OUEST,1,1,0,1,0,0,0,1
02199,MAYO_KEBBI_OUEST,0,1,0,0,0,0,0,0
02200,MAYO_KEBBI_OUEST,0,0,0,0,0,0,0,0
02201,MAYO_KEBBI_OUEST,1,1,0,0,0,1,0,1
02202,MAYO_KEBBI_OUEST,0,1,0,0,0,0,0,0
02203,MAYO_KEBBI_OUEST,0,1,0,0,0,1,0,0
02204,MAYO_KEBBI_OUEST,0,1,0,0,0,1,0,1
02205,MAYO_KEBBI_OUEST,0,1,0,0,0,0,0,0
02206,MAYO_KEBBI_OUEST,0,1,0,0,0,1,0,0
02207,MAYO_KEBBI_OUEST,0,0,0,1,0,0,0,0
02208,MAYO_KEBBI_OUEST,0,1,0,0,0,0,0,1
02209,MAYO_KEBBI_OUEST,0,1,1,0,0,1,0,1
02210,MAYO_KEBBI_OUEST,0,0,0,0,0,1,0,1
02211,MAYO_KEBBI_OUEST,0,0,0,0,0,1,0,0
02212,MAYO_KEBBI_OUEST,0,1,0,1,0,0,0,0
02213,MAYO_KEBBI_OUEST,0,0,0,0,0,0,0,0
02214,MAYO_KEBBI_OUEST,0,0,1,0,0,0,0,1
02215,MAYO_KEBBI_OUEST,0,1,0,0,1,0,0,1
02216,MAYO_KEBBI_OUEST,0,1,0,1,0,0,0,1
02217,MAYO_KEBBI_OUEST,1,1,0,1,0,1,0,0
02218,MAYO_KEBBI_OUEST,0,1,0,0,0,1,0,1
02219,MAYO_KEBBI_OUEST,0,1,0,0,0,0,1,1
02220,MAYO_KEBBI_OUEST,1,1,0,0,0,0,0,0
02221,MAYO_KEBBI_OUEST,0,1,1,0,1,0,0,0
02222,MAYO_KEBBI_OUEST,0,1,0,0,0,0,0,0
02223,MAYO_KEBBI_OUEST,1,0,0,1,0,0,0,0
02224,MAYO_KEBBI_OUEST,0,1,0,0,0,1,0,1
02225,MAYO_KEBBI_OUEST,0,0,0,0,0,1,0,0
02226,MAYO_KEBBI_OUEST,1,0,0,0,0,0,0,0
02227,MAYO_KEBBI_OUEST,0,0,0,0,1,1,0,0
02228,MAYO_KEBBI_OUEST,0,0,0,1,0,0,0,0
02229,MAYO_KEBBI_OUEST,0,1,0,0,1,0,0,0
02230,MAYO_KEBBI_OUEST,0,1,0,1,1,1,0,0
02231,MOYEN_CHARI,0,1,0,0,0,1,0,0
02232,MOYEN_CHARI,0,1,0,0,0,1,0,0
02233,MOYEN_CHARI,1,1,0,1,0,1,1,1
02234,MOYEN_CHARI,0,1,0,0,0,1,0,1
02235,MOYEN_CHARI,0,1,0,1,1,1,0,0
02236,MOYEN_CHARI,0,0,1,0,0,0,0,0
02237,MOYEN_CHARI,0,0,0,1,0,0,0,0
02238,MOYEN_CHARI,0,1,0,1,0,1,0,0
02239,MOYEN_CHARI,0,1,0,0,0,0,0,1
02240,MOYEN_CHARI,0,1,0,0,0,0,0,0
02241,MOYEN_CHARI,0,1,0,1,1,1,1,0
02242,MOYEN_CHARI,0,0,0,0,0,1,0,1
02243,MOYEN_CHARI,0,1,0,0,0,1,0,1
02244,MOYEN_CHARI,1,0,0,0,0,1,0,1
02245,MOYEN_CHARI,0,1,0,1,0,1,1,0
02246,MOYEN_CHARI,0,0,0,0,0,0,0,0
02247,MOYEN_CHARI,0,1,0,0,0,1,0,1
02248,MOYEN_CHARI,0,1,0,0,0,1,0,0
02249,MOYEN_CHARI,0,1,0,0,0,1,0,1
02250,MOYEN_CHARI,0,0,0,0,1,0,0,0
02251,MOYEN_CHARI,0,0,0,0,0,1,0,0
02252,MOYEN_CHARI,0,1,0,0,0,1,0,1
02253,MOYEN_CHARI,0,0,0,0,0,1,0,0
02254,MOYEN_CHARI,0,1,0,0,0,1,0,0
02255,MOYEN_CHARI,0,0,0,0,0,1,0,0
02256,MOYEN_CHARI,0,1,0,1,0,1,1,1
02257,MOYEN_CHARI,0,1,0,0,0,1,0,0
02258,MOYEN_CHARI,0,1,1,0,0,1,0,0
02259,MOYEN_CHARI,0,0,0,0,0,0,0,0
02260,MOYEN_CHARI,0,0,0,1,0,0,0,0
02261,MOYEN_CHARI,0,1,0,1,0,0,1,0
02262,MOYEN_CHARI,0,1,0,0,1,1,1,0
02263,MOYEN_CHARI,0,1,0,0,0,0,1,0
02264,MOYEN_CHARI,0,0,0,0,0,0,0,0
02265,MOYEN_CHARI,0,1,0,0,0,0,0,0
02266,MOYEN_CHARI,1,1,0,0,1,1,1,0
02267,MOYEN_CHARI,0,0,0,0,0,0,0,0
02268,MOYEN_CHARI,0,1,0,0,1,1,1,0
02269,MOYEN_CHARI,0,0,0,0,0,0,0,0
02270,MOYEN_CHARI,1,1,0,0,0,1,0,1
02271,MOYEN_CHARI,0,1,0,0,0,0,1,0
02272,MOYEN_CHARI,0,1,0,0,0,0,0,0
02273,MOYEN_CHARI,0,1,0,0,0,0,0,0
02274,MOYEN_CHARI,0,0,0,0,0,0,0,0
02275,MOYEN_CHARI,0,1,0,0,0,0,0,0
02276,MOYEN_CHARI,1,1,0,1,1,1,0,1
02277,MOYEN_CHARI,0,1,0,0,0,1,0,0
02278,MOYEN_CHARI,0,1,0,0,1,0,0,1
02279,MOYEN_CHARI,0,1,0,1,0,0,0,1
02280,MOYEN_CHARI,1,0,0,0,0,0,0,0
02281,MOYEN_CHARI,0,1,0,1,0,1,0,0
02282,MOYEN_CHARI,1,0,0,0,0,0,0,0
02283,MOYEN_CHARI,0,0,0,0,0,0,0,1
02284,MOYEN_CHARI,0,1,0,0,0,0,0,0
02285,MOYEN_CHARI,0,0,0,1,0,0,0,0
02286,MOYEN_CHARI,1,0,0,0,0,0,0,1
02287,MOYEN_CHARI,0,1,1,0,0,0,0,1
02288,MOYEN_CHARI,0,1,0,0,0,0,1,1
02289,MOYEN_CHARI,1,1,0,0,0,0,0,0
02290,MOYEN_CHARI,0,1,0,0,1,1,1,1
02291,MOYEN_CHARI,0,0,0,1,1,0,0,0
02292,MOYEN_CHARI,0,0,0,0,0,0,0,0
02293,MOYEN_CHARI,0,0,0,0,1,1,0,0
02294,MOYEN_CHARI,0,0,0,0,0,0,0,1
02295,MOYEN_CHARI,0,0,0,0,0,1,0,1
02296,MOYEN_CHARI,0,1,0,0,0,1,0,0
02297,MOYEN_CHARI,0,1,0,0,0,0,0,1
02298,MOYEN_CHARI,0,1,0,0,1,0,0,0
02299,MOYEN_CHARI,0,0,0,0,0,0,0,0
02300,MOYEN_CHARI,0,1,1,0,1,1,0,1
02301,MOYEN_CHARI,0,1,0,0,0,0,1,0
02302,MOYEN_CHARI,0,1,0,1,1,1,1,0
02303,MOYEN_CHARI,0,0,0,0,0,0,0,1
02304,MOYEN_CHARI,0,1,0,0,0,0,0,0
02305,MOYEN_CHARI,0,1,0,0,0,0,0,0
02306,MOYEN_CHARI,0,1,0,0,0,0,0,1
02307,MOYEN_CHARI,0,1,0,0,0,0,0,0
02308,MOYEN_CHARI,1,1,0,1,1,0,0,0
02309,MOYEN_CHARI,0,1,0,1,0,1,0,0
02310,MOYEN_CHARI,0,1,0,0,0,1,0,0
02311,MOYEN_CHARI,0,1,0,1,0,1,0,0
02312,MOYEN_CHARI,0,1,1,1,1,1,0,0
02313,MOYEN_CHARI,0,0,0,1,1,0,0,1
02314,MOYEN_CHARI,0,1,0,1,0,1,0,0
02315,MOYEN_CHARI,0,0,0,0,1,0,0,0
02316,MOYEN_CHARI,0,1,0,0,1,0,0,1
02317,MOYEN_CHARI,0,1,0,0,1,0,0,0
02318,MOYEN_CHARI,0,1,0,1,1,1,1,0
02319,MOYEN_CHARI,1,0,0,0,0,0,0,0
02320,MOYEN_CHARI,0,1,0,0,0,1,1,1
02321,MOYEN_CHARI,0,1,0,0,1,0,0,0
02322,MOYEN_CHARI,0,1,0,0,1,0,0,0
02323,MOYEN_CHARI,1,0,0,0,0,0,0,1
02324,MOYEN_CHARI,0,1,0,0,0,1,1,0
02325,MOYEN_CHARI,1,1,0,0,1,0,0,1
02326,MOYEN_CHARI,0,0,0,1,1,1,1,1
02327,MOYEN_CHARI,0,0,0,0,1,0,0,1
02328,MOYEN_CHARI,0,0,0,1,0,0,0,0
02329,MOYEN_CHARI,0,0,0,0,0,0,0,0
02330,MOYEN_CHARI,0,1,0,0,0,0,0,0
02331,MOYEN_CHARI,0,1,0,0,0,1,0,0
02332,MOYEN_CHARI,0,1,0,0,0,0,0,0
02333,MOYEN_CHARI,0,1,1,0,0,1,1,0
02334,MOYEN_CHARI,0,0,0,0,0,0,0,0
02335,MOYEN_CHARI,0,1,0,0,0,0,1,0
02336,MOYEN_CHARI,0,1,0,0,0,1,0,1
02337,MOYEN_CHARI,0,0,0,0,0,1,0,0
02338,MOYEN_CHARI,0,0,0,0,0,0,0,0
02339,MOYEN_CHARI,0,1,0,1,1,0,0,0
02340,MOYEN_CHARI,0,1,0,0,0,0,0,0
02341,MOYEN_CHARI,0,0,0,0,0,0,0,0
02342,MOYEN_CHARI,0,1,0,1,1,0,0,0
02343,MOYEN_CHARI,0,1,0,1,0,0,0,1
02344,MOYEN_CHARI,0,1,0,0,1,1,0,0
02345,MOYEN_CHARI,1,0,0,1,1,0,0,1
02346,MOYEN_CHARI,0,0,0,0,0,0,1,0
02347,MOYEN_CHARI,0,1,0,0,1,0,0,1
02348,MOYEN_CHARI,0,1,1,0,0,0,1,1
02349,MOYEN_CHARI,0,0,0,1,0,1,0,0
02350,MOYEN_CHARI,0,0,0,0,1,0,0,0
02351,MOYEN_CHARI,0,0,0,0,0,0,0,0
02352,MOYEN_CHARI,0,1,0,0,0,1,0,0
02353,MOYEN_CHARI,0,1,0,0,0,0,0,0
02354,MOYEN_CHARI,0,1,0,0,0,1,0,0
02355,MOYEN_CHARI,0,0,0,1,0,1,0,0
02356,MOYEN_CHARI,1,0,0,0,0,0,0,1
02357,MOYEN_CHARI,0,0,0,1,0,0,0,1
02358,MOYEN_CHARI,0,0,1,0,0,0,0,1
02359,MOYEN_CHARI,0,1,1,0,1,0,0,1
02360,MOYEN_CHARI,0,0,0,0,0,0,0,1
02361,MOYEN_CHARI,0,0,0,0,0,0,0,0
02362,MOYEN_CHARI,0,1,0,0,0,1,1,0
02363,MOYEN_CHARI,0,0,0,0,0,0,0,1
02364,MOYEN_CHARI,1,1,0,0,0,0,0,0
02365,MOYEN_CHARI,0,0,0,0,0,0,0,0
02366,MOYEN_CHARI,0,0,0,0,0,0,0,0
02367,MOYEN_CHARI,0,1,0,0,1,0,0,0
02368,MOYEN_CHARI,0,1,0,0,0,0,0,0
02369,MOYEN_CHARI,0,1,0,0,0,0,0,0
02370,MOYEN_CHARI,0,1,0,0,0,0,0,0
02371,MOYEN_CHARI,0,0,0,0,0,0,0,1
02372,MOYEN_CHARI,0,1,0,1,1,0,0,1
02373,MOYEN_CHARI,0,0,0,0,1,0,0,1
02374,OUADDAÏ,1,1,0,0,0,1,1,0
02375,OUADDAÏ,0,1,0,0,1,0,0,0
02376,OUADDAÏ,1,0,0,0,1,1,0,0
02377,OUADDAÏ,0,1,0,0,0,0,0,0
02378,OUADDAÏ,0,1,1,0,0,0,0,0
02379,OUADAI,0,0,1,0,0,0,0,1
02380,OUADDAÏ,0,0,1,0,0,0,0,1
02381,OUADDAÏ,0,1,1,0,0,1,0,1
02382,OUADDAÏ,0,1,0,0,0,1,0,0
02383,OUADDAÏ,0,1,0,0,0,1,0,0
02384,OUADDAÏ,0,1,1,0,0,1,0,0
02385,OUADDAÏ,0,1,1,0,0,0,0,0
02386,OUADAI,0,1,0,0,0,0,0,1
02387,OUADDAÏ,0,1,0,0,0,1,0,0
02388,OUADDAÏ,0,1,1,0,1,1,0,1
02389,OUADDAÏ,0,1,0,0,0,0,0,0
02390,OUADDAÏ,1,1,1,0,0,1,0,1
02391,OUADDAÏ,1,0,1,0,1,1,1,1
02392,OUADDAÏ,0,0,1,0,0,1,0,0
02393,OUADDAÏ,1,1,0,0,0,0,0,0
02394,OUADDAÏ,0,1,0,0,0,1,0,0
02395,OUADDAÏ,0,0,0,0,0,0,0,0
02396,OUADDAÏ,0,0,0,1,0,0,0,1
02397,OUADDAÏ,0,1,0,0,0,1,0,1
02398,OUADDAÏ,0,1,0,0,1,0,0,0
02399,OUADDAÏ,0,0,0,0,0,1,0,1
02400,OUADDAÏ,0,1,1,1,0,1,0,1
02401,OUADDAÏ,0,0,0,0,0,0,0,0
02402,OUADDAÏ,0,1,1,0,1,0,0,1
02403,OUADDAÏ,0,0,1,0,0,1,0,0
02404,OUADDAÏ,0,0,0,0,0,0,0,0
02405,OUADAI,0,0,0,0,0,0,0,0
02406,OUADDAÏ,1,0,0,0,1,1,0,1
02407,OUADDAÏ,0,1,1,1,0,0,0,0
02408,OUADDAÏ,0,1,1,0,0,0,0,0
02409,OUADDAÏ,0,0,0,1,0,0,0,0
02410,OUADDAÏ,0,1,0,0,0,1,0,1
02411,OUADDAÏ,1,1,0,0,0,0,0,0
02412,OUADDAÏ,0,0,0,0,0,0,0,0
02413,OUADDAÏ,0,1,1,1,0,1,0,1
02414,OUADDAÏ,0,1,1,1,0,0,0,1
02415,OUADDAÏ,0,0,1,0,0,0,0,1
02416,OUADDAÏ,0,1,0,0,0,0,0,0
02417,OUADDAÏ,0,1,0,1,1,0,0,1
02418,OUADAI,0,1,1,0,1,1,0,1
02419,OUADDAÏ,0,1,1,0,0,1,0,1
02420,OUADDAÏ,0,1,1,0,0,0,1,0
02421,OUADDAÏ,0,1,1,0,0,1,1,0
02422,OUADDAÏ,0,1,1,0,0,0,0,1
02423,OUADDAÏ,1,1,1,0,1,0,1,1
02424,OUADDAÏ,0,1,1,0,0,0,0,1
02425,OUADDAÏ,0,0,0,0,0,0,0,0
02426,OUADDAÏ,0,0,0,0,1,0,0,0
02427,OUADDAÏ,0,1,0,1,1,0,0,0
02428,OUADDAÏ,0,1,1,0,0,0,0,0
02429,OUADDAÏ,0,0,0,0,0,1,0,0
02430,OUADDAÏ,0,1,0,0,1,0,0,0
02431,OUADDAÏ,0,1,1,0,1,0,0,1
02432,OUADAI,0,0,0,0,0,0,0,1
02433,OUADDAÏ,0,0,0,0,0,0,0,0
02434,OUADDAÏ,0,1,0,0,0,1,0,0
02435,OUADDAÏ,0,0,1,1,1,0,0,0
02436,OUADDAÏ,0,0,0,0,0,0,0,0
02437,OUADDAÏ,0,0,1,0,1,1,1,1
02438,OUADDAÏ,1,1,1,0,1,0,1,0
02439,OUADDAÏ,1,0,1,1,1,0,0,0
02440,OUADDAÏ,1,1,1,0,0,1,1,1
02441,OUADDAÏ,0,1,0,0,0,0,0,1
02442,OUADDAÏ,0,1,0,0,0,0,1,0
02443,OUADDAÏ,0,1,1,0,0,1,0,1
02444,OUADDAÏ,0,1,0,0,0,1,1,0
02445,OUADDAÏ,1,0,0,0,0,0,0,0
02446,OUADDAÏ,0,0,1,0,0,1,1,0
02447,OUADDAÏ,0,0,0,1,1,1,0,1
02448,OUADDAÏ,1,1,1,1,1,0,0,1
02449,OUADDAÏ,1,0,0,0,0,0,0,0
02450,OUADDAÏ,0,0,1,0,0,0,0,0
02451,OUADDAÏ,1,1,1,0,1,0,1,1
02452,OUADDAÏ,1,0,1,0,0,1,0,1
02453,OUADDAÏ,0,1,0,0,0,0,0,0
02454,OUADDAÏ,0,0,1,0,1,0,1,1
02455,OUADDAÏ,1,0,0,0,0,1,0,0
02456,OUADDAÏ,0,1,0,0,0,1,1,0
02457,OUADDAÏ,1,1,1,0,0,1,0,0
02458,OUADDAÏ,1,0,1,0,0,0,1,0
02459,OUADDAÏ,0,0,1,1,0,1,0,1
02460,OUADDAÏ,0,1,1,0,1,0,0,1
02461,OUADDAÏ,1,1,0,0,0,0,0,1
02462,OUADDAÏ,1,0,0,0,1,0,0,0
02463,OUADDAÏ,0,1,1,0,0,1,0,1
02464,OUADDAÏ,0,1,1,1,0,1,1,0
02465,OUADDAÏ,0,0,0,0,0,1,0,0
02466,OUADDAÏ,1,1,0,1,1,1,1,0
02467,OUADDAÏ,0,1,1,0,0,0,1,1
02468,OUADDAÏ,0,1,1,0,0,1,0,0
02469,OUADDAÏ,0,0,1,0,0,0,0,0
02470,OUADDAÏ,0,0,0,0,0,0,0,0
02471,OUADDAÏ,0,1,0,1,0,1,0,0
02472,OUADDAÏ,0,1,0,0,0,0,0,0
02473,OUADDAÏ,1,1,1,1,1,1,1,0
02474,OUADDAÏ,0,1,1,0,0,1,0,1
02475,OUADDAÏ,1,1,1,0,0,1,1,1
02476,OUADAI,1,1,1,0,1,1,0,1
02477,OUADDAÏ,0,0,1,1,0,0,0,1
02478,OUADDAÏ,0,0,0,0,0,1,0,0
02479,OUADDAÏ,1,0,0,0,0,1,0,0
02480,OUADDAÏ,0,1,1,0,0,1,0,0
02481,OUADDAÏ,1,0,1,0,1,0,0,1
02482,OUADDAÏ,1,1,0,1,0,1,0,1
02483,OUADDAÏ,0,1,1,1,1,1,1,0
02484,OUADDAÏ,1,0,1,0,1,1,0,1
02485,OUADDAÏ,1,0,0,1,1,1,0,0
02486,OUADDAÏ,1,0,0,0,0,1,0,1
02487,OUADDAÏ,1,0,1,0,1,0,1,1
02488,OUADDAÏ,0,1,1,0,0,0,0,0
02489,OUADDAÏ,0,0,0,0,0,0,0,0
02490,OUADDAÏ,1,0,1,0,0,0,0,1
02491,OUADDAÏ,0,0,1,1,0,1,0,1
02492,OUADDAÏ,0,1,0,0,0,0,0,0
02493,OUADDAÏ,1,0,0,0,1,0,1,0
02494,OUADDAÏ,0,1,0,0,0,0,1,1
02495,OUADDAÏ,1,1,1,0,0,1,0,0
02496,OUADDAÏ,0,0,0,1,0,0,0,1
02497,OUADDAÏ,1,0,0,0,0,0,0,0
02498,OUADDAÏ,0,0,0,0,0,0,0,0
02499,OUADDAÏ,0,1,0,0,0,1,0,0
02500,OUADDAÏ,0,1,1,0,0,1,0,0
02501,OUADDAÏ,1,1,1,0,1,1,0,0
02502,OUADDAÏ,0,1,1,0,1,0,1,0
02503,OUADDAÏ,1,1,0,0,1,1,0,1
02504,OUADDAÏ,1,1,0,1,0,1,0,0
02505,OUADDAÏ,0,0,0,0,0,1,1,0
02506,OUADDAÏ,1,1,0,0,1,0,0,1
02507,OUADDAÏ,0,1,0,0,0,1,0,1
02508,OUADDAÏ,1,0,1,0,0,1,0,1
02509,OUADDAÏ,1,1,1,0,1,1,0,0
02510,OUADDAÏ,1,0,0,0,0,1,0,1
02511,OUADDAÏ,0,1,1,0,1,1,1,0
02512,OUADDAÏ,1,1,1,0,1,0,0,0
02513,OUADDAÏ,0,0,1,1,0,0,0,0
02514,OUADDAÏ,1,1,1,0,0,0,1,0
02515,OUADDAÏ,1,1,0,0,1,1,0,0
02516,OUADDAÏ,0,1,1,0,1,0,1,0
02517,OUADDAÏ,0,1,1,0,1,0,0,0
02518,OUADAI,0,1,1,0,1,1,0,1
02519,OUADDAÏ,0,0,0,0,0,0,1,1
02520,OUADDAÏ,0,1,0,0,0,1,0,1
02521,OUADDAÏ,1,0,1,1,0,1,0,1
02522,OUADDAÏ,1,1,0,0,0,0,0,0
02523,OUADDAÏ,0,1,0,1,0,1,0,0
02524,OUADDAÏ,1,0,0,0,1,0,0,1
02525,OUADDAÏ,1,1,0,0,1,0,1,0
02526,OUADDAÏ,0,1,1,1,0,1,0,1
02527,OUADDAÏ,0,0,0,0,0,0,0,0
02528,OUADDAÏ,0,0,0,0,1,0,0,0
02529,OUADDAÏ,1,0,1,0,0,0,0,0
02530,OUADDAÏ,0,1,1,0,0,0,0,0
02531,OUADDAÏ,1,1,0,0,1,1,0,0
02532,OUADDAÏ,1,0,0,1,0,1,0,0
02533,OUADDAÏ,0,1,0,0,0,0,0,0
02534,OUADDAÏ,0,1,0,0,0,0,0,0
02535,OUADDAÏ,0,0,1,0,0,0,0,0
02536,OUADDAÏ,1,1,0,0,0,1,0,0
02537,OUADDAÏ,1,1,1,1,0,0,1,1
02538,OUADDAÏ,1,1,1,0,1,1,0,1
02539,OUADDAÏ,0,0,0,0,0,1,0,0
02540,OUADDAÏ,0,1,0,0,0,0,0,0
02541,OUADDAÏ,0,0,0,0,0,1,0,0
02542,OUADDAÏ,1,1,0,1,0,1,0,0
02543,OUADDAÏ,1,1,1,0,1,0,0,1
02544,SALAMAT,0,0,1,0,0,1,1,0
02545,SALAMAT,0,1,0,0,0,1,0,0
02546,SALAMAT,0,0,0,0,0,0,0,0
02547,SALAMAT,0,1,0,0,0,0,0,0
02548,SALAMAT,0,1,0,0,1,0,0,0
02549,SALAMAT,0,0,1,0,0,0,0,0
02550,SALAMAT,0,0,0,0,0,0,0,1
02551,SALAMAT,0,0,1,1,0,0,0,1
02552,SALAMAT,0,1,1,1,0,1,1,1
02553,SALAMAT,1,0,0,0,0,0,0,0
02554,SALAMAT,0,1,1,1,0,0,0,1
02555,SALAMAT,0,0,0,1,1,0,0,1
02556,SALAMAT,0,1,0,0,0,0,0,0
02557,SALAMAT,0,0,0,0,0,1,0,0
02558,SALAMAT,1,1,1,0,1,0,0,0
02559,SALAMAT,0,0,0,0,0,0,0,0
02560,SALAMAT,1,1,0,1,1,0,1,1
02561,SALAMAT,0,1,0,0,0,1,0,0
02562,SALAMAT,0,1,0,0,0,1,0,0
02563,SALAMAT,0,1,1,0,0,0,0,0
02564,SALAMAT,0,0,0,0,1,0,0,0
02565,SALAMAT,0,0,1,0,1,0,0,0
02566,SALAMAT,0,1,1,0,0,1,0,1
02567,SALAMAT,0,1,0,0,1,1,0,0
02568,SALAMAT,0,0,0,1,1,0,1,1
02569,SALAMAT,0,1,0,0,0,1,0,1
02570,SALAMAT,0,0,0,0,1,0,0,0
02571,SALAMAT,0,0,0,0,0,0,0,0
02572,SALAMAT,0,1,0,0,0,0,0,0
02573,SALAMAT,0,1,0,0,0,0,1,0
02574,SALAMAT,0,0,1,0,0,1,0,0
02575,SALAMAT,0,0,1,1,1,1,0,0
02576,SALAMAT,0,1,0,0,0,0,0,1
02577,SALAMAT,1,1,1,1,0,0,1,1
02578,SALAMAT,0,1,0,0,0,1,0,0
02579,SALAMAT,0,1,1,0,1,0,0,1
02580,SALAMAT,0,1,0,0,0,1,0,0
02581,SALAMAT,0,1,1,0,1,0,1,0
02582,SALAMAT,0,0,1,0,0,0,0,1
02583,SALAMAT,0,1,0,0,0,1,1,0
02584,SALAMAT,0,1,0,0,0,0,1,0
02585,SALAMAT,0,0,1,0,0,0,0,0
02586,SALAMAT,0,1,1,0,1,0,0,1
02587,SALAMAT,0,1,1,1,1,1,0,0
02588,SALAMAT,0,1,1,0,0,0,0,1
02589,SALAMAT,0,1,0,1,1,0,0,0
02590,SALAMAT,0,0,0,0,0,0,0,0
02591,SALAMAT,0,1,0,0,0,0,0,0
02592,SALAMAT,0,0,0,0,0,0,0,0
02593,SALAMAT,1,1,0,0,1,0,0,0
02594,SALAMAT,0,1,0,0,0,0,0,0
02595,SALAMAT,0,1,0,1,0,0,0,0
02596,SALAMAT,0,0,0,0,0,0,0,0
02597,SALAMAT,1,0,0,0,0,0,0,0
02598,SALAMAT,0,1,0,0,1,0,0,0
02599,SALAMAT,1,1,1,0,1,1,0,0
02600,SALAMAT,1,1,0,0,1,0,0,0
02601,SALAMAT,0,0,1,0,0,0,0,0
02602,SALAMAT,0,1,0,0,1,1,0,1
02603,SALAMAT,0,1,0,0,0,1,0,0
02604,SALAMAT,0,0,1,1,0,0,1,1
02605,SALAMAT,0,1,0,0,1,0,0,1
02606,SALAMAT,0,0,1,0,0,0,0,0
02607,SALAMAT,0,0,0,0,0,0,0,0
02608,SALAMAT,0,0,0,0,0,0,0,0
02609,SALAMAT,0,1,0,0,0,1,0,0
02610,SALAMAT,0,0,0,0,0,0,0,0
02611,SALAMAT,1,1,0,0,0,0,0,0
02612,SALAMAT,1,0,1,1,1,1,0,1
02613,SALAMAT,1,0,1,0,0,0,0,0
02614,SALAMAT,0,1,1,0,0,0,1,0
02615,SALAMAT,0,1,0,0,0,1,0,1
02616,SALAMAT,0,1,0,0,0,1,0,0
02617,SALAMAT,1,1,0,1,1,1,0,1
02618,SALAMAT,0,0,0,1,1,1,1,0
02619,SALAMAT,1,1,1,1,0,1,1,0
02620,SALAMAT,0,0,1,0,0,0,0,0
02621,SALAMAT,1,1,0,0,0,0,0,0
02622,SALAMAT,1,1,1,1,0,1,1,1
02623,SALAMAT,0,1,1,0,0,1,0,0
02624,SALAMAT,0,1,0,0,0,1,1,0
02625,SALAMAT,0,0,1,0,1,0,0,0
02626,SALAMAT,1,1,0,0,1,0,0,1
02627,SALAMAT,1,1,0,1,1,0,0,0
02628,SALAMAT,0,1,0,0,0,0,0,1
02629,SALAMAT,1,1,0,0,0,0,0,0
02630,SALAMAT,1,1,1,0,0,1,0,0
02631,SALAMAT,0,1,1,0,0,0,0,0
02632,SALAMAT,0,0,0,0,1,0,0,0
02633,SALAMAT,1,0,0,0,0,0,0,1
02634,SALAMAT,0,1,0,0,0,0,0,0
02635,SALAMAT,0,0,0,0,0,0,0,1
02636,SALAMAT,1,1,0,1,0,0,0,0
02637,SALAMAT,1,0,0,0,0,0,0,0
02638,SALAMAT,1,0,0,1,0,0,0,0
02639,SALAMAT,0,0,1,1,1,0,0,1
02640,SALAMAT,0,0,1,0,1,0,0,0
02641,SALAMAT,0,0,0,0,0,0,0,1
02642,SALAMAT,0,1,0,0,0,1,0,1
02643,SALAMAT,1,0,0,0,0,1,0,0
02644,SALAMAT,0,0,0,0,0,1,0,0
02645,SALAMAT,0,1,0,0,1,0,0,0
02646,SALAMAT,1,1,0,0,1,1,1,0
02647,SALAMAT,0,1,0,0,1,1,0,0
02648,SALAMAT,0,1,0,0,1,0,0,0
02649,SALAMAT,0,1,0,0,0,1,0,1
02650,SALAMAT,1,1,1,0,0,0,1,1
02651,SALAMAT,0,0,0,0,0,0,0,0
02652,SALAMAT,0,1,0,1,0,1,0,1
02653,SALAMAT,1,1,1,1,0,1,1,0
02654,SALAMAT,1,1,1,0,1,1,0,1
02655,SALAMAT,0,0,1,0,1,1,0,1
02656,SALAMAT,0,0,1,0,0,1,0,0
02657,SALAMAT,0,1,0,0,1,0,0,1
02658,SALAMAT,0,0,0,1,0,0,0,1
02659,SALAMAT,1,0,0,0,0,0,0,0
02660,SALAMAT,1,1,0,1,0,0,0,0
02661,SALAMAT,0,0,0,0,0,0,0,0
02662,SALAMAT,0,1,0,0,0,0,0,0
02663,SALAMAT,0,1,0,0,0,1,0,0
02664,SALAMAT,0,0,0,0,1,0,0,0
02665,SALAMAT,0,1,1,0,0,0,1,0
02666,SALAMAT,0,1,1,0,0,0,0,1
02667,SALAMAT,0,1,1,0,0,0,0,0
02668,SALAMAT,0,0,1,1,0,0,0,0
02669,SALAMAT,0,1,1,0,1,0,1,1
02670,SALAMAT,1,0,0,1,0,0,0,0
02671,SALAMAT,0,0,0,0,0,0,0,0
02672,SALAMAT,1,0,0,0,1,0,0,0
02673,SALAMAT,1,0,0,1,1,1,0,0
02674,SALAMAT,0,1,1,0,0,1,0,0
02675,SALAMAT,1,1,1,1,1,1,0,0
02676,SALAMAT,0,0,0,0,0,0,0,0
02677,SALAMAT,1,1,1,0,0,0,0,0
02678,SALAMAT,1,1,0,0,0,1,1,0
02679,SALAMAT,0,1,0,1,0,0,0,1
02680,SALAMAT,0,0,0,0,0,0,0,0
02681,SALAMAT,1,0,1,0,1,1,0,0
02682,SALAMAT,0,0,1,0,1,0,0,0
02683,SALAMAT,0,0,0,0,0,0,1,0
02684,SALAMAT,1,1,0,0,0,0,0,0
02685,SALAMAT,1,0,0,0,0,0,0,0
02686,SALAMAT,0,1,1,0,0,1,0,1
02687,SALAMAT,1,0,1,1,1,1,0,0
02688,SALAMAT,1,1,0,1,1,0,1,1
02689,SALAMAT,0,1,1,0,1,0,0,1
02690,SALAMAT,0,0,1,0,0,0,0,1
02691,SILA,1,1,0,0,0,1,0,1
02692,SILA,0,1,0,1,0,0,0,1
02693,SILA,0,1,0,0,0,0,1,0
02694,SILA,0,0,0,0,0,0,0,0
02695,SILA,1,1,1,0,0,0,0,0
02696,SILA,0,1,1,1,0,0,0,0
02697,SILA,0,0,0,0,0,0,0,0
02698,SILA,0,1,0,0,1,1,1,1
02699,SILA,0,0,1,0,0,1,0,0
02700,SILA,0,1,1,0,1,1,0,1
02701,SILA,0,0,0,0,0,0,0,0
02702,SILA,0,1,0,1,0,0,1,0
02703,SILA,1,1,1,1,0,1,0,1
02704,SILA,1,0,0,0,0,1,0,0
02705,SILA,0,1,1,0,0,1,0,1
02706,SILA,0,0,1,0,0,1,0,1
02707,SILA,0,1,1,0,0,1,0,0
02708,SILA,0,1,0,0,0,1,0,0
02709,SILA,0,1,0,1,1,1,1,1
02710,SILA,0,1,0,1,1,1,0,0
02711,SILA,0,0,0,1,1,0,1,0
02712,SILA,1,0,0,0,0,0,0,1
02713,SILA,0,0,1,1,0,0,0,0
02714,SILA,0,1,1,0,0,1,0,0
02715,SILA,0,0,1,1,0,0,0,0
02716,SILA,0,1,0,0,0,0,0,1
02717,SILA,0,0,1,0,1,0,0,0
02718,SILA,0,0,0,0,0,0,0,0
02719,SILA,0,1,1,0,0,0,0,1
02720,SILA,0,1,0,0,0,0,0,1
02721,SILA,1,1,1,0,1,1,1,0
02722,SILA,0,1,1,0,1,1,0,0
02723,SILA,0,0,1,1,1,0,1,1
02724,SILA,0,0,0,0,0,0,0,1
02725,SILA,0,1,0,0,1,0,0,0
02726,SILA,0,1,0,0,0,0,0,1
02727,SILA,0,1,1,0,0,1,0,1
02728,SILA,0,1,0,0,0,1,1,1
02729,SILA,0,1,0,0,0,0,0,1
02730,SILA,0,1,1,0,0,0,0,1
02731,SILA,1,1,0,0,1,0,1,1
02732,SILA,0,0,1,0,0,1,0,0
02733,SILA,0,0,1,0,1,1,0,0
02734,SILA,0,1,0,0,0,0,0,1
02735,SILA,0,1,0,0,0,0,0,0
02736,SILA,1,0,1,0,1,0,0,0
02737,SILA,0,0,1,0,0,1,0,0
02738,SILA,0,0,0,0,0,0,0,0
02739,SILA,0,1,1,1,0,0,0,1
02740,SILA,0,0,1,0,1,0,0,0
02741,SILA,0,1,1,0,1,0,0,1
02742,SILA,0,0,1,0,0,0,1,0
02743,SILA,0,1,0,0,1,0,0,0
02744,SILA,0,0,0,0,0,0,0,0
02745,SILA,0,0,0,0,0,0,0,0
02746,SILA,0,0,0,1,0,1,0,0
02747,SILA,0,1,0,1,0,0,1,1
02748,SILA,0,1,0,0,0,0,0,0
02749,SILA,0,1,1,0,1,1,1,1
02750,SILA,0,1,0,0,0,0,0,0
02751,SILA,1,1,1,1,0,0,0,1
02752,SILA,0,1,1,0,0,0,0,1
02753,SILA,0,1,0,1,0,0,0,0
02754,SILA,0,1,0,1,0,1,1,1
02755,SILA,1,1,0,0,0,1,1,0
02756,SILA,0,1,0,0,0,1,1,0
02757,SILA,0,0,0,0,0,0,0,0
02758,SILA,0,1,0,0,1,0,0,0
02759,SILA,0,1,0,0,1,1,0,1
02760,SILA,0,1,1,0,0,1,0,0
02761,SILA,0,0,1,0,1,1,0,1
02762,SILA,0,0,0,0,0,0,0,0
02763,SILA,0,1,0,0,0,0,0,1
02764,SILA,1,1,0,0,0,0,1,1
02765,SILA,0,1,0,0,0,1,0,0
02766,SILA,0,1,1,0,0,0,0,1
02767,SILA,0,1,0,1,1,1,0,0
02768,SILA,0,0,0,0,1,0,0,0
02769,SILA,0,1,1,0,0,0,1,1
02770,SILA,0,1,0,0,0,0,0,0
02771,SILA,0,0,0,1,1,1,0,0
02772,SILA,0,1,0,0,0,0,0,0
02773,SILA,0,1,1,0,0,0,0,0
02774,SILA,1,0,0,0,0,1,0,0
02775,SILA,0,0,0,0,0,1,0,1
02776,SILA,1,1,1,0,1,0,0,0
02777,SILA,0,1,0,1,0,0,0,1
02778,SILA,0,0,1,0,0,1,0,1
02779,SILA,0,0,0,0,0,1,0,1
02780,SILA,0,0,1,0,0,0,0,1
02781,SILA,0,1,0,1,0,1,0,1
02782,SILA,0,1,1,0,1,1,1,0
02783,SILA,1,0,1,0,1,1,0,0
02784,SILA,1,1,1,0,0,0,1,0
02785,SILA,1,1,0,0,1,0,1,0
02786,SILA,0,1,1,0,0,1,0,0
02787,SILA,1,0,0,0,0,0,0,1
02788,SILA,0,0,0,0,0,1,0,0
02789,SILA,0,0,0,1,0,0,0,0
02790,SILA,0,0,0,0,0,1,0,0
02791,SILA,0,1,1,1,0,1,0,0
02792,SILA,1,0,0,0,0,0,0,0
02793,SILA,1,1,1,0,1,1,0,0
02794,SILA,1,1,1,0,1,0,1,0
02795,SILA,0,1,0,0,0,0,0,1
02796,SILA,0,1,0,1,0,0,0,0
02797,SILA,0,0,0,0,1,0,1,1
02798,SILA,1,0,1,0,0,1,0,0
02799,SILA,1,0,0,0,0,0,0,1
02800,SILA,0,1,1,0,0,1,1,1
02801,SILA,0,1,0,0,0,0,0,0
02802,SILA,0,1,1,0,1,1,0,0
02803,SILA,0,1,1,0,0,1,0,1
02804,SILA,1,0,1,0,1,0,0,1
02805,SILA,1,1,0,0,0,0,1,0
02806,SILA,0,0,0,0,0,0,0,0
02807,SILA,1,1,1,0,0,0,0,1
02808,SILA,0,1,0,0,1,1,0,0
02809,SILA,1,1,0,0,0,0,1,0
02810,SILA,1,0,0,0,0,0,0,0
02811,SILA,1,1,1,0,0,1,0,0
02812,SILA,0,0,1,0,0,0,0,1
02813,SILA,0,0,0,0,0,0,0,0
02814,SILA,0,1,0,0,0,0,0,0
02815,SILA,1,1,0,0,1,0,0,0
02816,SILA,1,0,0,1,0,0,0,0
02817,SILA,1,1,1,1,0,1,0,1
02818,SILA,1,0,1,0,0,0,1,0
02819,SILA,0,1,1,0,1,0,0,0
02820,SILA,0,1,0,0,0,1,0,0
02821,SILA,0,1,1,0,0,0,0,0
02822,SILA,0,0,1,1,0,0,0,0
02823,SILA,0,1,0,0,0,0,0,0
02824,SILA,0,0,1,0,0,1,0,0
02825,SILA,0,1,0,0,0,0,0,1
02826,SILA,0,0,0,0,1,0,0,1
02827,SILA,0,1,1,0,0,0,0,1
02828,SILA,1,1,0,0,0,1,0,0
02829,SILA,0,1,1,0,1,1,0,0
02830,SILA,0,1,1,0,0,1,1,0
02831,SILA,1,1,0,0,0,1,0,0
02832,SILA,0,0,1,0,0,0,0,1
02833,SILA,0,0,1,1,1,1,0,0
02834,SILA,0,1,0,0,1,0,0,0
02835,SILA,0,0,0,1,0,1,0,0
02836,SILA,1,0,0,0,0,0,0,0
02837,SILA,1,1,1,0,1,1,1,1
02838,SILA,1,1,0,0,0,1,0,1
02839,SILA,0,1,1,1,0,1,0,1
02840,SILA,0,0,1,0,0,0,0,0
02841,SILA,0,0,0,0,0,0,0,0
02842,SILA,0,1,0,1,0,1,0,1
02843,SILA,0,1,0,0,0,1,0,0
02844,SILA,0,1,1,0,0,0,0,0
02845,SILA,0,1,0,0,0,1,0,0
02846,SILA,0,0,0,0,0,0,0,1
02847,SILA,0,1,0,1,0,1,0,0
02848,SILA,0,1,0,0,1,0,0,1
02849,SILA,0,1,1,0,1,0,1,0
02850,SILA,0,1,0,0,1,0,1,0
02851,SILA,0,1,0,0,1,1,0,0
02852,SILA,0,0,1,0,0,0,0,0
02853,SILA,1,0,1,0,0,0,0,1
02854,SILA,1,0,0,0,0,1,0,1
02855,SILA,1,0,0,0,0,0,0,1
02856,SILA,0,0,0,1,0,0,0,0
02857,SILA,0,1,0,0,1,0,0,1
02858,SILA,1,0,1,0,1,1,1,1
02859,SILA,1,1,0,0,0,0,0,1
02860,SILA,0,0,1,0,0,1,0,0
02861,SILA,0,1,1,0,1,0,0,0
02862,SILA,0,1,1,1,0,1,0,0
02863,SILA,0,0,0,0,1,1,0,1
02864,SILA,1,1,0,0,0,0,0,0
02865,SILA,1,0,0,1,0,0,0,1
02866,SILA,0,1,1,0,0,0,0,0
02867,SILA,0,1,0,0,0,0,0,0
02868,SILA,0,0,1,0,0,0,0,1
02869,SILA,0,1,0,0,1,1,0,0
02870,SILA,0,1,0,1,0,0,0,0
02871,SILA,0,1,1,0,0,0,0,0
02872,TANDJILÉ,0,1,0,0,0,0,0,0
02873,TANDJILÉ,0,0,0,1,0,0,0,0
02874,TANDJILÉ,0,0,0,0,1,1,0,0
02875,TANDJILÉ,0,0,0,0,0,0,0,0
02876,TANDJILÉ,0,1,0,1,0,1,1,1
02877,TANDJILÉ,0,0,0,0,0,0,0,0
02878,TANDJILÉ,0,1,0,0,0,0,0,0
02879,TANDJILLE,0,1,0,0,0,1,0,0
02880,TANDJILÉ,0,1,0,0,0,0,0,0
02881,TANDJILÉ,0,0,0,0,0,0,0,0
02882,TANDJILÉ,0,1,0,1,1,0,0,1
02883,TANDJILÉ,0,1,0,0,1,0,1,1
02884,TANDJILÉ,0,1,0,0,1,1,0,0
02885,TANDJILÉ,0,0,0,0,0,0,0,0
02886,TANDJILLE,0,0,0,1,0,0,0,0
02887,TANDJILLE,1,1,0,0,0,1,1,0
02888,TANDJILÉ,0,0,0,0,1,0,0,0
02889,TANDJILÉ,0,1,1,0,0,1,1,1
02890,TANDJILÉ,0,1,0,0,1,0,0,1
02891,TANDJILÉ,0,1,1,0,0,0,0,0
02892,TANDJILÉ,0,0,0,0,0,0,0,0
02893,TANDJILÉ,0,1,0,0,0,1,0,0
02894,TANDJILÉ,0,1,0,0,0,0,0,0
02895,TANDJILÉ,0,1,0,0,0,0,0,0
02896,TANDJILÉ,0,1,0,0,0,0,0,1
02897,TANDJILÉ,0,1,0,0,1,1,0,1
02898,TANDJILÉ,0,1,0,0,1,0,0,0
02899,TANDJILÉ,0,1,0,0,0,1,0,0
02900,TANDJILÉ,0,1,0,0,1,0,0,1
02901,TANDJILÉ,0,1,0,0,0,0,0,0
02902,TANDJILÉ,0,1,0,0,0,1,0,1
02903,TANDJILÉ,0,0,0,1,0,1,0,0
02904,TANDJILÉ,0,0,0,0,0,1,0,0
02905,TANDJILÉ,0,0,0,1,0,1,0,1
02906,TANDJILÉ,0,1,0,1,1,1,1,0
02907,TANDJILÉ,0,1,0,0,0,0,0,0
02908,TANDJILÉ,1,1,0,0,0,1,0,0
02909,TANDJILÉ,0,1,0,0,1,1,0,0
02910,TANDJILÉ,0,1,0,0,0,1,0,0
02911,TANDJILÉ,0,1,0,1,0,0,1,0
02912,TANDJILÉ,1,0,0,1,1,0,0,0
02913,TANDJILÉ,0,0,0,0,1,0,1,0
02914,TANDJILÉ,0,1,1,0,1,1,0,1
02915,TANDJILÉ,0,0,0,1,0,0,0,1
02916,TANDJILÉ,0,0,0,0,0,0,0,0
02917,TANDJILÉ,0,1,0,0,1,1,0,0
02918,TANDJILÉ,0,1,0,1,1,1,0,1
02919,TANDJILÉ,1,0,0,1,0,0,1,0
02920,TANDJILÉ,0,0,0,0,0,0,0,0
02921,TANDJILÉ,0,1,0,0,1,0,0,0
02922,TANDJILÉ,0,1,0,1,0,1,0,0
02923,TANDJILÉ,0,0,0,0,0,0,0,0
02924,TANDJILÉ,0,0,0,0,0,1,0,0
02925,TANDJILÉ,0,0,0,0,0,0,0,0
02926,TANDJILÉ,0,0,0,1,1,1,1,0
02927,TANDJILÉ,0,1,0,0,0,0,0,1
02928,TANDJILÉ,0,1,0,0,0,0,0,0
02929,TANDJILÉ,0,1,1,0,0,1,0,0
02930,TANDJILLE,0,1,0,0,0,0,0,1
02931,TANDJILÉ,0,0,0,0,0,0,0,1
02932,TANDJILÉ,0,1,0,0,0,0,0,0
02933,TANDJILÉ,0,0,0,0,1,0,0,0
02934,TANDJILÉ,0,1,0,0,0,0,0,0
02935,TANDJILÉ,0,0,0,0,0,0,0,0
02936,TANDJILÉ,0,1,0,1,0,1,0,0
02937,TANDJILÉ,0,1,1,0,0,0,1,0
02938,TANDJILÉ,0,1,0,1,1,1,0,0
02939,TANDJILÉ,0,0,0,0,0,0,0,0
02940,TANDJILÉ,0,1,0,1,1,0,0,1
02941,TANDJILÉ,0,0,0,0,0,0,0,1
02942,TANDJILÉ,0,1,0,0,0,0,0,0
02943,TANDJILÉ,0,1,0,0,0,0,0,0
02944,TANDJILÉ,0,1,0,0,0,1,0,1
02945,TANDJILÉ,0,1,0,0,0,1,0,0
02946,TANDJILÉ,0,1,0,0,0,0,0,0
02947,TANDJILÉ,0,1,0,0,0,1,1,1
02948,TANDJILÉ,0,0,0,0,0,0,0,0
02949,TANDJILÉ,0,1,0,0,0,1,0,0
02950,TANDJILÉ,0,1,0,0,0,0,0,0
02951,TANDJILÉ,0,0,0,0,0,0,0,0
02952,TANDJILÉ,1,1,0,0,0,0,1,0
02953,TANDJILLE,0,0,0,0,0,1,0,0
02954,TANDJILÉ,0,1,0,1,1,0,0,0
02955,TANDJILÉ,0,0,0,0,0,0,0,0
02956,TANDJILÉ,0,0,0,0,0,0,0,0
02957,TANDJILÉ,0,1,0,0,0,0,0,0
02958,TANDJILÉ,0,1,0,0,1,0,0,0
02959,TANDJILÉ,0,0,0,1,1,0,0,0
02960,TANDJILÉ,1,1,0,0,0,1,0,0
02961,TANDJILÉ,0,0,0,1,0,0,0,1
02962,TANDJILLE,0,1,0,1,0,0,0,1
02963,TANDJILLE,0,1,0,0,0,0,0,0
02964,TANDJILÉ,0,1,0,1,0,0,0,1
02965,TANDJILÉ,0,0,0,1,0,0,0,1
02966,TANDJILÉ,0,1,0,0,0,0,0,0
02967,TANDJILÉ,0,0,0,0,1,1,0,0
02968,TANDJILÉ,0,1,1,1,0,1,0,1
02969,TANDJILÉ,0,1,0,1,0,0,0,0
02970,TANDJILÉ,0,1,0,0,0,0,0,1
02971,TANDJILÉ,0,1,0,0,1,0,0,1
02972,TANDJILÉ,1,0,0,1,0,0,0,1
02973,TANDJILÉ,0,1,0,0,0,0,0,0
02974,TANDJILÉ,0,1,0,1,0,0,0,0
02975,TANDJILÉ,0,1,0,0,0,1,0,1
02976,TANDJILÉ,0,0,0,0,0,0,0,1
02977,TANDJILÉ,1,0,0,0,0,0,0,1
02978,TANDJILÉ,0,0,0,0,0,0,0,0
02979,TANDJILÉ,0,1,0,1,0,1,0,0
02980,TANDJILÉ,0,0,0,0,0,0,0,0
02981,TANDJILÉ,0,1,0,1,0,1,0,1
02982,TANDJILÉ,0,1,0,0,0,1,0,1
02983,TANDJILÉ,0,0,0,0,0,0,0,0
02984,TANDJILÉ,0,1,0,1,0,1,0,0
02985,TANDJILÉ,0,0,0,0,1,0,0,0
02986,TANDJILÉ,0,0,1,0,0,0,1,0
02987,TANDJILÉ,0,1,0,0,0,0,1,1
02988,TANDJILÉ,0,1,0,0,0,0,1,1
02989,TANDJILÉ,0,1,0,0,1,0,1,1
02990,TANDJILÉ,0,1,0,0,0,1,0,0
02991,TANDJILÉ,1,0,0,0,0,0,0,0
02992,TANDJILÉ,0,1,1,0,1,1,0,0
02993,TANDJILÉ,0,0,0,0,0,0,0,0
02994,TANDJILÉ,0,1,0,0,0,1,0,0
02995,TANDJILÉ,1,1,0,0,1,0,0,1
02996,TANDJILÉ,0,0,0,1,1,0,0,1
02997,TANDJILÉ,1,0,0,0,0,0,0,0
02998,TANDJILÉ,0,1,0,0,0,0,0,0
02999,TANDJILÉ,0,0,0,1,1,0,1,0
03000,TANDJILÉ,0,0,0,0,0,0,0,0
03001,TANDJILÉ,0,1,0,1,0,1,0,0
03002,TANDJILÉ,0,1,0,1,1,0,0,1
03003,TANDJILÉ,0,0,0,1,0,0,0,0
03004,TANDJILÉ,0,1,0,0,0,0,0,0
03005,TANDJILÉ,0,1,0,1,0,1,0,0
03006,TANDJILÉ,0,1,0,0,0,1,0,0
03007,TANDJILÉ,0,1,0,0,0,0,0,0
03008,TANDJILÉ,0,0,1,0,0,1,0,0
03009,TANDJILÉ,0,0,0,0,0,1,0,1
03010,TANDJILÉ,0,0,0,0,0,0,0,0
03011,TANDJILÉ,0,1,0,0,0,1,1,0
03012,TANDJILÉ,1,0,0,1,1,1,0,0
03013,TANDJILÉ,0,0,0,0,1,0,0,0
03014,TANDJILÉ,0,0,0,1,0,0,0,0
03015,TANDJILÉ,0,1,0,0,1,0,0,1
03016,TANDJILÉ,0,0,0,0,0,0,0,0
03017,TANDJILÉ,0,1,0,0,0,1,0,1
03018,TANDJILÉ,0,1,0,1,1,1,0,0
03019,TANDJILÉ,0,1,0,0,0,0,1,0
03020,TANDJILÉ,0,1,0,0,0,1,1,0
03021,TANDJILÉ,0,0,0,0,0,0,0,0
03022,TANDJILÉ,0,0,0,0,0,0,1,0
03023,TANDJILÉ,0,1,0,1,0,0,0,0
03024,TANDJILÉ,0,0,0,1,1,0,0,1
03025,TANDJILÉ,0,1,0,0,0,1,0,0
03026,TANDJILÉ,0,1,0,0,0,0,0,0
03027,TANDJILÉ,1,1,0,0,0,0,0,0
03028,TANDJILÉ,0,1,0,1,1,0,0,1
03029,TANDJILÉ,0,1,0,0,0,0,0,1
03030,TANDJILÉ,0,1,0,0,0,1,0,0
03031,TANDJILÉ,0,1,0,0,0,0,0,0
03032,TANDJILÉ,0,0,0,0,0,0,0,0
03033,TANDJILÉ,0,0,0,0,1,0,0,0
03034,TANDJILÉ,1,0,0,0,1,0,0,0
03035,TANDJILÉ,0,1,0,0,0,0,0,0
03036,TANDJILÉ,0,1,0,0,0,0,0,1
03037,TANDJILÉ,0,0,0,1,1,1,0,0
03038,TANDJILÉ,0,0,0,0,0,0,0,1
03039,TANDJILÉ,0,1,0,0,0,1,0,0
03040,TANDJILÉ,0,1,0,0,0,0,0,0
03041,TANDJILÉ,0,0,0,0,0,0,0,0
03042,TANDJILÉ,0,1,0,0,1,1,0,0
03043,TANDJILÉ,1,1,1,1,1,0,1,1
03044,TANDJILÉ,0,0,0,0,1,1,0,1
03045,TANDJILLE,0,1,0,0,1,0,0,0
03046,TANDJILÉ,1,0,0,0,1,1,0,0
03047,TANDJILÉ,0,0,0,0,0,0,0,0
03048,TANDJILÉ,0,0,1,0,0,1,0,0
03049,TANDJILÉ,0,0,0,0,0,1,0,0
03050,TANDJILÉ,0,0,0,0,1,0,1,0
03051,TIBESTI,0,0,0,0,0,0,0,1
03052,TIBESTI,0,1,0,0,1,1,0,0
03053,TIBESTI,1,0,0,0,1,0,0,1
03054,TIBESTI,1,0,0,0,0,1,0,0
03055,TIBESTI,0,1,0,1,0,0,0,0
03056,TIBESTI,1,1,0,0,1,1,1,1
03057,TIBESTI,1,1,0,1,1,1,0,1
03058,TIBESTI,0,1,0,0,0,0,0,0
03059,TIBESTI,0,1,0,0,0,0,0,0
03060,TIBESTI,1,0,0,0,0,0,0,0
03061,TIBESTI,0,1,1,0,0,1,0,1
03062,TIBESTI,0,0,0,0,1,1,0,0
03063,TIBESTI,0,1,0,1,0,1,0,0
03064,TIBESTI,0,1,0,1,0,1,0,0
03065,TIBESTI,1,1,0,0,0,0,0,0
03066,TIBESTI,1,0,1,0,0,0,1,1
03067,TIBESTI,0,0,0,0,0,1,0,1
03068,TIBESTI,0,1,0,1,0,0,0,1
03069,TIBESTI,0,1,0,0,0,0,0,0
03070,TIBESTI,0,0,0,0,0,0,1,1
03071,TIBESTI,1,1,0,0,0,0,0,0
03072,TIBESTI,0,1,0,0,0,1,0,0
03073,TIBESTI,1,0,0,0,0,0,0,0
03074,TIBESTI,1,1,1,0,0,0,0,0
03075,TIBESTI,1,0,0,1,1,1,0,0
03076,TIBESTI,0,1,1,0,1,0,0,0
03077,TIBESTI,0,1,0,0,0,0,0,0
03078,TIBESTI,0,1,0,0,0,1,0,0
03079,TIBESTI,0,1,0,0,0,0,0,1
03080,TIBESTI,1,0,0,0,1,1,0,0
03081,TIBESTI,1,1,0,0,0,0,0,1
03082,TIBESTI,0,0,0,0,0,0,0,0
03083,TIBESTI,1,1,0,0,0,0,1,1
03084,TIBESTI,0,0,1,0,0,0,0,0
03085,TIBESTI,0,0,0,0,0,0,0,0
03086,TIBESTI,1,0,0,0,0,1,0,0
03087,TIBESTI,0,0,0,0,0,0,0,0
03088,TIBESTI,0,1,0,0,0,0,0,0
03089,TIBESTI,0,0,1,0,0,0,0,1
03090,TIBESTI,1,1,1,0,1,1,0,0
03091,TIBESTI,1,1,0,1,0,0,0,1
03092,TIBESTI,0,0,0,0,0,0,0,0
03093,TIBESTI,0,0,0,0,0,0,0,0
03094,TIBESTI,0,0,0,0,0,0,0,0
03095,TIBESTI,0,0,0,0,0,0,0,0
03096,TIBESTI,0,0,0,0,0,0,0,1
03097,TIBESTI,1,0,0,0,0,0,1,1
03098,TIBESTI,0,1,0,0,0,1,0,1
03099,TIBESTI,0,1,0,0,0,0,0,0
03100,TIBESTI,1,1,1,1,1,0,0,1
03101,TIBESTI,0,0,0,0,0,1,0,0
03102,TIBESTI,0,1,0,0,0,1,0,1
03103,TIBESTI,1,0,0,0,0,1,0,0
03104,TIBESTI,1,0,0,0,0,0,1,0
03105,TIBESTI,1,1,0,0,0,1,1,0
03106,TIBESTI,0,1,0,0,0,0,0,0
03107,TIBESTI,1,0,0,0,1,1,1,0
03108,TIBESTI,0,0,0,0,0,0,0,1
03109,TIBESTI,0,0,0,0,0,0,0,0
03110,TIBESTI,0,1,1,0,0,1,0,0
03111,TIBESTI,0,1,0,0,0,1,0,1
03112,TIBESTI,0,1,0,0,0,1,0,1
03113,TIBESTI,0,1,1,1,0,0,0,1
03114,TIBESTI,1,1,0,1,1,0,0,1
03115,TIBESTI,0,0,1,0,0,1,0,0
03116,TIBESTI,0,1,0,0,0,0,0,1
03117,TIBESTI,1,1,0,0,0,1,0,0
03118,TIBESTI,1,1,0,1,1,1,0,0
03119,TIBESTI,0,0,0,1,0,1,0,0
03120,TIBESTI,1,1,0,0,0,0,0,1
03121,TIBESTI,0,0,0,0,0,0,0,0
03122,TIBESTI,1,1,0,0,0,1,0,1
03123,TIBESTI,0,1,0,1,0,1,1,1
03124,TIBESTI,0,1,0,0,0,0,0,0
03125,TIBESTI,0,1,0,1,1,0,0,0
03126,TIBESTI,0,1,0,0,0,0,0,0
03127,TIBESTI,1,0,0,0,0,0,0,0
03128,TIBESTI,0,0,0,0,0,0,0,0
03129,TIBESTI,1,1,0,1,1,1,0,0
03130,TIBESTI,1,0,0,0,0,0,0,1
03131,TIBESTI,0,0,0,0,0,1,0,1
03132,TIBESTI,0,1,1,0,1,1,0,1
03133,TIBESTI,1,0,0,0,0,1,0,0
03134,TIBESTI,1,1,0,0,1,1,0,0
03135,TIBESTI,1,1,0,0,1,0,1,1
03136,TIBESTI,0,1,0,1,0,1,0,0
03137,TIBESTI,1,1,0,1,1,1,0,0
03138,TIBESTI,1,1,0,0,0,1,0,1
03139,TIBESTI,1,1,1,0,1,1,1,1
03140,TIBESTI,0,1,1,0,0,1,0,0
03141,TIBESTI,1,0,0,0,0,0,0,0
03142,TIBESTI,1,0,0,0,0,0,0,0
03143,TIBESTI,0,0,0,0,0,0,0,0
03144,TIBESTI,1,1,0,0,0,1,0,1
03145,TIBESTI,1,0,0,0,0,1,0,0
03146,TIBESTI,1,1,0,0,0,1,1,0
03147,TIBESTI,0,0,0,0,0,0,0,0
03148,TIBESTI,1,1,0,1,0,1,0,1
03149,TIBESTI,0,1,0,0,1,1,0,0
03150,TIBESTI,0,0,0,0,0,0,0,0
03151,TIBESTI,0,0,0,0,0,0,0,1
03152,TIBESTI,1,0,0,1,0,1,0,1
03153,TIBESTI,0,0,0,0,0,0,0,0
03154,TIBESTI,0,0,0,0,0,1,0,0
03155,TIBESTI,1,1,0,0,0,1,0,1
03156,TIBESTI,1,0,0,0,0,0,0,0
03157,TIBESTI,0,0,1,0,0,1,0,0
03158,TIBESTI,0,1,0,0,0,1,0,0
03159,TIBESTI,1,1,1,0,1,1,0,0
03160,TIBESTI,0,0,0,0,0,0,0,1
03161,TIBESTI,0,0,0,0,0,1,0,0
03162,TIBESTI,1,1,0,0,0,1,0,0
03163,TIBESTI,1,0,0,0,0,0,0,0
03164,TIBESTI,0,0,0,0,0,0,0,0
03165,TIBESTI,1,1,1,0,1,1,0,1
03166,TIBESTI,1,0,0,0,0,0,0,0
03167,TIBESTI,0,1,0,1,1,0,0,0
03168,TIBESTI,1,1,0,0,1,0,0,1
03169,TIBESTI,1,0,0,0,0,0,0,1
03170,TIBESTI,1,1,0,0,0,0,0,1
03171,TIBESTI,0,0,0,0,0,1,0,0
03172,TIBESTI,1,1,0,1,1,1,0,1
03173,WADI_FIRA,0,0,1,0,1,1,1,1
03174,WADI_FIRA,0,1,1,0,0,1,0,0
03175,WADI_FIRA,0,0,0,1,0,0,0,0
03176,WADI_FIRA,0,1,0,0,0,0,0,0
03177,WADI_FIRA,0,1,0,0,0,0,0,0
03178,WADI_FIRA,0,1,0,0,1,0,1,1
03179,WADI_FIRA,0,1,0,0,0,1,0,0
03180,WADI_FIRA,0,0,0,0,0,1,0,1
03181,WADI_FIRA,0,1,0,0,0,1,0,0
03182,WADI_FIRA,0,1,0,0,0,0,0,1
03183,WADI_FIRA,0,1,0,1,1,0,0,0
03184,WADI_FIRA,1,0,0,0,1,0,0,1
03185,WADI_FIRA,0,0,0,1,0,1,0,0
03186,WADI_FIRA,0,0,0,0,0,1,0,1
03187,WADI_FIRA,1,1,0,0,0,0,0,1
03188,WADI_FIRA,1,1,1,1,0,1,0,1
03189,WADI_FIRA,0,0,0,1,0,1,0,0
03190,WADI_FIRA,0,1,0,0,0,1,0,1
03191,WADI_FIRA,0,0,1,0,0,0,0,1
03192,WADI_FIRA,0,0,1,0,0,1,0,0
03193,WADI_FIRA,0,1,1,1,0,1,0,0
03194,WADI_FIRA,0,1,0,1,0,0,0,0
03195,WADI_FIRA,1,0,0,0,1,0,0,1
03196,WADI_FIRA,0,0,0,0,0,0,0,0
03197,WADI_FIRA,0,0,0,0,0,0,0,0
03198,WADI_FIRA,0,0,0,0,0,0,0,1
03199,WADI_FIRA,0,0,0,0,0,0,0,0
03200,WADI_FIRA,0,1,1,0,0,1,1,1
03201,WADI_FIRA,0,0,0,0,0,0,0,0
03202,WADI_FIRA,0,1,0,0,0,0,0,1
03203,WADI_FIRA,0,1,0,0,1,0,0,0
03204,WADI_FIRA,0,1,1,1,0,0,0,0
03205,WADI_FIRA,0,1,1,0,0,0,0,1
03206,WADI_FIRA,0,0,1,1,0,1,0,0
03207,WADI_FIRA,1,0,1,0,0,0,1,0
03208,WADI_FIRA,0,1,0,0,0,0,1,1
03209,WADI_FIRA,0,1,0,0,1,1,0,0
03210,WADI_FIRA,0,0,0,1,1,0,0,1
03211,WADI_FIRA,0,0,0,0,0,0,0,0
03212,WADI_FIRA,1,0,0,0,0,0,1,0
03213,WADI_FIRA,0,1,0,0,0,1,0,0
03214,WADI_FIRA,0,0,0,0,0,0,0,1
03215,WADI_FIRA,0,0,0,0,0,0,0,0
03216,WADI_FIRA,0,0,0,1,0,0,0,1
03217,WADI_FIRA,0,0,0,0,0,0,0,0
03218,WADI_FIRA,0,0,0,1,0,0,0,1
03219,WADI_FIRA,1,0,0,0,1,0,1,0
03220,WADI_FIRA,1,0,1,0,0,0,1,0
03221,WADI_FIRA,0,1,0,0,0,0,0,0
03222,WADI_FIRA,1,1,0,0,0,0,1,1
03223,WADI_FIRA,0,1,0,1,0,0,0,0
03224,WADI_FIRA,0,0,0,0,0,0,0,1
03225,WADI_FIRA,0,0,0,0,0,0,0,0
03226,WADI_FIRA,0,1,0,0,0,0,0,0
03227,WADI_FIRA,0,0,1,0,1,1,0,0
03228,WADI_FIRA,1,0,0,0,0,0,0,0
03229,WADI_FIRA,1,1,0,1,1,0,1,0
03230,WADI_FIRA,0,0,0,0,0,0,0,0
03231,WADI_FIRA,1,1,0,1,0,0,1,0
03232,WADI_FIRA,1,1,0,0,0,0,0,0
03233,WADI_FIRA,1,1,0,0,0,1,0,0
03234,WADI_FIRA,1,0,1,0,0,0,0,1
03235,WADI_FIRA,1,1,1,0,0,0,0,0
03236,WADI_FIRA,0,1,0,0,0,0,0,1
03237,WADI_FIRA,1,1,0,0,1,0,1,0
03238,WADI_FIRA,0,1,0,0,0,0,0,0
03239,WADI_FIRA,1,1,0,0,1,1,0,0
03240,WADI_FIRA,1,0,0,1,0,1,0,0
03241,WADI_FIRA,1,1,0,0,0,0,0,0
03242,WADI_FIRA,0,0,0,0,0,0,0,0
03243,WADI_FIRA,1,0,0,0,0,1,0,0
03244,WADI_FIRA,0,0,0,1,0,0,0,0
03245,WADI_FIRA,0,1,0,0,0,0,0,0
03246,WADI_FIRA,1,0,0,0,0,1,0,0
03247,WADI_FIRA,1,0,0,1,0,0,1,0
03248,WADI_FIRA,0,0,0,1,0,0,0,0
03249,WADI_FIRA,1,1,0,0,1,0,0,1
03250,WADI_FIRA,1,1,0,0,0,1,0,1
03251,WADI_FIRA,1,1,1,1,0,1,0,1
03252,WADI_FIRA,0,1,0,0,1,0,0,0
03253,WADI_FIRA,1,1,0,0,0,0,0,1
03254,WADI_FIRA,0,1,1,0,0,1,0,1
03255,WADI_FIRA,0,1,0,0,0,1,0,1
03256,WADI_FIRA,1,0,0,0,0,1,0,1
03257,WADI_FIRA,0,1,0,0,0,0,0,0
03258,WADI_FIRA,1,0,0,0,0,0,0,1
03259,WADI_FIRA,1,1,0,0,0,1,0,1
03260,WADI_FIRA,1,0,0,0,0,0,0,0
03261,WADI_FIRA,0,0,0,0,0,0,0,0
03262,WADI_FIRA,0,0,0,1,1,0,0,0
03263,WADI_FIRA,1,1,0,0,0,1,0,1
03264,WADI_FIRA,1,0,1,0,1,0,0,0
03265,WADI_FIRA,0,1,0,0,1,0,1,0
03266,WADI_FIRA,0,0,0,1,0,1,0,0
03267,WADI_FIRA,1,1,0,0,0,1,0,0
03268,WADI_FIRA,0,0,0,0,0,0,0,0
03269,WADI_FIRA,0,0,0,0,0,0,0,0
03270,WADI_FIRA,1,1,1,0,1,1,0,1
03271,WADI_FIRA,1,1,0,0,1,0,0,1
03272,WADI_FIRA,1,1,0,1,0,1,0,0
03273,WADI_FIRA,1,1,0,0,0,0,0,1
03274,WADI_FIRA,0,1,0,0,0,0,0,0
03275,WADI_FIRA,0,0,0,0,0,0,0,0
03276,WADI_FIRA,0,1,1,0,0,0,1,0
03277,WADI_FIRA,1,1,1,0,1,0,1,0
03278,WADI_FIRA,0,1,0,0,1,0,0,1
03279,WADI_FIRA,0,0,0,0,0,0,0,1
03280,WADI_FIRA,0,1,0,1,0,1,0,0
03281,WADI_FIRA,1,0,0,0,0,0,0,0
03282,WADI_FIRA,1,0,0,0,0,0,0,1
03283,WADI_FIRA,1,1,0,1,1,1,0,0
03284,WADI_FIRA,0,0,0,1,1,0,0,0
03285,WADI_FIRA,1,0,0,0,1,1,0,0
03286,WADI_FIRA,1,0,0,0,0,1,0,0
03287,WADI_FIRA,1,0,0,0,0,0,0,1
03288,WADI_FIRA,1,0,0,0,0,0,0,0
03289,WADI_FIRA,0,1,0,0,0,0,0,0
03290,WADI_FIRA,1,1,1,0,0,0,1,1
03291,WADI_FIRA,1,0,0,0,0,0,0,0
03292,WADI_FIRA,1,1,0,0,0,0,0,0
03293,WADI_FIRA,1,1,0,0,0,0,0,0
03294,WADI_FIRA,1,1,0,0,0,0,0,0
03295,WADI_FIRA,0,1,0,0,0,0,0,0
03296,WADI_FIRA,1,1,0,1,0,0,1,1
03297,WADI_FIRA,0,0,0,0,1,1,0,0
03298,WADI_FIRA,1,0,0,0,0,0,0,0
03299,WADI_FIRA,1,1,0,0,0,1,0,1
03300,WADI_FIRA,1,1,0,0,1,0,1,0
03301,WADI_FIRA,0,0,0,0,1,0,1,0
03302,WADI_FIRA,0,1,0,0,1,1,0,0
03303,WADI_FIRA,1,1,0,0,0,1,0,0
03304,WADI_FIRA,1,0,0,0,0,0,0,0
03305,WADI_FIRA,1,0,0,1,0,0,0,0
03306,WADI_FIRA,1,1,0,0,1,1,0,0
03307,NDJAMENA,0,0,0,0,0,0,0,1
03308,NDJAMENA,0,1,0,0,1,0,0,0
03309,NDJAMENA,0,1,0,0,0,1,0,0
03310,NDJAMENA,0,0,0,0,0,0,0,0
03311,NDJAMENA,0,1,0,0,0,0,1,0
03312,NDJAMENA,0,1,0,0,0,0,0,0
03313,NDJAMENA,0,0,0,0,0,0,1,0
03314,NDJAMENA,0,1,0,0,0,0,0,0
03315,NDJAMENA,0,1,0,0,0,0,0,0
03316,NDJAMENA,0,1,0,0,0,0,0,0
03317,NDJAMENA,0,1,0,0,0,0,0,0
03318,NDJAMENA,0,1,0,1,0,1,0,1
03319,NDJAMENA,0,1,0,0,0,0,0,0
03320,NDJAMENA,0,0,0,0,0,1,0,0
03321,NDJAMENA,0,1,0,0,0,0,0,0
03322,NDJAMENA,0,1,0,0,0,0,0,1
03323,NDJAMENA,0,1,0,1,1,0,0,0
03324,NDJAMENA,0,1,0,0,0,1,0,0
03325,NDJAMENA,0,0,0,0,0,1,0,0
03326,NDJAMENA,0,1,0,0,1,1,0,0
03327,NDJAMENA,0,0,0,0,0,0,0,0
03328,NDJAMENA,0,0,0,0,0,0,0,1
03329,NDJAMENA,0,1,0,0,1,0,0,0
03330,NDJAMENA,0,1,0,0,0,1,0,0
03331,NDJAMENA,0,1,0,0,0,1,0,1
03332,NDJAMENA,0,1,0,0,0,1,0,0
03333,NDJAMENA,0,1,0,0,0,0,0,0
03334,NDJAMENA,0,1,1,0,0,0,0,0
03335,NDJAMENA,0,1,0,0,0,0,0,0
03336,NDJAMENA,0,0,0,0,1,1,0,0
03337,NDJAMENA,0,1,0,0,1,0,0,0
03338,NDJAMENA,0,0,1,0,1,1,0,0
03339,NDJAMENA,0,1,0,1,1,1,0,0
03340,NDJAMENA,0,0,0,0,0,0,0,0
03341,NDJAMENA,1,1,0,0,0,0,1,1
03342,NDJAMENA,0,1,0,0,0,0,1,0
03343,NDJAMENA,0,1,0,0,0,0,0,1
03344,NDJAMENA,0,0,0,1,1,0,1,1
03345,NDJAMENA,0,1,0,0,0,0,0,1
03346,NDJAMENA,0,0,0,0,0,0,0,0
03347,NDJAMENA,1,0,0,0,0,0,0,1
03348,NDJAMENA,0,1,0,1,0,1,0,0
03349,NDJAMENA,0,0,0,0,0,0,0,0
03350,NDJAMENA,0,0,0,0,1,0,0,0
03351,NDJAMENA,0,0,0,1,1,0,0,0
03352,NDJAMENA,0,1,0,0,0,0,0,0
03353,NDJAMENA,0,1,0,0,0,0,0,0
03354,NDJAMENA,0,1,0,1,0,1,0,0
03355,NDJAMENA,0,1,0,0,0,0,1,0
03356,NDJAMENA,0,1,0,1,0,1,0,1
03357,NDJAMENA,0,1,0,0,0,0,0,0
03358,NDJAMENA,1,0,0,0,0,0,1,0
03359,NDJAMENA,0,1,0,0,0,0,0,0
03360,NDJAMENA,0,1,0,0,0,1,0,0
03361,NDJAMENA,0,0,0,1,0,1,0,1
03362,NDJAMENA,1,1,0,1,1,1,1,0
03363,NDJAMENA,0,1,0,1,0,0,1,1
03364,NDJAMENA,0,1,0,0,0,0,0,1
03365,NDJAMENA,0,0,0,0,0,0,0,1
03366,NDJAMENA,0,1,0,0,0,0,0,1
03367,NDJAMENA,0,1,0,0,0,1,1,1
03368,NDJAMENA,0,1,0,0,0,0,0,1
03369,NDJAMENA,0,1,1,0,1,1,0,0
03370,NDJAMENA,0,1,0,0,0,0,0,0
03371,NDJAMENA,0,0,0,0,0,1,0,0
03372,NDJAMENA,0,1,0,0,0,1,0,0
03373,NDJAMENA,0,0,0,0,0,0,0,0
03374,NDJAMENA,0,0,0,1,0,0,1,0
03375,NDJAMENA,0,1,0,0,0,0,0,1
03376,NDJAMENA,0,0,0,0,0,1,1,1
03377,NDJAMENA,0,1,0,0,0,0,0,0
03378,NDJAMENA,0,1,0,0,0,0,0,0
03379,NDJAMENA,1,1,0,0,0,0,0,1
03380,NDJAMENA,0,0,0,0,0,1,0,0
03381,NDJAMENA,0,1,0,0,0,0,0,1
03382,NDJAMENA,0,1,0,0,0,0,0,0
03383,NDJAMENA,0,0,0,0,0,0,0,0
03384,NDJAMENA,0,1,0,0,0,0,0,0
03385,BARH_EL_GAZEL,0,1,0,0,1,1,0,1
03386,BARH_EL_GAZEL,0,1,0,0,1,0,1,0
03387,BARH_EL_GAZEL,0,1,0,0,0,0,0,0
03388,BARH_EL_GAZEL,1,0,0,0,0,1,0,0
03389,BARH_EL_GAZEL,0,1,0,0,0,0,0,0
03390,BARH_EL_GAZEL,0,1,0,0,0,1,0,0
03391,BARH_EL_GAZEL,1,0,0,0,0,0,0,1
03392,BARH_EL_GAZEL,1,0,0,0,0,1,0,0
03393,BARH_EL_GAZEL,0,1,0,1,1,0,1,0
03394,BARH_EL_GAZEL,0,1,0,0,0,0,0,1
03395,BARH_EL_GAZEL,1,1,0,0,0,0,0,0
03396,BARH_EL_GAZEL,1,0,0,1,0,1,0,0
03397,BARH_EL_GAZEL,0,0,0,0,0,0,0,0
03398,BARH_EL_GAZEL,1,1,0,0,1,1,1,1
03399,BARH_EL_GAZEL,0,0,0,0,0,0,0,0
03400,BARH_EL_GAZEL,0,0,0,0,0,0,0,0
03401,BARH_EL_GAZEL,1,1,0,0,1,0,1,0
03402,BARH_EL_GAZEL,0,1,1,0,0,1,0,1
03403,BARH_EL_GAZEL,0,1,0,1,0,1,1,0
03404,BARH_EL_GAZEL,0,1,0,0,0,1,0,1
03405,BARH_EL_GAZEL,0,1,1,0,0,1,0,1
03406,BARH_EL_GAZEL,1,1,0,0,1,0,0,1
03407,BARH_EL_GAZEL,0,1,0,0,0,0,1,0
03408,BARH_EL_GAZEL,0,1,0,0,0,1,0,0
03409,BARH_EL_GAZEL,0,1,0,0,1,0,1,1
03410,BARH_EL_GAZEL,1,1,0,0,0,0,1,0
03411,BARH_EL_GAZEL,0,1,0,0,0,1,0,0
03412,BARH_EL_GAZEL,1,1,0,0,1,0,0,1
03413,BARH_EL_GAZEL,1,0,0,0,0,0,0,1
03414,BARH_EL_GAZEL,1,1,1,0,0,0,0,1
03415,BARH_EL_GAZEL,0,0,1,0,0,1,0,0
03416,BARH_EL_GAZEL,0,0,0,0,0,0,0,0
03417,BARH_EL_GAZEL,0,0,0,0,0,0,0,1
03418,BARH_EL_GAZEL,0,1,0,0,0,1,0,0
03419,BARH_EL_GAZEL,0,0,0,0,0,0,0,1
03420,BARH_EL_GAZEL,1,0,0,0,0,0,0,0
03421,BARH_EL_GAZEL,0,1,0,0,0,1,0,1
03422,BARH_EL_GAZEL,1,0,0,0,1,1,0,0
03423,BARH_EL_GAZEL,1,0,0,0,0,0,0,1
03424,BARH_EL_GAZEL,1,1,0,0,0,0,0,1
03425,BARH_EL_GAZEL,0,0,0,0,0,1,0,0
03426,BARH_EL_GAZEL,0,1,0,0,1,0,0,0
03427,BARH_EL_GAZEL,0,0,0,0,0,0,0,1
03428,BARH_EL_GAZEL,0,0,0,0,0,0,0,0
03429,BARH_EL_GAZEL,1,1,0,0,1,0,0,0
03430,BARH_EL_GAZEL,0,0,0,0,1,0,0,0
03431,BARH_EL_GAZEL,0,0,0,1,0,0,0,0
03432,BARH_EL_GAZEL,0,1,1,0,0,0,0,0
03433,BARH_EL_GAZEL,1,1,0,0,0,0,0,0
03434,BARH_EL_GAZEL,1,1,0,0,1,1,0,0
03435,BARH_EL_GAZEL,0,1,1,0,0,0,0,0
03436,BARH_EL_GAZEL,1,1,0,0,1,1,0,1
03437,BARH_EL_GAZEL,0,0,0,0,0,0,0,0
03438,BARH_EL_GAZEL,0,1,1,1,0,1,1,0
03439,BARH_EL_GAZEL,0,1,0,1,1,1,1,0
03440,BARH_EL_GAZEL,1,1,0,0,1,1,0,0
03441,BARH_EL_GAZEL,0,1,0,0,1,1,0,1
03442,BARH_EL_GAZEL,0,0,0,0,0,0,0,1
03443,BARH_EL_GAZEL,1,1,0,0,0,1,0,0
03444,BARH_EL_GAZEL,0,0,0,1,0,0,0,0
03445,BARH_EL_GAZEL,0,1,0,1,0,0,0,1
03446,BARH_EL_GAZEL,0,0,1,0,0,0,0,0
03447,BARH_EL_GAZEL,0,1,0,0,0,0,0,0
03448,BARH_EL_GAZEL,0,0,0,0,0,1,1,1
03449,BARH_EL_GAZEL,1,0,0,1,0,0,0,0
03450,BARH_EL_GAZEL,0,1,0,0,0,0,0,0
03451,BARH_EL_GAZEL,0,0,0,1,0,0,0,1
03452,BARH_EL_GAZEL,1,1,0,0,0,1,0,0
03453,BARH_EL_GAZEL,1,0,0,0,0,1,1,0
03454,BARH_EL_GAZEL,0,1,0,0,0,1,0,1
03455,BARH_EL_GAZEL,0,0,0,0,0,0,0,0
03456,BARH_EL_GAZEL,0,0,0,0,0,0,0,0
03457,BARH_EL_GAZEL,1,1,0,1,0,1,0,1
03458,BARH_EL_GAZEL,1,1,0,1,0,1,1,1
03459,BARH_EL_GAZEL,0,1,0,0,0,0,0,0
03460,BARH_EL_GAZEL,1,0,0,0,0,0,1,0
03461,BARH_EL_GAZEL,0,0,0,0,0,1,0,1
03462,BARH_EL_GAZEL,1,0,0,0,1,1,0,0
03463,BARH_EL_GAZEL,1,0,0,1,1,0,1,0
03464,BARH_EL_GAZEL,1,0,0,1,0,0,0,0
03465,BARH_EL_GAZEL,1,0,0,0,0,0,0,0
03466,BARH_EL_GAZEL,1,1,0,0,0,1,1,0
03467,BARH_EL_GAZEL,0,1,1,0,1,1,0,0
03468,BARH_EL_GAZEL,0,0,1,0,0,0,0,0
03469,BARH_EL_GAZEL,0,0,0,0,0,0,0,0
03470,BARH_EL_GAZEL,1,1,0,0,0,1,0,0
03471,BARH_EL_GAZEL,1,1,0,0,1,0,0,0
03472,BARH_EL_GAZEL,1,1,0,0,0,1,0,1
03473,BARH_EL_GAZEL,0,1,0,1,1,1,0,0
03474,BARH_EL_GAZEL,0,1,1,0,0,1,1,1
03475,BARH_EL_GAZEL,0,1,0,0,0,1,0,0
03476,BARH_EL_GAZEL,0,1,0,1,0,0,1,0
03477,BARH_EL_GAZEL,0,1,0,0,1,0,1,1
03478,BARH_EL_GAZEL,1,1,0,0,0,1,1,1
03479,BARH_EL_GAZEL,1,1,1,0,0,1,0,1
03480,BARH_EL_GAZEL,1,0,1,0,0,0,0,1
03481,BARH_EL_GAZEL,1,0,0,0,0,1,0,0
03482,BARH_EL_GAZEL,1,0,0,1,0,0,0,0
03483,BARH_EL_GAZEL,1,1,0,0,0,1,1,1
03484,BARH_EL_GAZEL,1,1,0,0,1,0,0,1
03485,BARH_EL_GAZEL,1,1,0,0,0,0,0,0
03486,BARH_EL_GAZEL,0,1,1,1,0,0,0,1
03487,BARH_EL_GAZEL,1,1,0,0,0,0,0,0
03488,BARH_EL_GAZEL,0,1,0,0,0,0,1,0
03489,BARH_EL_GAZEL,1,0,0,0,0,1,0,0
03490,BARH_EL_GAZEL,0,0,0,0,0,0,0,0
03491,BARH_EL_GAZEL,1,0,0,0,0,0,0,0
03492,BARH_EL_GAZEL,0,1,0,0,0,1,0,0
03493,BARH_EL_GAZEL,0,1,0,1,0,1,0,0
03494,BARH_EL_GAZEL,1,1,0,0,0,0,0,1
03495,BARH_EL_GAZEL,1,1,0,0,0,1,0,1
03496,BARH_EL_GAZEL,0,0,1,1,1,1,0,1
03497,BARH_EL_GAZEL,0,1,0,0,1,0,0,0
03498,BARH_EL_GAZEL,1,1,0,0,0,0,0,0
03499,BARH_EL_GAZEL,1,1,0,0,0,0,0,0
03500,BARH_EL_GAZEL,0,0,0,0,0,0,0,0
03501,BARH_EL_GAZEL,1,1,0,0,0,1,0,0
03502,BARH_EL_GAZEL,0,0,0,1,0,0,0,0
03503,BARH_EL_GAZEL,0,0,0,0,0,0,0,1
03504,BARH_EL_GAZEL,1,1,0,0,1,1,0,1
03505,BARH_EL_GAZEL,0,0,1,0,0,1,0,0
03506,BARH_EL_GAZEL,1,0,0,0,0,0,0,0
03507,BARH_EL_GAZEL,1,0,0,0,0,0,0,0
03508,BARH_EL_GAZEL,1,1,0,0,0,0,0,1
03509,BARH_EL_GAZEL,1,0,0,0,0,1,0,0
03510,BARH_EL_GAZEL,1,1,0,1,1,1,0,0
03511,BARH_EL_GAZEL,0,0,0,0,0,0,0,0
03512,BARH_EL_GAZEL,0,0,0,0,0,0,0,1
03513,BARH_EL_GAZEL,0,1,0,0,0,0,0,0
03514,BARH_EL_GAZEL,1,1,0,0,0,0,1,1
03515,BARH_EL_GAZEL,1,0,0,0,1,1,0,0
03516,BARH_EL_GAZEL,0,0,0,0,0,1,0,0
03517,BARH_EL_GAZEL,1,0,0,0,0,0,0,0
03518,BARH_EL_GAZEL,1,1,0,0,0,0,1,0
03519,BARH_EL_GAZEL,0,1,0,0,1,1,0,0
03520,BARH_EL_GAZEL,0,1,0,0,0,1,0,0
03521,BARH_EL_GAZEL,0,0,0,0,1,0,0,0
03522,BARH_EL_GAZEL,1,1,0,0,1,0,0,0
03523,BARH_EL_GAZEL,1,0,0,1,1,1,1,0
03524,BARH_EL_GAZEL,1,1,0,0,0,0,0,0
03525,BARH_EL_GAZEL,0,1,0,0,0,0,0,0
03526,BARH_EL_GAZEL,1,0,0,0,0,0,0,0
03527,BARH_EL_GAZEL,1,0,1,0,0,0,1,0
03528,BARH_EL_GAZEL,0,1,0,0,0,1,1,0
03529,BARH_EL_GAZEL,0,1,0,1,1,0,0,1
03530,BARH_EL_GAZEL,1,1,0,0,0,0,0,1
03531,BARH_EL_GAZEL,0,1,0,0,0,0,0,0
03532,BARH_EL_GAZEL,1,0,0,0,0,1,0,0
03533,BARH_EL_GAZEL,1,0,0,0,0,0,0,0
03534,BARH_EL_GAZEL,0,1,0,0,0,1,1,0
03535,BARH_EL_GAZEL,1,1,0,0,1,0,0,1
03536,BARH_EL_GAZEL,0,1,0,0,1,0,0,0
03537,BARH_EL_GAZEL,1,1,0,0,0,1,0,0
03538,BARH_EL_GAZEL,1,1,0,0,0,1,0,1
03539,BARH_EL_GAZEL,0,1,0,1,1,1,1,1
03540,BARH_EL_GAZEL,0,1,0,0,1,0,0,1
