hhid,rang,age,sexe,niveau_educ
00001,1,51.0,1,Aucun
00001,2,65.0,2,Primaire
00001,3,58.0,2,Secondaire
00001,4,33.0,1,Aucun
00002,1,56.0,1,Primaire
00002,2,43.0,1,Secondaire
00002,3,11.0,1,Primaire
00002,4,38.0,1,Aucun
00002,5,50.0,1,Primaire
00002,6,7.0,1,Secondaire
00002,7,16.0,1,Aucun
00003,1,27.0,2,Aucun
00003,2,16.0,2,Aucun
00003,3,55.0,2,Primaire
00003,4,33.0,1,Superieur
00003,5,35.0,2,Secondaire
00003,6,22.0,2,Secondaire
00004,1,41.0,1,Aucun
00004,2,65.0,2,Aucun
00005,1,46.0,2,Aucun
00006,1,39.0,1,Aucun
00006,2,22.0,2,Primaire
00006,3,74.0,2,Aucun
00007,1,51.0,1,Aucun
00007,2,2.0,1,Aucun
00007,3,57.0,2,Primaire
00007,4,6.0,2,Aucun
00007,5,54.0,1,Secondaire
00007,6,71.0,2,Primaire
00007,7,29.0,2,Primaire
00007,8,31.0,1,Secondaire
00007,9,63.0,2,Secondaire
00007,10,62.0,1,Aucun
00007,11,18.0,1,Secondaire
00007,12,67.0,1,Aucun
00008,1,27.0,1,Aucun
00008,2,64.0,1,Aucun
00008,3,10.0,1,Primaire
00008,4,26.0,1,Aucun
00009,1,43.0,1,Primaire
00009,2,58.0,2,Primaire
00009,3,8.0,1,Primaire
00009,4,45.0,2,Secondaire
00009,5,53.0,1,Primaire
00010,1,41.0,1,Aucun
00010,2,34.0,2,Primaire
00011,1,49.0,1,Secondaire
00011,2,61.0,2,Primaire
00011,3,24.0,1,Aucun
00011,4,41.0,2,Aucun
00011,5,68.0,2,Aucun
00011,6,,2,Secondaire
00012,1,41.0,1,Secondaire
00012,2,72.0,1,Secondaire
00012,3,15.0,1,Primaire
00012,4,44.0,2,Aucun
00012,5,70.0,2,Aucun
00012,6,74.0,1,Primaire
00013,1,41.0,1,Primaire
00013,2,67.0,1,Primaire
00013,3,10.0,1,Aucun
00013,4,16.0,2,Secondaire
00013,5,68.0,1,Secondaire
00013,6,54.0,1,Aucun
00013,7,16.0,1,Aucun
00013,8,29.0,1,Aucun
00014,1,47.0,1,Aucun
00014,2,54.0,2,Aucun
00014,3,27.0,2,Aucun
00014,4,1.0,2,Aucun
00015,1,48.0,1,Aucun
00015,2,13.0,2,Primaire
00015,3,69.0,2,Superieur
00015,4,50.0,1,Primaire
00015,5,74.0,2,Aucun
00016,1,38.0,1,Secondaire
00016,2,19.0,1,Primaire
00016,3,0.0,2,Aucun
00016,4,21.0,2,Primaire
00016,5,13.0,1,Secondaire
00016,6,,2,
00017,1,22.0,1,Aucun
00017,2,45.0,1,Aucun
00017,3,19.0,1,Aucun
00017,4,1.0,1,Aucun
00017,5,46.0,2,Aucun
00018,1,29.0,1,Secondaire
00018,2,50.0,2,Aucun
00018,3,22.0,1,Primaire
00018,4,52.0,1,Primaire
00018,5,4.0,1,Aucun
00018,6,3.0,1,Aucun
00018,7,30.0,1,Aucun
00019,1,32.0,2,Aucun
00019,2,6.0,1,Secondaire
00019,3,50.0,2,Primaire
00019,4,49.0,1,Primaire
00019,5,42.0,1,Aucun
00019,6,,2,Aucun
00019,7,4.0,1,Aucun
00019,8,9.0,1,Aucun
00020,1,59.0,1,
00020,2,17.0,2,Secondaire
00020,3,35.0,2,Aucun
00020,4,,2,Primaire
00020,5,33.0,1,Primaire
00021,1,37.0,1,Aucun
00021,2,38.0,1,Secondaire
00021,3,72.0,1,Secondaire
00021,4,1.0,2,Aucun
00021,5,14.0,2,
00021,6,70.0,1,Primaire
00021,7,5.0,2,Aucun
00021,8,41.0,2,Aucun
00021,9,64.0,2,Primaire
00022,1,37.0,1,Aucun
00022,2,50.0,1,Primaire
00022,3,48.0,2,Superieur
00022,4,33.0,1,Primaire
00023,1,46.0,1,Secondaire
00023,2,49.0,2,
00023,3,22.0,1,Secondaire
00023,4,62.0,1,Secondaire
00023,5,45.0,2,Aucun
00023,6,52.0,2,
00023,7,27.0,2,Primaire
00023,8,10.0,2,Primaire
00024,1,26.0,1,Aucun
00024,2,36.0,1,Aucun
00024,3,27.0,1,Secondaire
00024,4,73.0,1,Aucun
00024,5,5.0,1,Aucun
00024,6,33.0,2,Primaire
00024,7,39.0,1,Primaire
00024,8,8.0,1,Primaire
00025,1,52.0,1,Aucun
00025,2,43.0,2,
00025,3,55.0,1,Aucun
00025,4,47.0,1,Secondaire
00026,1,24.0,1,Aucun
00026,2,73.0,2,Aucun
00026,3,33.0,1,Secondaire
00026,4,35.0,2,Secondaire
00026,5,19.0,2,Aucun
00026,6,13.0,1,Primaire
00026,7,55.0,1,Aucun
00026,8,46.0,1,Primaire
00027,1,37.0,1,Aucun
00027,2,25.0,2,Primaire
00027,3,46.0,2,Primaire
00027,4,19.0,1,Primaire
00027,5,14.0,2,Primaire
00027,6,22.0,1,Primaire
00027,7,48.0,2,Secondaire
00027,8,0.0,1,Aucun
00027,9,38.0,1,Aucun
00028,1,44.0,1,Aucun
00028,2,17.0,2,Aucun
00028,3,41.0,2,Primaire
00028,4,61.0,2,Aucun
00028,5,58.0,1,Secondaire
00028,6,65.0,1,Aucun
00028,7,22.0,2,Primaire
00028,8,39.0,2,Aucun
00028,9,40.0,1,Primaire
00028,10,,1,Primaire
00028,11,20.0,1,Aucun
00028,12,70.0,2,Primaire
00028,13,60.0,1,Aucun
00028,14,29.0,2,Aucun
00028,15,0.0,2,Aucun
00028,16,12.0,2,Aucun
00028,17,19.0,1,Secondaire
00028,18,47.0,2,Aucun
00029,1,47.0,1,Aucun
00029,2,2.0,2,Aucun
00029,3,39.0,1,Primaire
00029,4,63.0,1,Aucun
00029,5,6.0,2,Aucun
00029,6,50.0,1,Secondaire
00029,7,42.0,1,Secondaire
00029,8,63.0,2,Aucun
00030,1,30.0,1,Aucun
00030,2,7.0,2,Primaire
00030,3,64.0,2,Secondaire
00031,1,61.0,2,Aucun
00031,2,35.0,2,Aucun
00031,3,65.0,2,Primaire
00032,1,52.0,1,Aucun
00032,2,1.0,2,Aucun
00032,3,40.0,1,Secondaire
00032,4,67.0,1,Secondaire
00032,5,35.0,1,
00032,6,72.0,1,Primaire
00032,7,49.0,2,Aucun
00032,8,56.0,2,Aucun
00033,1,55.0,1,
00033,2,10.0,2,Secondaire
00033,3,55.0,1,Aucun
00033,4,18.0,2,Secondaire
00033,5,61.0,2,Secondaire
00033,6,67.0,1,Primaire
00034,1,20.0,1,Aucun
00034,2,31.0,1,Secondaire
00034,3,51.0,1,Primaire
00034,4,62.0,1,Primaire
00034,5,16.0,1,Secondaire
00034,6,70.0,1,Aucun
00034,7,57.0,1,Primaire
00034,8,33.0,1,Primaire
00035,1,28.0,1,Aucun
00035,2,54.0,2,Aucun
00035,3,54.0,1,Secondaire
00035,4,22.0,1,Aucun
00035,5,19.0,2,Primaire
00035,6,13.0,2,Primaire
00036,1,53.0,1,Primaire
00036,2,14.0,1,
00036,3,19.0,2,Primaire
00036,4,36.0,2,Primaire
00036,5,51.0,1,Aucun
00036,6,21.0,1,Aucun
00036,7,35.0,1,Aucun
00037,1,61.0,1,Aucun
00037,2,41.0,2,Aucun
00037,3,29.0,1,Secondaire
00037,4,41.0,1,Aucun
00037,5,16.0,1,
00037,6,56.0,1,Superieur
00037,7,47.0,1,Primaire
00037,8,70.0,2,Primaire
00038,1,50.0,2,Primaire
00038,2,6.0,1,Secondaire
00038,3,19.0,2,Secondaire
00038,4,37.0,2,Primaire
00038,5,35.0,2,Primaire
00038,6,40.0,2,Primaire
00038,7,17.0,2,Secondaire
00039,1,41.0,2,Primaire
00039,2,74.0,1,
00039,3,41.0,1,Aucun
00039,4,40.0,2,Superieur
00039,5,41.0,1,Aucun
00039,6,1.0,2,Aucun
00039,7,66.0,1,Primaire
00040,1,36.0,1,Aucun
00040,2,10.0,2,Primaire
00040,3,25.0,1,Secondaire
00040,4,43.0,1,Aucun
00040,5,15.0,1,Primaire
00040,6,74.0,1,Primaire
00040,7,71.0,1,Primaire
00040,8,10.0,1,Aucun
00041,1,38.0,1,Aucun
00041,2,14.0,1,Secondaire
00041,3,12.0,1,Primaire
00041,4,60.0,2,Secondaire
00041,5,22.0,2,Aucun
00041,6,4.0,2,Aucun
00041,7,40.0,1,Aucun
00042,1,40.0,1,Primaire
00043,1,45.0,1,Aucun
00043,2,7.0,2,Primaire
00043,3,44.0,2,Aucun
00043,4,52.0,1,Aucun
00043,5,47.0,1,
00043,6,62.0,1,Secondaire
00043,7,52.0,2,Primaire
00043,8,18.0,2,Primaire
00043,9,63.0,1,Aucun
00044,1,30.0,1,Primaire
00044,2,14.0,2,Aucun
00044,3,9.0,1,Secondaire
00044,4,73.0,2,Primaire
00044,5,47.0,2,Secondaire
00044,6,13.0,2,Aucun
00045,1,34.0,1,Primaire
00045,2,24.0,2,Primaire
00045,3,2.0,1,Aucun
00045,4,38.0,1,Primaire
00045,5,5.0,2,Aucun
00046,1,45.0,1,Primaire
00046,2,42.0,2,Secondaire
00046,3,39.0,2,Aucun
00046,4,1.0,1,Aucun
00046,5,63.0,2,Aucun
00047,1,45.0,2,Primaire
00047,2,4.0,1,Aucun
00047,3,21.0,1,Primaire
00047,4,69.0,2,Primaire
00047,5,2.0,2,Aucun
00047,6,25.0,1,Primaire
00048,1,44.0,1,Primaire
00048,2,64.0,2,Aucun
00048,3,26.0,2,Aucun
00048,4,34.0,1,Secondaire
00049,1,,2,Primaire
00049,2,31.0,2,Primaire
00049,3,65.0,1,Primaire
00049,4,67.0,2,Aucun
00050,1,29.0,1,Aucun
00050,2,1.0,1,Aucun
00050,3,36.0,1,Primaire
00050,4,54.0,2,Aucun
00050,5,11.0,2,Primaire
00050,6,1.0,2,Aucun
00050,7,39.0,1,Aucun
00050,8,53.0,2,Primaire
00050,9,37.0,2,Secondaire
00051,1,43.0,1,Aucun
00051,2,57.0,1,Primaire
00051,3,63.0,1,Secondaire
00051,4,6.0,2,Secondaire
00051,5,50.0,2,Aucun
00051,6,15.0,2,Aucun
00051,7,5.0,1,Aucun
00051,8,5.0,1,Aucun
00052,1,39.0,1,Primaire
00052,2,57.0,2,Primaire
00052,3,0.0,2,Aucun
00053,1,39.0,1,Primaire
00053,2,64.0,1,Secondaire
00053,3,2.0,2,Aucun
00053,4,56.0,1,Secondaire
00053,5,3.0,1,Aucun
00053,6,41.0,2,Primaire
00053,7,,1,Secondaire
00053,8,2.0,1,Aucun
00053,9,69.0,2,
00054,1,39.0,1,Secondaire
00054,2,21.0,2,Aucun
00054,3,31.0,1,Primaire
00054,4,34.0,2,Secondaire
00054,5,31.0,1,Primaire
00054,6,51.0,1,Primaire
00054,7,49.0,2,Aucun
00055,1,37.0,1,Aucun
00055,2,5.0,2,Aucun
00055,3,67.0,2,Aucun
00055,4,64.0,2,Primaire
00055,5,20.0,1,Primaire
00055,6,14.0,1,Aucun
00056,1,32.0,1,Aucun
00056,2,54.0,1,Aucun
00056,3,16.0,2,Primaire
00056,4,3.0,2,Aucun
00056,5,61.0,2,Secondaire
00056,6,3.0,1,
00057,1,55.0,1,Aucun
00057,2,37.0,2,Primaire
00057,3,0.0,2,Aucun
00058,1,33.0,2,Primaire
00058,2,46.0,2,Superieur
00058,3,62.0,1,Aucun
00058,4,17.0,2,Aucun
00058,5,12.0,1,Aucun
00058,6,25.0,1,Aucun
00058,7,23.0,1,Aucun
00059,1,30.0,1,Aucun
00059,2,0.0,1,Aucun
00059,3,64.0,2,Aucun
00060,1,58.0,2,Aucun
00060,2,,2,Aucun
00060,3,,1,Primaire
00060,4,57.0,1,Primaire
00060,5,7.0,1,Primaire
00060,6,64.0,2,Secondaire
00060,7,13.0,2,Superieur
00061,1,34.0,2,Primaire
00061,2,63.0,2,Primaire
00061,3,51.0,1,Secondaire
00061,4,60.0,2,Aucun
00061,5,58.0,1,Aucun
00061,6,51.0,1,Primaire
00061,7,14.0,2,Aucun
00061,8,50.0,2,Secondaire
00061,9,49.0,1,Primaire
00062,1,72.0,1,Primaire
00062,2,2.0,2,Aucun
00062,3,24.0,2,Aucun
00062,4,33.0,1,Secondaire
00062,5,67.0,1,Secondaire
00062,6,54.0,2,Aucun
00063,1,33.0,1,Aucun
00063,2,16.0,1,Aucun
00063,3,3.0,1,Aucun
00063,4,1.0,1,Aucun
00063,5,45.0,1,Primaire
00063,6,3.0,1,Aucun
00063,7,13.0,2,Superieur
00063,8,66.0,1,Secondaire
00064,1,53.0,1,Primaire
00064,2,50.0,1,Primaire
00064,3,9.0,2,
00064,4,65.0,1,Secondaire
00064,5,69.0,2,Aucun
00064,6,68.0,1,Primaire
00064,7,41.0,2,Aucun
00065,1,48.0,1,Aucun
00065,2,69.0,2,Aucun
00065,3,3.0,1,Aucun
00065,4,48.0,1,Secondaire
00066,1,39.0,1,Aucun
00066,2,70.0,1,Primaire
00066,3,52.0,1,Aucun
00066,4,21.0,2,Aucun
00066,5,54.0,2,Secondaire
00066,6,51.0,2,Secondaire
00066,7,71.0,1,Aucun
00067,1,55.0,1,Aucun
00067,2,71.0,1,Secondaire
00067,3,7.0,2,Secondaire
00067,4,40.0,1,Secondaire
00067,5,72.0,2,Secondaire
00067,6,39.0,2,Aucun
00068,1,,1,Primaire
00068,2,13.0,1,Aucun
00068,3,37.0,1,Primaire
00068,4,53.0,2,Secondaire
00068,5,8.0,2,Primaire
00068,6,40.0,1,Secondaire
00068,7,48.0,1,Primaire
00068,8,,1,Aucun
00068,9,13.0,2,Primaire
00068,10,20.0,1,
00069,1,48.0,1,Aucun
00069,2,31.0,2,Primaire
00069,3,53.0,2,Aucun
00069,4,25.0,1,Aucun
00069,5,65.0,1,Primaire
00069,6,63.0,2,Aucun
00069,7,74.0,2,Primaire
00070,1,41.0,1,Secondaire
00070,2,51.0,1,Aucun
00070,3,36.0,2,Primaire
00070,4,49.0,2,Primaire
00070,5,26.0,1,Aucun
00070,6,1.0,2,Aucun
00071,1,35.0,1,Primaire
00071,2,65.0,1,Aucun
00071,3,37.0,2,Aucun
00071,4,19.0,1,Secondaire
00071,5,5.0,1,Aucun
00071,6,66.0,1,Secondaire
00071,7,11.0,1,Secondaire
00072,1,60.0,1,Superieur
00072,2,44.0,2,Primaire
00072,3,46.0,2,Secondaire
00072,4,56.0,1,Primaire
00072,5,74.0,2,Aucun
00072,6,11.0,1,Primaire
00073,1,44.0,1,Aucun
00073,2,59.0,2,Primaire
00073,3,36.0,2,Aucun
00073,4,61.0,2,Primaire
00073,5,14.0,2,Aucun
00073,6,14.0,1,Primaire
00073,7,18.0,1,
00073,8,17.0,1,Primaire
00073,9,,2,Primaire
00073,10,45.0,1,Primaire
00074,1,59.0,1,Aucun
00074,2,55.0,1,Primaire
00074,3,72.0,1,
00074,4,5.0,2,Aucun
00074,5,20.0,1,Aucun
00074,6,10.0,1,Aucun
00075,1,27.0,2,Aucun
00075,2,72.0,2,Secondaire
00075,3,4.0,2,Aucun
00075,4,15.0,2,Aucun
00076,1,29.0,1,Primaire
00076,2,3.0,1,Aucun
00076,3,39.0,2,Primaire
00076,4,45.0,1,Aucun
00076,5,34.0,1,Superieur
00076,6,28.0,1,Primaire
00076,7,56.0,1,Secondaire
00076,8,5.0,2,Aucun
00076,9,36.0,2,
00077,1,36.0,2,
00077,2,57.0,2,Secondaire
00077,3,58.0,1,Aucun
00078,1,59.0,1,Aucun
00078,2,49.0,1,
00078,3,29.0,1,Primaire
00078,4,26.0,1,Secondaire
00078,5,5.0,2,Aucun
00078,6,22.0,1,Aucun
00079,1,49.0,1,Aucun
00079,2,42.0,2,Aucun
00079,3,0.0,1,Aucun
00079,4,3.0,2,Aucun
00080,1,52.0,1,Aucun
00080,2,61.0,2,Aucun
00080,3,26.0,2,Primaire
00080,4,48.0,1,Aucun
00081,1,47.0,1,Aucun
00081,2,10.0,1,Aucun
00081,3,25.0,1,Secondaire
00081,4,12.0,2,Primaire
00081,5,50.0,2,
00082,1,54.0,1,Aucun
00082,2,60.0,1,Secondaire
00082,3,31.0,1,Secondaire
00082,4,6.0,1,Secondaire
00082,5,67.0,1,Superieur
00082,6,4.0,1,Aucun
00083,1,35.0,1,Aucun
00083,2,36.0,2,Aucun
00083,3,19.0,1,Primaire
00083,4,56.0,2,Primaire
00083,5,9.0,1,Aucun
00084,1,42.0,1,Secondaire
00084,2,36.0,2,Primaire
00084,3,71.0,1,Aucun
00084,4,39.0,1,Secondaire
00084,5,58.0,1,
00084,6,35.0,2,Aucun
00085,1,25.0,1,Aucun
00085,2,37.0,2,Secondaire
00085,3,46.0,2,Aucun
00086,1,60.0,1,Aucun
00086,2,30.0,1,Aucun
00086,3,34.0,1,Aucun
00086,4,2.0,2,Aucun
00086,5,45.0,1,
00086,6,38.0,1,Primaire
00087,1,63.0,2,Primaire
00087,2,21.0,1,Secondaire
00087,3,54.0,2,Primaire
00087,4,61.0,2,Aucun
00087,5,61.0,1,Aucun
00087,6,42.0,2,Aucun
00087,7,15.0,1,Aucun
00087,8,72.0,1,Aucun
00087,9,67.0,1,Aucun
00087,10,68.0,2,Primaire
00087,11,8.0,1,Primaire
00087,12,39.0,1,Primaire
00087,13,23.0,2,Primaire
00088,1,48.0,1,Aucun
00088,2,47.0,2,Primaire
00088,3,,2,Primaire
00088,4,13.0,1,Primaire
00088,5,40.0,2,Primaire
00088,6,60.0,2,Aucun
00088,7,9.0,2,Aucun
00089,1,55.0,2,Aucun
00089,2,15.0,1,
00089,3,11.0,1,Secondaire
00089,4,21.0,2,Aucun
00089,5,35.0,2,Primaire
00089,6,37.0,2,Aucun
00090,1,37.0,1,Primaire
00090,2,62.0,2,Aucun
00090,3,63.0,1,Aucun
00090,4,57.0,1,Secondaire
00090,5,42.0,1,Primaire
00090,6,7.0,1,Secondaire
00090,7,60.0,1,Primaire
00090,8,32.0,2,Secondaire
00091,1,50.0,2,Aucun
00091,2,43.0,1,
00091,3,46.0,2,Secondaire
00091,4,20.0,2,Aucun
00091,5,8.0,1,Aucun
00091,6,54.0,1,Secondaire
00092,1,28.0,1,Secondaire
00092,2,61.0,2,Primaire
00092,3,64.0,2,Aucun
00092,4,10.0,2,Secondaire
00092,5,19.0,2,Aucun
00092,6,57.0,1,Primaire
00092,7,49.0,1,Primaire
00092,8,56.0,1,Aucun
00093,1,50.0,1,Aucun
00093,2,2.0,1,Aucun
00093,3,20.0,1,Primaire
00093,4,12.0,2,Aucun
00093,5,3.0,1,Aucun
00093,6,5.0,2,Aucun
00093,7,12.0,2,Secondaire
00093,8,2.0,2,Aucun
00093,9,,1,Secondaire
00093,10,44.0,2,Aucun
00094,1,32.0,1,Primaire
00094,2,14.0,1,Secondaire
00094,3,55.0,2,Secondaire
00094,4,57.0,1,Aucun
00094,5,68.0,2,
00094,6,4.0,2,Aucun
00094,7,74.0,2,Secondaire
00094,8,17.0,2,Primaire
00094,9,56.0,2,Aucun
00094,10,23.0,2,Secondaire
00095,1,39.0,1,Primaire
00095,2,63.0,2,Aucun
00096,1,48.0,1,Secondaire
00096,2,1.0,2,Aucun
00096,3,56.0,2,Aucun
00096,4,19.0,1,Aucun
00096,5,31.0,2,Aucun
00096,6,47.0,2,Aucun
00096,7,11.0,1,Aucun
00097,1,41.0,1,Aucun
00097,2,49.0,1,Superieur
00097,3,14.0,2,Aucun
00097,4,72.0,1,Aucun
00097,5,72.0,1,Primaire
00097,6,66.0,2,Aucun
00097,7,23.0,1,Primaire
00097,8,,1,Aucun
00097,9,26.0,2,Aucun
00097,10,32.0,1,Primaire
00097,11,9.0,1,Primaire
00098,1,46.0,2,Secondaire
00098,2,8.0,2,Aucun
00098,3,68.0,1,Aucun
00098,4,52.0,1,Primaire
00098,5,41.0,1,Secondaire
00099,1,38.0,2,Aucun
00099,2,65.0,1,Aucun
00099,3,13.0,1,Aucun
00099,4,61.0,1,Primaire
00099,5,15.0,1,Aucun
00099,6,26.0,1,Secondaire
00099,7,52.0,2,Aucun
00100,1,53.0,1,Aucun
00100,2,60.0,1,Primaire
00100,3,60.0,2,Aucun
00100,4,3.0,2,Aucun
00100,5,47.0,2,Secondaire
00101,1,54.0,2,Primaire
00102,1,52.0,1,Aucun
00102,2,41.0,1,Aucun
00102,3,22.0,1,Aucun
00103,1,36.0,1,Aucun
00103,2,42.0,2,Superieur
00103,3,34.0,2,Aucun
00103,4,72.0,2,Aucun
00103,5,46.0,1,Secondaire
00103,6,26.0,2,Aucun
00103,7,15.0,1,Aucun
00104,1,69.0,1,Secondaire
00104,2,11.0,1,Primaire
00104,3,54.0,2,Secondaire
00105,1,20.0,1,Primaire
00105,2,,2,Primaire
00105,3,18.0,1,Aucun
00105,4,67.0,1,Aucun
00105,5,47.0,1,Aucun
00106,1,20.0,1,Aucun
00106,2,4.0,2,Aucun
00106,3,,2,Primaire
00106,4,2.0,1,Aucun
00106,5,69.0,2,Primaire
00106,6,2.0,1,Aucun
00106,7,27.0,2,Secondaire
00106,8,71.0,1,Primaire
00107,1,36.0,2,Aucun
00107,2,0.0,1,Aucun
00107,3,23.0,1,Aucun
00107,4,64.0,1,Aucun
00107,5,3.0,1,Aucun
00107,6,57.0,2,Primaire
00107,7,68.0,1,Secondaire
00107,8,7.0,2,Superieur
00107,9,24.0,1,Primaire
00107,10,6.0,2,
00107,11,60.0,2,Aucun
00107,12,22.0,1,Primaire
00107,13,3.0,1,Aucun
00107,14,44.0,1,Aucun
00107,15,70.0,1,Aucun
00108,1,43.0,1,Primaire
00108,2,43.0,1,
00108,3,60.0,1,Aucun
00109,1,53.0,2,Superieur
00109,2,5.0,1,Aucun
00109,3,57.0,2,Primaire
00109,4,70.0,1,Aucun
00109,5,72.0,1,Primaire
00109,6,51.0,1,Secondaire
00109,7,5.0,1,Aucun
00109,8,33.0,2,Secondaire
00109,9,71.0,1,Secondaire
00109,10,32.0,1,Aucun
00110,1,24.0,1,Secondaire
00110,2,43.0,1,Secondaire
00110,3,43.0,2,Aucun
00110,4,12.0,1,Primaire
00110,5,65.0,1,Primaire
00110,6,42.0,2,Primaire
00110,7,51.0,1,Aucun
00111,1,54.0,2,Primaire
00111,2,25.0,2,Secondaire
00111,3,63.0,2,Secondaire
00111,4,50.0,2,Aucun
00111,5,67.0,2,Aucun
00111,6,54.0,2,Aucun
00111,7,0.0,2,Aucun
00111,8,63.0,2,Aucun
00112,1,50.0,1,Secondaire
00112,2,37.0,1,Primaire
00112,3,74.0,1,Primaire
00112,4,2.0,1,Aucun
00112,5,32.0,1,Aucun
00112,6,8.0,2,Secondaire
00112,7,51.0,2,Primaire
00112,8,54.0,2,Aucun
00112,9,52.0,2,Aucun
00112,10,70.0,1,Aucun
00112,11,8.0,1,Primaire
00112,12,34.0,1,Aucun
00112,13,38.0,1,Aucun
00113,1,,1,Primaire
00113,2,8.0,2,Aucun
00113,3,29.0,2,Aucun
00113,4,56.0,1,Secondaire
00113,5,4.0,2,Aucun
00113,6,52.0,2,Primaire
00114,1,52.0,1,Primaire
00114,2,9.0,1,Aucun
00114,3,33.0,1,Aucun
00114,4,67.0,2,Primaire
00114,5,42.0,2,Primaire
00114,6,12.0,1,Primaire
00114,7,10.0,2,Primaire
00114,8,48.0,1,Primaire
00115,1,40.0,2,Secondaire
00115,2,64.0,1,Primaire
00115,3,45.0,1,Secondaire
00115,4,1.0,1,Aucun
00115,5,34.0,1,Aucun
00115,6,73.0,2,Primaire
00116,1,,1,Aucun
00116,2,24.0,2,Aucun
00117,1,44.0,2,Primaire
00117,2,21.0,2,Secondaire
00117,3,37.0,1,Primaire
00117,4,34.0,1,Aucun
00117,5,7.0,2,
00117,6,73.0,1,Aucun
00117,7,57.0,2,Secondaire
00118,1,41.0,2,Aucun
00118,2,18.0,2,Aucun
00118,3,14.0,1,Aucun
00118,4,41.0,2,Secondaire
00118,5,18.0,1,Secondaire
00118,6,36.0,2,Superieur
00118,7,60.0,2,Secondaire
00118,8,47.0,2,Aucun
00118,9,47.0,1,Aucun
00119,1,57.0,1,Primaire
00119,2,66.0,2,Primaire
00119,3,72.0,2,Secondaire
00119,4,14.0,2,Primaire
00119,5,1.0,2,Aucun
00120,1,32.0,1,Aucun
00120,2,7.0,2,Primaire
00120,3,19.0,2,Primaire
00120,4,62.0,1,Secondaire
00120,5,69.0,1,Secondaire
00120,6,20.0,2,Aucun
00121,1,26.0,1,Secondaire
00121,2,71.0,2,Primaire
00121,3,58.0,2,Secondaire
00121,4,,1,Aucun
00121,5,11.0,2,Aucun
00121,6,35.0,1,Secondaire
00121,7,46.0,1,Primaire
00122,1,41.0,1,Aucun
00122,2,19.0,2,Primaire
00122,3,15.0,2,Primaire
00123,1,44.0,1,Aucun
00123,2,74.0,2,Aucun
00123,3,28.0,1,Secondaire
00123,4,40.0,1,Superieur
00123,5,19.0,2,Secondaire
00123,6,35.0,1,Primaire
00124,1,84.0,1,Secondaire
00124,2,59.0,1,Primaire
00124,3,53.0,2,Primaire
00124,4,47.0,1,Primaire
00124,5,60.0,1,Aucun
00124,6,46.0,1,Secondaire
00124,7,27.0,2,Secondaire
00124,8,62.0,1,Primaire
00125,1,27.0,1,Aucun
00125,2,6.0,1,Aucun
00125,3,66.0,2,Aucun
00125,4,39.0,1,Secondaire
00125,5,59.0,1,Primaire
00125,6,62.0,1,Primaire
00125,7,62.0,1,Primaire
00126,1,44.0,2,Aucun
00126,2,39.0,2,Primaire
00126,3,41.0,1,Primaire
00126,4,62.0,1,Aucun
00126,5,43.0,2,
00126,6,71.0,2,Primaire
00126,7,22.0,2,Aucun
00126,8,11.0,2,Primaire
00126,9,3.0,1,Aucun
00126,10,41.0,1,Primaire
00126,11,69.0,2,Primaire
00126,12,69.0,1,Primaire
00126,13,20.0,1,Primaire
00127,1,63.0,1,Aucun
00127,2,10.0,2,Aucun
00127,3,27.0,1,Secondaire
00127,4,52.0,1,Aucun
00127,5,0.0,1,Aucun
00127,6,45.0,1,Aucun
00127,7,36.0,1,Primaire
00127,8,51.0,2,Aucun
00127,9,33.0,2,
00128,1,44.0,1,Primaire
00128,2,9.0,2,Secondaire
00128,3,63.0,2,Primaire
00128,4,20.0,2,Primaire
00128,5,37.0,1,Secondaire
00129,1,36.0,1,Primaire
00129,2,45.0,2,Secondaire
00129,3,,2,Secondaire
00129,4,22.0,1,Aucun
00129,5,47.0,1,Aucun
00129,6,15.0,1,Secondaire
00129,7,69.0,2,Secondaire
00129,8,17.0,2,Aucun
00129,9,30.0,2,Primaire
00129,10,27.0,1,Primaire
00129,11,62.0,2,Secondaire
00130,1,20.0,1,Secondaire
00130,2,12.0,1,Aucun
00130,3,54.0,2,Primaire
00131,1,45.0,1,Aucun
00131,2,61.0,2,
00131,3,9.0,1,Primaire
00132,1,64.0,1,Primaire
00132,2,52.0,2,Primaire
00132,3,44.0,2,Primaire
00132,4,2.0,2,Aucun
00132,5,35.0,2,Primaire
00132,6,73.0,2,Secondaire
00132,7,,2,Primaire
00132,8,50.0,1,Secondaire
00132,9,51.0,1,Secondaire
00132,10,37.0,1,Secondaire
00132,11,19.0,2,Secondaire
00133,1,42.0,1,
00133,2,72.0,2,Aucun
00133,3,18.0,2,Primaire
00133,4,15.0,1,Primaire
00134,1,43.0,1,Aucun
00134,2,11.0,2,Secondaire
00135,1,47.0,1,Aucun
00135,2,0.0,1,Aucun
00135,3,41.0,1,Secondaire
00135,4,65.0,1,Aucun
00135,5,68.0,1,Secondaire
00135,6,32.0,2,Primaire
00135,7,60.0,2,Primaire
00135,8,8.0,1,Aucun
00136,1,47.0,1,Primaire
00136,2,27.0,1,Primaire
00136,3,51.0,1,Primaire
00136,4,42.0,1,Primaire
00136,5,61.0,1,Aucun
00136,6,2.0,1,Aucun
00136,7,51.0,1,Aucun
00137,1,38.0,1,Aucun
00137,2,27.0,2,Aucun
00137,3,5.0,2,Aucun
00137,4,68.0,2,Primaire
00137,5,73.0,1,Aucun
00137,6,42.0,2,Aucun
00137,7,0.0,1,Aucun
00137,8,65.0,1,Secondaire
00138,1,34.0,1,Aucun
00138,2,12.0,1,Superieur
00138,3,38.0,1,Aucun
00138,4,7.0,1,Aucun
00138,5,46.0,2,Aucun
00138,6,34.0,2,Aucun
00138,7,63.0,1,Primaire
00138,8,67.0,1,Primaire
00138,9,6.0,2,Primaire
00139,1,33.0,2,Secondaire
00139,2,39.0,1,Superieur
00139,3,40.0,2,Aucun
00139,4,,1,Primaire
00139,5,48.0,2,Aucun
00139,6,13.0,1,
00140,1,20.0,1,Superieur
00140,2,10.0,2,Aucun
00140,3,73.0,2,Aucun
00140,4,19.0,2,
00140,5,19.0,1,Primaire
00140,6,29.0,1,
00140,7,58.0,2,Primaire
00140,8,69.0,2,Secondaire
00140,9,25.0,2,Aucun
00140,10,45.0,1,Aucun
00140,11,1.0,2,Aucun
00141,1,38.0,1,Aucun
00141,2,39.0,1,Primaire
00141,3,40.0,2,Primaire
00141,4,41.0,1,Secondaire
00141,5,38.0,1,Primaire
00141,6,3.0,1,Aucun
00142,1,41.0,1,Primaire
00142,2,66.0,2,Aucun
00142,3,27.0,2,Aucun
00142,4,9.0,1,Aucun
00142,5,40.0,2,Aucun
00142,6,31.0,1,Aucun
00142,7,28.0,2,Secondaire
00142,8,5.0,2,Aucun
00143,1,28.0,1,Primaire
00143,2,39.0,2,Primaire
00143,3,71.0,2,Secondaire
00143,4,18.0,1,Aucun
00143,5,42.0,1,Primaire
00144,1,44.0,2,Aucun
00144,2,5.0,1,Aucun
00144,3,51.0,1,Secondaire
00144,4,72.0,1,Secondaire
00145,1,48.0,1,Primaire
00145,2,55.0,2,Primaire
00145,3,27.0,1,Aucun
00145,4,62.0,2,Aucun
00145,5,3.0,1,Aucun
00145,6,28.0,2,Superieur
00145,7,58.0,2,Secondaire
00145,8,34.0,2,Aucun
00146,1,43.0,1,Aucun
00146,2,28.0,1,Aucun
00146,3,51.0,2,Aucun
00146,4,25.0,2,Primaire
00147,1,58.0,1,Secondaire
00147,2,32.0,1,Aucun
00147,3,59.0,2,Secondaire
00147,4,23.0,1,Aucun
00147,5,9.0,1,Aucun
00147,6,28.0,2,Primaire
00147,7,72.0,1,Aucun
00147,8,61.0,1,Primaire
00147,9,30.0,1,Primaire
00148,1,37.0,1,Secondaire
00149,1,,1,Primaire
00149,2,49.0,2,Aucun
00149,3,70.0,1,Aucun
00149,4,,2,Secondaire
00149,5,24.0,1,Primaire
00149,6,73.0,2,Primaire
00150,1,40.0,1,Secondaire
00150,2,44.0,1,Aucun
00150,3,46.0,2,Superieur
00151,1,42.0,1,Secondaire
00151,2,50.0,1,Primaire
00151,3,72.0,2,Aucun
00152,1,34.0,1,Aucun
00152,2,51.0,2,Primaire
00152,3,39.0,1,Primaire
00152,4,59.0,1,Primaire
00152,5,69.0,1,
00152,6,23.0,2,Superieur
00153,1,56.0,1,Aucun
00153,2,33.0,1,
00154,1,41.0,1,Secondaire
00154,2,42.0,1,Secondaire
00154,3,8.0,2,Secondaire
00154,4,71.0,2,Primaire
00154,5,21.0,2,Aucun
00154,6,34.0,2,Aucun
00154,7,31.0,1,Primaire
00154,8,0.0,2,Aucun
00154,9,65.0,2,Primaire
00155,1,30.0,1,Secondaire
00155,2,69.0,2,Primaire
00155,3,52.0,2,Primaire
00155,4,6.0,2,
00155,5,66.0,2,Secondaire
00155,6,54.0,2,Primaire
00156,1,29.0,1,Aucun
00156,2,26.0,2,Aucun
00156,3,17.0,2,Superieur
00156,4,3.0,1,Aucun
00156,5,16.0,2,Secondaire
00156,6,,1,Aucun
00156,7,2.0,1,Aucun
00156,8,16.0,1,Secondaire
00157,1,47.0,1,Primaire
00157,2,8.0,1,Aucun
00157,3,27.0,1,Primaire
00157,4,12.0,2,Secondaire
00157,5,47.0,1,Aucun
00157,6,34.0,2,Primaire
00157,7,9.0,1,Secondaire
00157,8,71.0,1,Aucun
00158,1,30.0,1,Secondaire
00158,2,28.0,1,Primaire
00158,3,60.0,2,Aucun
00159,1,51.0,1,Aucun
00159,2,62.0,2,Aucun
00159,3,53.0,2,Secondaire
00159,4,35.0,1,Secondaire
00159,5,71.0,2,Secondaire
00159,6,20.0,1,Secondaire
00160,1,55.0,2,Aucun
00160,2,25.0,2,Aucun
00160,3,35.0,1,Aucun
00160,4,14.0,2,Aucun
00160,5,30.0,2,Primaire
00160,6,37.0,2,Aucun
00160,7,7.0,1,
00160,8,36.0,2,Aucun
00160,9,41.0,2,Aucun
00160,10,69.0,1,Secondaire
00161,1,55.0,1,Aucun
00161,2,11.0,2,Secondaire
00161,3,52.0,1,Primaire
00161,4,,2,Secondaire
00161,5,26.0,1,Primaire
00161,6,40.0,2,Aucun
00161,7,2.0,2,Aucun
00161,8,23.0,1,Secondaire
00162,1,39.0,1,Secondaire
00162,2,12.0,2,Secondaire
00162,3,71.0,1,Primaire
00162,4,67.0,2,Aucun
00162,5,35.0,1,Primaire
00162,6,0.0,1,Aucun
00162,7,,1,Primaire
00162,8,71.0,2,Aucun
00163,1,40.0,2,Aucun
00163,2,38.0,1,Aucun
00163,3,55.0,2,Primaire
00163,4,21.0,2,Primaire
00163,5,11.0,2,Secondaire
00163,6,29.0,1,Secondaire
00164,1,38.0,1,Primaire
00164,2,17.0,1,Aucun
00165,1,30.0,1,Primaire
00165,2,44.0,1,Superieur
00165,3,53.0,1,Aucun
00165,4,16.0,1,Primaire
00166,1,38.0,1,Aucun
00166,2,40.0,2,Secondaire
00166,3,37.0,1,Aucun
00166,4,56.0,2,Primaire
00167,1,37.0,1,Primaire
00167,2,53.0,2,Secondaire
00167,3,19.0,1,Secondaire
00167,4,67.0,1,Superieur
00167,5,4.0,2,
00167,6,54.0,1,Secondaire
00167,7,67.0,2,Aucun
00167,8,58.0,2,Secondaire
00168,1,58.0,2,Primaire
00168,2,47.0,1,Primaire
00168,3,24.0,1,Primaire
00168,4,0.0,2,Aucun
00169,1,31.0,2,
00169,2,55.0,1,
00169,3,5.0,2,Aucun
00169,4,3.0,2,Aucun
00169,5,39.0,2,Aucun
00169,6,29.0,2,Aucun
00170,1,64.0,1,Primaire
00170,2,30.0,2,
00170,3,21.0,1,Primaire
00170,4,38.0,1,Primaire
00170,5,73.0,1,Primaire
00170,6,8.0,1,
00170,7,7.0,1,Aucun
00171,1,38.0,1,Secondaire
00171,2,29.0,1,Superieur
00171,3,5.0,2,
00171,4,15.0,1,Aucun
00171,5,14.0,2,Aucun
00171,6,27.0,2,Primaire
00172,1,23.0,2,Aucun
00172,2,47.0,2,Primaire
00172,3,13.0,2,Primaire
00173,1,46.0,1,Primaire
00173,2,68.0,1,Aucun
00173,3,71.0,1,Aucun
00173,4,64.0,2,Secondaire
00174,1,37.0,1,Aucun
00174,2,35.0,1,Aucun
00175,1,60.0,1,Primaire
00175,2,33.0,1,Aucun
00175,3,,1,Aucun
00175,4,21.0,1,Aucun
00175,5,36.0,1,Secondaire
00175,6,52.0,1,Aucun
00175,7,24.0,2,Aucun
00175,8,37.0,2,Primaire
00176,1,45.0,2,Secondaire
00176,2,73.0,1,Primaire
00176,3,29.0,1,Aucun
00176,4,43.0,1,Aucun
00176,5,35.0,2,Aucun
00177,1,49.0,1,Primaire
00177,2,4.0,2,Aucun
00177,3,56.0,1,Primaire
00178,1,43.0,1,Primaire
00178,2,27.0,2,Primaire
00178,3,16.0,2,Primaire
00179,1,53.0,1,Primaire
00179,2,55.0,1,Aucun
00179,3,0.0,1,Aucun
00179,4,58.0,1,Aucun
00179,5,12.0,2,Aucun
00179,6,0.0,2,Aucun
00179,7,9.0,1,
00180,1,54.0,2,Secondaire
00180,2,12.0,1,Aucun
00181,1,65.0,1,Aucun
00181,2,45.0,2,Aucun
00181,3,56.0,2,Secondaire
00181,4,2.0,1,Aucun
00181,5,73.0,1,Aucun
00181,6,20.0,2,Secondaire
00182,1,33.0,1,Aucun
00182,2,47.0,1,Aucun
00182,3,70.0,2,Aucun
00182,4,31.0,2,Primaire
00182,5,12.0,2,Primaire
00182,6,26.0,2,Aucun
00182,7,36.0,2,Secondaire
00182,8,13.0,1,Aucun
00183,1,37.0,1,Aucun
00183,2,49.0,2,Aucun
00183,3,6.0,1,Aucun
00184,1,39.0,2,Aucun
00184,2,35.0,1,Primaire
00184,3,72.0,1,Aucun
00184,4,29.0,2,Aucun
00184,5,55.0,2,Aucun
00185,1,54.0,1,Secondaire
00185,2,29.0,2,Aucun
00185,3,56.0,1,Aucun
00185,4,44.0,2,Secondaire
00185,5,22.0,2,Secondaire
00185,6,59.0,1,Primaire
00185,7,2.0,1,Aucun
00186,1,65.0,1,Superieur
00186,2,10.0,2,Aucun
00186,3,16.0,2,Aucun
00186,4,18.0,2,Primaire
00186,5,47.0,1,Primaire
00186,6,11.0,2,Aucun
00186,7,47.0,2,Primaire
00186,8,35.0,2,Primaire
00186,9,8.0,2,Primaire
00186,10,6.0,2,Aucun
00186,11,49.0,2,Superieur
00186,12,27.0,1,Primaire
00186,13,51.0,2,Primaire
00186,14,55.0,2,Secondaire
00186,15,1.0,1,Aucun
00187,1,50.0,1,Aucun
00187,2,50.0,1,Primaire
00187,3,22.0,2,Aucun
00188,1,31.0,2,Aucun
00188,2,23.0,2,Aucun
00188,3,37.0,1,Aucun
00189,1,32.0,1,Aucun
00189,2,65.0,1,Secondaire
00189,3,43.0,2,Primaire
00189,4,60.0,2,Primaire
00189,5,0.0,1,Aucun
00190,1,40.0,1,Primaire
00190,2,56.0,2,Aucun
00190,3,55.0,2,Primaire
00190,4,56.0,2,
00190,5,22.0,2,Primaire
00190,6,43.0,2,Primaire
00191,1,38.0,1,Aucun
00191,2,63.0,2,Primaire
00191,3,38.0,1,Aucun
00191,4,52.0,2,Primaire
00191,5,61.0,1,Primaire
00192,1,43.0,1,Aucun
00192,2,59.0,1,Primaire
00192,3,31.0,1,
00192,4,54.0,2,Primaire
00192,5,17.0,2,Secondaire
00192,6,19.0,2,Secondaire
00192,7,58.0,2,Primaire
00193,1,38.0,1,Primaire
00193,2,39.0,2,Superieur
00193,3,33.0,1,Secondaire
00193,4,51.0,1,
00193,5,33.0,2,Aucun
00193,6,22.0,2,Primaire
00193,7,1.0,2,Aucun
00193,8,18.0,2,Aucun
00194,1,41.0,1,Aucun
00194,2,5.0,2,Aucun
00194,3,17.0,2,Primaire
00194,4,73.0,1,Primaire
00194,5,11.0,1,Secondaire
00194,6,51.0,1,Superieur
00194,7,61.0,2,Primaire
00195,1,42.0,1,Aucun
00195,2,69.0,2,Primaire
00195,3,70.0,1,
00195,4,19.0,1,Aucun
00195,5,43.0,2,Primaire
00195,6,71.0,2,Primaire
00195,7,32.0,2,Primaire
00195,8,42.0,1,Primaire
00196,1,56.0,2,Primaire
00196,2,22.0,1,Primaire
00196,3,15.0,2,Aucun
00196,4,71.0,1,Aucun
00197,1,27.0,2,
00197,2,33.0,1,Secondaire
00197,3,41.0,1,Secondaire
00198,1,39.0,1,Aucun
00198,2,47.0,1,Primaire
00198,3,56.0,1,Primaire
00198,4,2.0,2,Aucun
00198,5,51.0,2,Secondaire
00199,1,46.0,2,Aucun
00199,2,72.0,2,Primaire
00199,3,62.0,2,Secondaire
00199,4,62.0,2,Primaire
00200,1,29.0,1,Aucun
00200,2,64.0,2,Secondaire
00200,3,3.0,1,Aucun
00200,4,69.0,2,Secondaire
00200,5,8.0,2,Primaire
00200,6,30.0,2,Aucun
00200,7,1.0,1,Aucun
00200,8,62.0,1,Primaire
00200,9,23.0,1,Secondaire
00200,10,17.0,2,Superieur
00201,1,41.0,2,Aucun
00201,2,57.0,1,Aucun
00201,3,41.0,1,Aucun
00202,1,36.0,1,Aucun
00202,2,40.0,2,Secondaire
00202,3,8.0,2,Aucun
00202,4,33.0,2,
00202,5,25.0,1,Primaire
00202,6,54.0,2,Primaire
00202,7,7.0,1,Secondaire
00202,8,71.0,1,Superieur
00202,9,17.0,2,Aucun
00202,10,53.0,2,Aucun
00202,11,64.0,2,Secondaire
00202,12,5.0,1,Aucun
00203,1,55.0,1,Secondaire
00203,2,2.0,2,Aucun
00203,3,27.0,1,Primaire
00203,4,54.0,2,Aucun
00203,5,72.0,1,Aucun
00203,6,49.0,2,Primaire
00203,7,31.0,2,Superieur
00203,8,61.0,1,Primaire
00203,9,9.0,2,Aucun
00204,1,,1,Secondaire
00204,2,69.0,2,Aucun
00204,3,23.0,1,Primaire
00204,4,73.0,1,Aucun
00204,5,69.0,2,Secondaire
00204,6,30.0,2,Aucun
00204,7,69.0,2,Aucun
00205,1,38.0,1,Primaire
00205,2,59.0,1,Primaire
00205,3,51.0,2,Aucun
00205,4,64.0,1,Aucun
00205,5,68.0,1,Primaire
00205,6,6.0,1,Aucun
00206,1,53.0,2,
00206,2,48.0,1,Secondaire
00206,3,9.0,2,Aucun
00206,4,34.0,1,Aucun
00206,5,74.0,2,Secondaire
00206,6,47.0,1,Primaire
00207,1,37.0,1,Aucun
00207,2,15.0,1,Aucun
00207,3,18.0,2,Primaire
00207,4,25.0,1,Aucun
00207,5,3.0,2,Aucun
00207,6,43.0,1,Secondaire
00207,7,41.0,2,Aucun
00208,1,21.0,2,Primaire
00208,2,61.0,1,Aucun
00208,3,41.0,2,Secondaire
00208,4,15.0,1,
00208,5,68.0,1,Primaire
00208,6,2.0,1,Aucun
00209,1,31.0,1,Aucun
00209,2,58.0,2,Primaire
00209,3,0.0,2,Aucun
00209,4,43.0,2,Primaire
00209,5,,2,Primaire
00209,6,5.0,1,Aucun
00209,7,62.0,1,Aucun
00209,8,8.0,2,Primaire
00210,1,24.0,1,Superieur
00210,2,30.0,2,Secondaire
00210,3,57.0,2,Aucun
00210,4,46.0,2,Aucun
00210,5,4.0,2,Aucun
00210,6,44.0,1,Primaire
00211,1,25.0,1,Primaire
00211,2,61.0,1,Primaire
00211,3,58.0,1,Aucun
00211,4,22.0,2,Primaire
00211,5,54.0,1,Primaire
00211,6,72.0,2,Aucun
00212,1,33.0,1,Aucun
00212,2,52.0,2,
00212,3,20.0,1,Primaire
00213,1,,1,Aucun
00213,2,9.0,1,Primaire
00213,3,70.0,2,Aucun
00213,4,16.0,2,Aucun
00213,5,19.0,1,Aucun
00213,6,33.0,1,Primaire
00213,7,38.0,1,Aucun
00213,8,6.0,2,Primaire
00213,9,9.0,1,
00213,10,6.0,1,Aucun
00213,11,35.0,1,Primaire
00213,12,41.0,2,Secondaire
00214,1,43.0,1,Aucun
00214,2,73.0,1,Aucun
00214,3,23.0,1,Primaire
00215,1,26.0,1,Primaire
00215,2,19.0,2,Superieur
00215,3,14.0,2,Primaire
00216,1,47.0,1,Secondaire
00216,2,20.0,2,Primaire
00216,3,53.0,1,Aucun
00216,4,36.0,1,
00216,5,22.0,2,Secondaire
00216,6,52.0,1,Superieur
00216,7,63.0,1,Aucun
00216,8,4.0,2,Aucun
00217,1,56.0,1,Primaire
00217,2,71.0,1,Primaire
00217,3,45.0,2,Aucun
00217,4,25.0,2,Primaire
00217,5,1.0,1,Aucun
00217,6,32.0,2,Primaire
00217,7,41.0,1,
00217,8,35.0,2,
00218,1,51.0,1,Primaire
00218,2,72.0,2,Aucun
00218,3,66.0,1,Primaire
00218,4,15.0,1,Aucun
00218,5,70.0,2,Aucun
00218,6,36.0,2,Primaire
00218,7,36.0,1,Secondaire
00218,8,2.0,1,Aucun
00218,9,56.0,2,Secondaire
00219,1,51.0,1,
00219,2,8.0,2,
00219,3,57.0,1,
00219,4,37.0,2,Primaire
00219,5,35.0,1,Aucun
00219,6,20.0,1,Secondaire
00219,7,66.0,2,Secondaire
00219,8,64.0,1,Aucun
00219,9,15.0,1,Aucun
00219,10,56.0,1,Aucun
00219,11,30.0,2,Primaire
00220,1,37.0,1,Primaire
00220,2,8.0,1,Aucun
00220,3,10.0,1,Aucun
00220,4,41.0,1,Secondaire
00220,5,20.0,1,Primaire
00221,1,54.0,1,Secondaire
00221,2,30.0,1,Aucun
00221,3,21.0,2,Aucun
00222,1,56.0,1,Primaire
00222,2,73.0,1,Primaire
00222,3,50.0,2,Primaire
00222,4,15.0,1,Primaire
00222,5,65.0,1,
00222,6,21.0,1,Secondaire
00222,7,24.0,1,Aucun
00222,8,31.0,1,Secondaire
00222,9,12.0,2,
00223,1,42.0,2,Aucun
00223,2,26.0,1,Primaire
00223,3,10.0,2,Secondaire
00223,4,68.0,2,Aucun
00223,5,41.0,2,Aucun
00223,6,62.0,1,Primaire
00223,7,32.0,2,Aucun
00223,8,53.0,1,Secondaire
00223,9,17.0,2,Primaire
00224,1,38.0,2,Secondaire
00224,2,60.0,1,Primaire
00224,3,22.0,2,Aucun
00224,4,15.0,1,Secondaire
00224,5,13.0,2,Primaire
00224,6,29.0,2,Aucun
00225,1,53.0,1,Primaire
00225,2,11.0,2,Aucun
00225,3,46.0,1,Primaire
00225,4,58.0,2,Aucun
00226,1,63.0,2,Aucun
00226,2,67.0,2,Superieur
00227,1,36.0,1,Primaire
00227,2,,1,Secondaire
00227,3,46.0,1,Primaire
00227,4,59.0,2,Primaire
00227,5,31.0,1,Secondaire
00227,6,41.0,2,Aucun
00227,7,70.0,1,Aucun
00227,8,54.0,1,
00228,1,,1,Primaire
00228,2,44.0,1,Secondaire
00228,3,61.0,2,Aucun
00228,4,21.0,2,Primaire
00228,5,34.0,2,Primaire
00228,6,32.0,1,Primaire
00228,7,32.0,1,Secondaire
00229,1,30.0,1,Aucun
00229,2,56.0,1,Aucun
00229,3,12.0,1,Primaire
00229,4,43.0,2,Aucun
00229,5,40.0,2,Aucun
00229,6,31.0,2,Aucun
00230,1,38.0,1,Secondaire
00230,2,46.0,1,Primaire
00230,3,46.0,2,Primaire
00230,4,1.0,2,Aucun
00230,5,18.0,1,Primaire
00230,6,1.0,2,Aucun
00230,7,25.0,1,Aucun
00231,1,39.0,1,Superieur
00231,2,5.0,1,Aucun
00231,3,25.0,2,Primaire
00231,4,59.0,2,Primaire
00231,5,11.0,2,Secondaire
00232,1,39.0,2,Aucun
00232,2,73.0,1,Secondaire
00232,3,4.0,1,Aucun
00232,4,43.0,1,Aucun
00232,5,47.0,2,Superieur
00232,6,42.0,2,Primaire
00232,7,14.0,1,Secondaire
00232,8,35.0,1,Primaire
00232,9,17.0,1,Primaire
00233,1,40.0,2,Primaire
00233,2,63.0,1,Secondaire
00233,3,25.0,2,Aucun
00233,4,10.0,2,Primaire
00233,5,3.0,1,Aucun
00233,6,23.0,2,Aucun
00233,7,,1,Primaire
00234,1,50.0,2,Aucun
00234,2,34.0,1,Aucun
00234,3,57.0,2,Primaire
00234,4,58.0,2,Aucun
00235,1,28.0,1,Primaire
00235,2,55.0,2,Aucun
00235,3,12.0,1,Aucun
00235,4,44.0,1,Secondaire
00235,5,74.0,2,Primaire
00235,6,49.0,1,Aucun
00235,7,29.0,1,Secondaire
00236,1,20.0,1,Primaire
00236,2,59.0,1,Primaire
00236,3,73.0,2,Secondaire
00236,4,32.0,1,Aucun
00236,5,2.0,1,Aucun
00236,6,10.0,2,Aucun
00236,7,47.0,2,Primaire
00236,8,13.0,1,Primaire
00236,9,19.0,2,Aucun
00236,10,66.0,1,Secondaire
00236,11,71.0,2,Primaire
00236,12,22.0,2,Aucun
00237,1,28.0,1,Superieur
00237,2,2.0,1,Aucun
00237,3,56.0,2,Aucun
00237,4,70.0,1,Aucun
00237,5,16.0,1,Aucun
00237,6,24.0,1,Aucun
00237,7,6.0,1,Superieur
00238,1,28.0,2,Aucun
00238,2,46.0,1,Primaire
00238,3,16.0,2,Secondaire
00238,4,9.0,2,Primaire
00238,5,12.0,1,Aucun
00238,6,61.0,2,Aucun
00238,7,17.0,1,Aucun
00239,1,50.0,2,Primaire
00239,2,40.0,1,Secondaire
00239,3,67.0,2,Aucun
00239,4,0.0,2,
00239,5,63.0,1,Secondaire
00239,6,62.0,2,
00239,7,60.0,1,Primaire
00239,8,73.0,1,Aucun
00239,9,57.0,2,Secondaire
00240,1,20.0,2,Primaire
00240,2,,2,
00240,3,48.0,1,Aucun
00240,4,37.0,2,Primaire
00240,5,30.0,2,Primaire
00240,6,50.0,1,Aucun
00240,7,28.0,2,Primaire
00240,8,26.0,1,Primaire
00240,9,52.0,2,Superieur
00241,1,28.0,1,
00241,2,1.0,2,Aucun
00241,3,57.0,1,Aucun
00242,1,38.0,1,Aucun
00242,2,20.0,1,Primaire
00242,3,38.0,2,Secondaire
00242,4,17.0,1,Secondaire
00242,5,30.0,2,Superieur
00242,6,33.0,1,Aucun
00242,7,38.0,2,Primaire
00243,1,51.0,1,Aucun
00243,2,37.0,1,Aucun
00243,3,0.0,1,Aucun
00243,4,41.0,1,Secondaire
00243,5,30.0,2,Secondaire
00243,6,22.0,2,Aucun
00243,7,74.0,1,Secondaire
00244,1,34.0,2,Secondaire
00244,2,47.0,2,Primaire
00244,3,51.0,2,Secondaire
00244,4,39.0,1,Secondaire
00244,5,26.0,1,Aucun
00244,6,38.0,2,Secondaire
00244,7,24.0,1,Primaire
00244,8,1.0,2,Aucun
00244,9,2.0,1,Aucun
00245,1,64.0,1,Secondaire
00245,2,49.0,1,Aucun
00245,3,27.0,1,Aucun
00245,4,60.0,2,
00245,5,15.0,1,Primaire
00245,6,37.0,1,Primaire
00246,1,20.0,1,Secondaire
00246,2,12.0,1,Aucun
00246,3,32.0,2,
00246,4,56.0,2,Aucun
00247,1,46.0,1,Aucun
00247,2,17.0,1,Secondaire
00247,3,24.0,1,Primaire
00247,4,47.0,2,Aucun
00247,5,67.0,2,Aucun
00247,6,52.0,2,Secondaire
00247,7,42.0,2,Superieur
00247,8,5.0,2,Aucun
00248,1,27.0,2,Secondaire
00248,2,32.0,1,Aucun
00248,3,48.0,2,Primaire
00248,4,66.0,2,Aucun
00248,5,4.0,2,Aucun
00248,6,72.0,1,Primaire
00248,7,60.0,1,Primaire
00248,8,58.0,2,Primaire
00249,1,57.0,1,Primaire
00249,2,11.0,1,Aucun
00249,3,71.0,2,Secondaire
00249,4,30.0,2,Primaire
00249,5,73.0,1,Secondaire
00249,6,38.0,1,Secondaire
00250,1,32.0,1,Aucun
00250,2,62.0,1,
00250,3,2.0,1,Aucun
00250,4,3.0,1,Aucun
00250,5,35.0,2,
00250,6,63.0,1,Secondaire
00250,7,51.0,1,Secondaire
00250,8,31.0,2,Aucun
00250,9,62.0,2,Primaire
00251,1,48.0,1,Primaire
00251,2,54.0,2,Aucun
00251,3,33.0,2,Aucun
00251,4,72.0,1,
00251,5,60.0,1,Primaire
00251,6,22.0,1,Superieur
00251,7,45.0,1,Aucun
00251,8,59.0,1,Aucun
00251,9,33.0,2,Primaire
00251,10,19.0,2,Aucun
00251,11,59.0,1,Primaire
00251,12,66.0,2,Aucun
00251,13,26.0,1,Primaire
00251,14,25.0,2,Primaire
00251,15,10.0,2,Primaire
00251,16,70.0,1,Primaire
00252,1,62.0,1,Aucun
00252,2,22.0,1,
00252,3,62.0,1,Secondaire
00252,4,31.0,1,Aucun
00252,5,34.0,1,Aucun
00252,6,,1,Primaire
00253,1,42.0,1,Primaire
00253,2,34.0,2,Aucun
00253,3,48.0,2,Superieur
00254,1,41.0,1,Primaire
00254,2,0.0,1,Aucun
00254,3,56.0,1,Aucun
00254,4,14.0,1,Aucun
00254,5,52.0,2,Primaire
00254,6,48.0,1,Secondaire
00254,7,12.0,1,Secondaire
00254,8,14.0,2,Aucun
00254,9,60.0,1,Aucun
00255,1,62.0,1,Aucun
00255,2,42.0,2,Aucun
00255,3,13.0,2,Primaire
00255,4,54.0,2,Aucun
00255,5,29.0,2,Primaire
00255,6,57.0,1,Primaire
00255,7,36.0,2,Primaire
00255,8,6.0,1,Primaire
00255,9,64.0,2,Aucun
00255,10,16.0,2,Aucun
00255,11,39.0,2,Secondaire
00255,12,20.0,1,Primaire
00256,1,47.0,1,Aucun
00256,2,46.0,2,Aucun
00256,3,21.0,2,Aucun
00257,1,68.0,1,Primaire
00257,2,54.0,2,Aucun
00257,3,21.0,1,Secondaire
00257,4,24.0,2,Aucun
00257,5,13.0,1,Aucun
00258,1,34.0,1,Primaire
00258,2,49.0,2,Secondaire
00258,3,45.0,2,Aucun
00258,4,15.0,1,Aucun
00258,5,55.0,2,Superieur
00258,6,54.0,2,Secondaire
00259,1,28.0,1,Secondaire
00259,2,71.0,1,Secondaire
00259,3,50.0,1,Secondaire
00259,4,24.0,2,Primaire
00260,1,63.0,2,Superieur
00260,2,37.0,1,Primaire
00260,3,17.0,2,Aucun
00260,4,58.0,2,Secondaire
00261,1,49.0,1,Primaire
00261,2,63.0,1,Secondaire
00261,3,15.0,2,Secondaire
00261,4,61.0,1,Secondaire
00261,5,41.0,2,Primaire
00262,1,61.0,1,Secondaire
00262,2,39.0,2,Aucun
00262,3,26.0,1,Aucun
00262,4,29.0,1,Primaire
00262,5,72.0,2,Secondaire
00263,1,31.0,1,Primaire
00263,2,40.0,1,Superieur
00263,3,68.0,2,Aucun
00263,4,16.0,1,
00263,5,11.0,2,Primaire
00263,6,48.0,2,
00263,7,28.0,2,Aucun
00264,1,23.0,2,Aucun
00264,2,70.0,1,Primaire
00264,3,54.0,2,Secondaire
00265,1,60.0,1,Aucun
00265,2,9.0,1,Primaire
00265,3,74.0,2,Superieur
00265,4,47.0,2,Secondaire
00265,5,0.0,1,Aucun
00265,6,18.0,1,Secondaire
00266,1,59.0,1,
00266,2,13.0,1,Primaire
00266,3,33.0,2,Aucun
00266,4,7.0,2,Aucun
00266,5,48.0,1,Primaire
00266,6,53.0,1,Primaire
00267,1,46.0,2,Secondaire
00267,2,73.0,1,Primaire
00267,3,46.0,2,Secondaire
00267,4,72.0,1,Primaire
00267,5,54.0,1,Secondaire
00268,1,33.0,1,Aucun
00268,2,34.0,2,Aucun
00268,3,6.0,2,Aucun
00268,4,22.0,1,Aucun
00268,5,27.0,1,Aucun
00268,6,71.0,2,Primaire
00268,7,1.0,1,
00269,1,28.0,2,Secondaire
00269,2,29.0,1,Secondaire
00269,3,32.0,1,Secondaire
00269,4,7.0,1,Aucun
00269,5,41.0,2,Primaire
00269,6,10.0,2,Aucun
00269,7,12.0,2,Aucun
00270,1,46.0,1,Superieur
00270,2,35.0,2,Aucun
00270,3,22.0,1,Secondaire
00270,4,66.0,2,Aucun
00270,5,59.0,1,Secondaire
00271,1,35.0,1,Primaire
00271,2,42.0,2,Primaire
00271,3,36.0,1,Primaire
00271,4,2.0,2,Aucun
00271,5,63.0,1,Aucun
00271,6,49.0,2,Aucun
00271,7,71.0,1,Primaire
00272,1,46.0,2,Primaire
00272,2,65.0,1,Aucun
00272,3,21.0,1,Aucun
00272,4,65.0,2,Aucun
00272,5,32.0,2,
00272,6,68.0,1,Primaire
00272,7,,1,Secondaire
00272,8,26.0,2,Primaire
00273,1,39.0,2,Secondaire
00273,2,6.0,2,Secondaire
00273,3,9.0,2,Secondaire
00273,4,17.0,2,Secondaire
00273,5,5.0,1,Aucun
00273,6,25.0,1,Secondaire
00273,7,58.0,1,Primaire
00274,1,41.0,2,Aucun
00274,2,8.0,2,Aucun
00274,3,31.0,2,Primaire
00274,4,8.0,2,Superieur
00274,5,50.0,2,Primaire
00274,6,45.0,2,Secondaire
00274,7,13.0,1,Primaire
00275,1,35.0,1,Primaire
00275,2,63.0,1,Primaire
00275,3,62.0,1,Aucun
00275,4,12.0,2,Primaire
00275,5,19.0,2,Aucun
00275,6,23.0,2,Secondaire
00275,7,58.0,1,Primaire
00276,1,58.0,1,Aucun
00276,2,72.0,2,Aucun
00276,3,31.0,2,Secondaire
00276,4,45.0,1,Primaire
00276,5,63.0,1,Aucun
00276,6,7.0,1,Primaire
00277,1,28.0,1,Aucun
00277,2,65.0,1,Aucun
00277,3,24.0,2,Primaire
00277,4,23.0,2,Aucun
00277,5,33.0,2,Primaire
00277,6,19.0,1,Secondaire
00278,1,35.0,2,Aucun
00278,2,62.0,2,Primaire
00278,3,55.0,2,Aucun
00278,4,22.0,2,Aucun
00278,5,39.0,1,Aucun
00279,1,53.0,1,Aucun
00279,2,16.0,1,Aucun
00279,3,,2,Primaire
00279,4,17.0,1,Primaire
00279,5,43.0,2,Secondaire
00279,6,10.0,2,Primaire
00280,1,48.0,1,Aucun
00280,2,66.0,2,Primaire
00280,3,14.0,1,Primaire
00280,4,60.0,2,Aucun
00280,5,12.0,1,Aucun
00280,6,23.0,2,Aucun
00280,7,55.0,1,Primaire
00280,8,,1,Primaire
00280,9,10.0,1,Aucun
00281,1,51.0,1,Aucun
00281,2,12.0,1,Aucun
00281,3,72.0,2,Secondaire
00281,4,32.0,2,Primaire
00282,1,36.0,2,Secondaire
00282,2,30.0,1,Primaire
00282,3,69.0,2,Primaire
00282,4,28.0,1,
00282,5,61.0,1,Primaire
00282,6,16.0,2,Superieur
00282,7,7.0,2,Aucun
00282,8,13.0,2,
00282,9,13.0,2,Secondaire
00282,10,30.0,2,Aucun
00283,1,20.0,1,Aucun
00283,2,31.0,2,Aucun
00283,3,38.0,2,Primaire
00283,4,65.0,1,Primaire
00283,5,3.0,1,Aucun
00283,6,71.0,1,Aucun
00283,7,68.0,1,Secondaire
00283,8,0.0,2,Aucun
00284,1,31.0,1,Aucun
00284,2,55.0,1,Primaire
00284,3,9.0,1,Aucun
00284,4,4.0,2,Aucun
00284,5,45.0,1,Secondaire
00284,6,28.0,1,Secondaire
00285,1,50.0,2,Aucun
00285,2,34.0,2,Aucun
00285,3,15.0,2,Primaire
00285,4,12.0,1,Primaire
00285,5,60.0,2,Primaire
00285,6,64.0,2,Aucun
00285,7,34.0,2,Aucun
00285,8,38.0,2,Primaire
00286,1,36.0,1,Secondaire
00286,2,69.0,2,Superieur
00286,3,62.0,1,Aucun
00286,4,50.0,2,Primaire
00286,5,17.0,1,Superieur
00286,6,42.0,2,Secondaire
00287,1,53.0,1,Primaire
00287,2,20.0,1,Aucun
00287,3,61.0,2,Primaire
00287,4,33.0,2,Primaire
00287,5,31.0,1,
00287,6,62.0,2,Primaire
00287,7,2.0,2,Aucun
00287,8,7.0,1,Secondaire
00287,9,43.0,1,Aucun
00288,1,53.0,2,Primaire
00288,2,24.0,2,Secondaire
00288,3,32.0,1,Secondaire
00288,4,44.0,2,Secondaire
00288,5,57.0,2,Aucun
00288,6,,1,Aucun
00288,7,70.0,1,Aucun
00288,8,1.0,2,Aucun
00289,1,39.0,1,Aucun
00289,2,39.0,1,Aucun
00289,3,18.0,1,Secondaire
00289,4,70.0,2,Secondaire
00289,5,44.0,2,Primaire
00289,6,10.0,2,Aucun
00289,7,40.0,1,Secondaire
00289,8,6.0,1,Aucun
00289,9,53.0,1,Aucun
00289,10,66.0,2,Primaire
00289,11,51.0,2,Secondaire
00290,1,52.0,1,Secondaire
00290,2,55.0,2,
00290,3,28.0,2,Aucun
00290,4,42.0,2,Aucun
00290,5,3.0,2,Aucun
00290,6,,1,
00290,7,29.0,2,Aucun
00290,8,1.0,1,Aucun
00290,9,46.0,1,Aucun
00290,10,65.0,2,Aucun
00290,11,45.0,1,Aucun
00290,12,25.0,2,Secondaire
00290,13,63.0,1,Superieur
00290,14,33.0,1,Primaire
00291,1,39.0,1,Primaire
00291,2,62.0,1,Primaire
00291,3,43.0,2,Primaire
00291,4,57.0,1,Primaire
00291,5,58.0,2,Secondaire
00292,1,39.0,1,Primaire
00292,2,3.0,2,Aucun
00292,3,26.0,2,Primaire
00292,4,42.0,2,Primaire
00293,1,22.0,1,Aucun
00293,2,48.0,1,Primaire
00293,3,6.0,1,Aucun
00293,4,13.0,1,Primaire
00293,5,5.0,1,Aucun
00293,6,3.0,1,Aucun
00293,7,13.0,2,Primaire
00293,8,47.0,1,Primaire
00293,9,36.0,1,Primaire
00293,10,40.0,1,Secondaire
00293,11,58.0,1,Primaire
00294,1,46.0,1,Aucun
00294,2,3.0,1,Aucun
00294,3,69.0,1,Aucun
00294,4,22.0,2,
00294,5,33.0,2,Aucun
00294,6,43.0,2,Secondaire
00295,1,42.0,1,Primaire
00295,2,37.0,1,Primaire
00295,3,44.0,1,Primaire
00295,4,23.0,2,Aucun
00295,5,43.0,2,Aucun
00295,6,28.0,2,Aucun
00296,1,52.0,2,Aucun
00296,2,73.0,2,Primaire
00296,3,15.0,2,Aucun
00296,4,44.0,1,Aucun
00296,5,71.0,1,Secondaire
00296,6,39.0,1,Primaire
00296,7,17.0,1,Secondaire
00296,8,53.0,1,Aucun
00297,1,46.0,1,Aucun
00297,2,3.0,1,Aucun
00297,3,36.0,2,Primaire
00297,4,37.0,2,Primaire
00297,5,25.0,1,Secondaire
00297,6,41.0,1,Secondaire
00298,1,49.0,1,
00298,2,43.0,1,Secondaire
00298,3,59.0,2,Primaire
00298,4,60.0,1,Superieur
00298,5,36.0,1,Aucun
00298,6,29.0,2,Aucun
00298,7,9.0,1,Aucun
00298,8,71.0,1,Aucun
00298,9,29.0,1,Secondaire
00299,1,51.0,1,Primaire
00299,2,45.0,1,Secondaire
00299,3,36.0,2,Secondaire
00299,4,60.0,2,Secondaire
00299,5,46.0,1,Aucun
00299,6,47.0,2,
00300,1,46.0,1,Aucun
00300,2,64.0,2,Primaire
00300,3,3.0,2,Aucun
00300,4,50.0,1,Secondaire
00300,5,10.0,1,Primaire
00300,6,27.0,2,Secondaire
00300,7,37.0,1,Primaire
00301,1,36.0,1,Primaire
00301,2,32.0,2,Primaire
00301,3,15.0,2,Aucun
00301,4,35.0,2,Secondaire
00301,5,39.0,1,Secondaire
00302,1,48.0,2,
00302,2,23.0,2,Secondaire
00302,3,18.0,1,Primaire
00302,4,65.0,1,Secondaire
00303,1,49.0,1,Secondaire
00303,2,42.0,1,Aucun
00303,3,65.0,1,Primaire
00303,4,26.0,2,Primaire
00303,5,74.0,2,Superieur
00303,6,33.0,1,Secondaire
00303,7,70.0,1,Superieur
00303,8,62.0,2,Secondaire
00303,9,42.0,1,Primaire
00303,10,33.0,1,Primaire
00303,11,56.0,1,Aucun
00304,1,20.0,1,Primaire
00305,1,42.0,1,Superieur
00305,2,34.0,1,Primaire
00305,3,70.0,1,Secondaire
00305,4,32.0,1,Primaire
00305,5,35.0,2,Primaire
00305,6,69.0,1,Secondaire
00306,1,52.0,1,Primaire
00306,2,30.0,2,Secondaire
00306,3,,1,Aucun
00306,4,21.0,1,Aucun
00306,5,44.0,2,Secondaire
00306,6,8.0,1,Primaire
00306,7,24.0,1,
00306,8,72.0,2,Primaire
00306,9,61.0,1,Primaire
00306,10,52.0,2,Aucun
00306,11,18.0,1,
00306,12,74.0,1,Aucun
00306,13,13.0,1,Aucun
00307,1,48.0,2,Aucun
00307,2,31.0,2,Aucun
00307,3,31.0,2,Secondaire
00307,4,73.0,2,Superieur
00307,5,9.0,2,Primaire
00308,1,46.0,2,Superieur
00308,2,53.0,1,Primaire
00308,3,40.0,2,Secondaire
00308,4,69.0,2,Aucun
00308,5,31.0,2,Aucun
00308,6,39.0,2,Aucun
00308,7,54.0,1,Secondaire
00308,8,44.0,2,Primaire
00308,9,38.0,2,Primaire
00308,10,17.0,2,Secondaire
00309,1,36.0,1,Primaire
00309,2,2.0,1,Aucun
00309,3,41.0,2,Aucun
00309,4,20.0,1,Aucun
00309,5,73.0,1,Aucun
00309,6,44.0,1,Primaire
00309,7,27.0,2,
00310,1,42.0,1,Aucun
00310,2,52.0,1,Secondaire
00310,3,15.0,1,Aucun
00310,4,16.0,1,Primaire
00310,5,,1,Aucun
00311,1,55.0,1,Secondaire
00311,2,34.0,1,Primaire
00311,3,54.0,1,Aucun
00311,4,16.0,1,Primaire
00311,5,33.0,1,Secondaire
00311,6,3.0,2,Aucun
00311,7,9.0,1,
00312,1,46.0,1,Aucun
00312,2,15.0,1,Aucun
00312,3,26.0,2,Aucun
00312,4,2.0,2,Aucun
00312,5,50.0,2,Aucun
00312,6,39.0,1,Secondaire
00312,7,43.0,2,Secondaire
00312,8,62.0,1,Aucun
00313,1,49.0,1,Aucun
00313,2,36.0,2,
00313,3,24.0,1,Secondaire
00314,1,36.0,1,Aucun
00314,2,1.0,1,Aucun
00314,3,27.0,2,Aucun
00314,4,74.0,1,Primaire
00314,5,55.0,2,Secondaire
00315,1,,1,Primaire
00315,2,37.0,2,Aucun
00315,3,42.0,1,Primaire
00315,4,72.0,2,Aucun
00315,5,17.0,1,Secondaire
00316,1,38.0,1,Aucun
00316,2,39.0,1,Superieur
00316,3,59.0,1,Secondaire
00316,4,35.0,1,
00316,5,21.0,2,Primaire
00316,6,42.0,1,Secondaire
00316,7,13.0,1,Aucun
00317,1,45.0,1,Aucun
00317,2,72.0,2,Secondaire
00317,3,7.0,2,Secondaire
00317,4,68.0,1,Aucun
00317,5,24.0,2,Secondaire
00317,6,57.0,1,Superieur
00318,1,62.0,1,Secondaire
00318,2,65.0,2,Secondaire
00318,3,45.0,2,Secondaire
00318,4,70.0,2,Superieur
00318,5,10.0,2,Secondaire
00318,6,71.0,1,Primaire
00319,1,46.0,1,Primaire
00319,2,12.0,1,Secondaire
00319,3,20.0,2,Aucun
00319,4,46.0,2,Secondaire
00319,5,11.0,2,Aucun
00319,6,71.0,2,Aucun
00320,1,48.0,2,Aucun
00320,2,61.0,1,Secondaire
00320,3,38.0,1,Primaire
00320,4,42.0,2,Primaire
00320,5,58.0,2,Aucun
00320,6,45.0,1,Primaire
00320,7,55.0,1,Secondaire
00320,8,74.0,1,Aucun
00321,1,25.0,1,Aucun
00321,2,16.0,2,Aucun
00321,3,46.0,2,Aucun
00321,4,44.0,2,Secondaire
00321,5,32.0,1,Secondaire
00321,6,74.0,2,Primaire
00321,7,64.0,2,
00322,1,52.0,1,Aucun
00322,2,7.0,2,Primaire
00322,3,61.0,1,Aucun
00322,4,1.0,2,Aucun
00322,5,24.0,1,Primaire
00323,1,47.0,1,Primaire
00323,2,33.0,1,Aucun
00323,3,27.0,2,Secondaire
00324,1,50.0,1,Aucun
00324,2,24.0,1,
00324,3,70.0,1,Aucun
00324,4,27.0,1,Secondaire
00324,5,38.0,2,Secondaire
00325,1,40.0,1,Aucun
00325,2,72.0,1,
00325,3,40.0,1,Aucun
00325,4,10.0,1,Aucun
00325,5,65.0,1,Superieur
00325,6,65.0,2,Primaire
00325,7,50.0,1,Primaire
00325,8,73.0,2,Aucun
00325,9,34.0,2,Primaire
00326,1,46.0,1,Secondaire
00326,2,35.0,1,Aucun
00326,3,70.0,1,Aucun
00326,4,33.0,2,Primaire
00326,5,33.0,1,Primaire
00326,6,11.0,2,Aucun
00327,1,43.0,2,Aucun
00327,2,52.0,2,Aucun
00327,3,16.0,1,Aucun
00327,4,59.0,2,Secondaire
00327,5,41.0,1,Secondaire
00327,6,29.0,2,Aucun
00327,7,49.0,1,Primaire
00328,1,46.0,1,Primaire
00328,2,69.0,2,Primaire
00328,3,14.0,2,Primaire
00328,4,66.0,1,
00328,5,65.0,1,Aucun
00328,6,71.0,2,Primaire
00329,1,33.0,2,Aucun
00329,2,31.0,2,Superieur
00329,3,40.0,2,Primaire
00329,4,13.0,1,Secondaire
00329,5,61.0,1,Aucun
00329,6,35.0,2,Secondaire
00329,7,32.0,1,Secondaire
00330,1,,1,Primaire
00330,2,26.0,2,Aucun
00330,3,57.0,1,Secondaire
00330,4,56.0,1,Primaire
00331,1,48.0,1,Aucun
00331,2,28.0,1,Primaire
00331,3,10.0,2,Superieur
00331,4,24.0,2,Secondaire
00331,5,74.0,2,Secondaire
00331,6,19.0,1,
00331,7,46.0,2,Aucun
00332,1,43.0,1,Secondaire
00332,2,69.0,2,Primaire
00332,3,12.0,2,Aucun
00333,1,62.0,2,Aucun
00333,2,74.0,1,Primaire
00333,3,29.0,1,Primaire
00333,4,16.0,1,Primaire
00333,5,62.0,1,
00333,6,17.0,1,
00334,1,58.0,1,Aucun
00334,2,7.0,2,Aucun
00334,3,48.0,1,Secondaire
00334,4,30.0,2,Primaire
00334,5,37.0,2,Secondaire
00334,6,73.0,1,
00334,7,4.0,2,Aucun
00334,8,18.0,2,Primaire
00334,9,56.0,1,Aucun
00334,10,10.0,1,Aucun
00335,1,55.0,2,Primaire
00335,2,17.0,1,Secondaire
00335,3,58.0,2,Aucun
00335,4,16.0,1,Primaire
00335,5,70.0,1,Primaire
00335,6,26.0,2,
00335,7,66.0,1,Primaire
00335,8,53.0,1,Primaire
00335,9,43.0,2,Aucun
00335,10,9.0,1,Aucun
00335,11,49.0,2,Primaire
00335,12,21.0,1,Primaire
00335,13,28.0,2,Aucun
00336,1,37.0,1,Aucun
00336,2,66.0,1,Primaire
00336,3,33.0,1,Secondaire
00336,4,29.0,2,Primaire
00336,5,66.0,1,Aucun
00336,6,6.0,2,Secondaire
00336,7,14.0,1,Secondaire
00336,8,60.0,1,Aucun
00337,1,42.0,1,Secondaire
00337,2,48.0,1,Aucun
00337,3,6.0,1,Aucun
00337,4,29.0,2,Primaire
00337,5,50.0,2,Primaire
00338,1,44.0,2,Primaire
00338,2,26.0,2,Aucun
00338,3,61.0,1,Primaire
00338,4,37.0,2,Secondaire
00338,5,43.0,1,Aucun
00338,6,64.0,2,Aucun
00338,7,61.0,1,
00338,8,53.0,2,
00338,9,30.0,2,Primaire
00339,1,44.0,2,Aucun
00339,2,26.0,2,Aucun
00339,3,13.0,1,Aucun
00339,4,53.0,2,Secondaire
00339,5,50.0,1,Secondaire
00339,6,43.0,1,Primaire
00339,7,63.0,1,Secondaire
00340,1,24.0,1,Primaire
00340,2,30.0,1,Primaire
00340,3,38.0,2,Aucun
00340,4,65.0,1,Secondaire
00340,5,2.0,1,Aucun
00340,6,20.0,1,Primaire
00340,7,61.0,2,Aucun
00340,8,14.0,2,Secondaire
00341,1,40.0,1,
00341,2,19.0,2,Aucun
00341,3,37.0,1,Aucun
00341,4,44.0,1,Primaire
00341,5,20.0,1,Primaire
00341,6,13.0,2,Primaire
00341,7,61.0,1,Primaire
00341,8,67.0,1,Primaire
00341,9,48.0,2,Aucun
00342,1,35.0,1,Secondaire
00342,2,8.0,1,Superieur
00342,3,45.0,2,Primaire
00342,4,7.0,2,Secondaire
00342,5,18.0,2,Secondaire
00343,1,42.0,1,Aucun
00343,2,62.0,2,Primaire
00343,3,60.0,1,Primaire
00344,1,48.0,1,Aucun
00344,2,,1,Primaire
00344,3,64.0,1,Aucun
00344,4,34.0,2,Primaire
00344,5,2.0,2,
00344,6,2.0,2,Aucun
00344,7,54.0,1,Secondaire
00345,1,59.0,1,Secondaire
00345,2,,1,Aucun
00345,3,35.0,1,Superieur
00345,4,12.0,1,Secondaire
00345,5,23.0,2,Primaire
00346,1,34.0,1,Aucun
00346,2,54.0,2,Secondaire
00346,3,29.0,2,Aucun
00346,4,40.0,2,Aucun
00346,5,20.0,1,Superieur
00346,6,1.0,1,Aucun
00347,1,30.0,1,Aucun
00347,2,66.0,2,
00347,3,60.0,1,Secondaire
00347,4,35.0,1,Aucun
00347,5,16.0,2,Aucun
00347,6,44.0,2,Primaire
00347,7,21.0,2,Secondaire
00348,1,23.0,1,
00348,2,36.0,1,Secondaire
00348,3,62.0,2,
00348,4,7.0,1,
00349,1,44.0,1,Aucun
00349,2,73.0,2,Aucun
00349,3,57.0,1,Aucun
00349,4,57.0,1,Primaire
00349,5,33.0,2,Secondaire
00349,6,14.0,1,Primaire
00349,7,29.0,1,Aucun
00349,8,28.0,2,Aucun
00349,9,37.0,2,Primaire
00349,10,41.0,1,Primaire
00350,1,40.0,1,Aucun
00350,2,74.0,2,Aucun
00350,3,55.0,2,Aucun
00350,4,5.0,1,
00350,5,72.0,2,Primaire
00350,6,55.0,2,Primaire
00350,7,41.0,1,Primaire
00351,1,45.0,1,Aucun
00351,2,21.0,1,Secondaire
00351,3,9.0,2,Secondaire
00351,4,73.0,2,Aucun
00351,5,0.0,1,Aucun
00351,6,10.0,2,Primaire
00351,7,,2,Superieur
00351,8,63.0,2,Aucun
00351,9,34.0,1,Aucun
00352,1,29.0,1,Aucun
00352,2,,1,Aucun
00352,3,45.0,1,Primaire
00352,4,62.0,2,Aucun
00352,5,73.0,1,Primaire
00352,6,27.0,1,Primaire
00352,7,18.0,1,Aucun
00352,8,73.0,1,Aucun
00352,9,64.0,1,Secondaire
00352,10,73.0,2,Primaire
00352,11,48.0,1,Primaire
00353,1,43.0,1,
00353,2,31.0,1,Secondaire
00353,3,65.0,2,
00354,1,37.0,1,Aucun
00354,2,5.0,1,Aucun
00354,3,58.0,2,Primaire
00354,4,,1,Aucun
00355,1,41.0,1,
00355,2,54.0,1,Aucun
00355,3,64.0,1,Secondaire
00355,4,34.0,1,Aucun
00355,5,8.0,1,Primaire
00356,1,37.0,1,Aucun
00356,2,31.0,2,Primaire
00356,3,54.0,2,Primaire
00356,4,72.0,2,Secondaire
00356,5,7.0,1,Aucun
00356,6,32.0,2,Aucun
00357,1,49.0,1,Superieur
00357,2,26.0,1,Primaire
00357,3,8.0,1,Secondaire
00357,4,45.0,2,Primaire
00357,5,46.0,2,Secondaire
00357,6,25.0,1,Primaire
00358,1,41.0,2,Aucun
00358,2,14.0,2,Primaire
00358,3,55.0,1,Primaire
00358,4,36.0,2,Primaire
00358,5,72.0,1,Secondaire
00358,6,20.0,1,Primaire
00358,7,34.0,1,Secondaire
00359,1,37.0,2,Primaire
00359,2,62.0,1,Aucun
00359,3,19.0,2,Primaire
00359,4,27.0,1,Aucun
00359,5,37.0,2,Aucun
00359,6,28.0,2,Secondaire
00359,7,60.0,1,Primaire
00360,1,40.0,1,Aucun
00360,2,5.0,2,Aucun
00360,3,12.0,2,Primaire
00360,4,48.0,2,Secondaire
00361,1,45.0,2,Aucun
00361,2,7.0,1,Primaire
00361,3,26.0,1,Aucun
00361,4,33.0,2,
00361,5,22.0,2,Primaire
00361,6,52.0,1,Aucun
00361,7,71.0,1,Secondaire
00362,1,44.0,1,Primaire
00362,2,12.0,2,
00362,3,36.0,2,Aucun
00362,4,38.0,1,Secondaire
00362,5,28.0,1,Aucun
00362,6,44.0,1,Aucun
00362,7,16.0,1,Secondaire
00363,1,52.0,1,Aucun
00363,2,36.0,1,Aucun
00363,3,24.0,1,Primaire
00363,4,68.0,1,Aucun
00363,5,52.0,1,Secondaire
00363,6,0.0,2,
00363,7,32.0,2,Aucun
00363,8,37.0,1,Aucun
00364,1,69.0,1,Secondaire
00364,2,23.0,2,Superieur
00364,3,60.0,2,Aucun
00364,4,74.0,2,Aucun
00365,1,28.0,2,Aucun
00366,1,50.0,2,Aucun
00366,2,16.0,1,Primaire
00366,3,48.0,2,Superieur
00366,4,33.0,1,Aucun
00366,5,7.0,1,Secondaire
00366,6,25.0,2,Secondaire
00366,7,71.0,2,Aucun
00366,8,2.0,1,Aucun
00366,9,,1,Primaire
00366,10,43.0,2,Secondaire
00366,11,2.0,1,Aucun
00366,12,11.0,1,Primaire
00366,13,39.0,1,Primaire
00367,1,53.0,1,
00367,2,22.0,2,Primaire
00367,3,55.0,1,Primaire
00367,4,61.0,2,Secondaire
00367,5,73.0,2,Primaire
00368,1,39.0,1,Aucun
00368,2,15.0,2,Aucun
00368,3,10.0,1,Primaire
00368,4,4.0,2,Aucun
00368,5,43.0,1,Superieur
00368,6,0.0,2,Aucun
00368,7,3.0,1,Aucun
00369,1,21.0,1,Aucun
00369,2,62.0,2,Primaire
00369,3,28.0,1,Aucun
00369,4,58.0,2,Primaire
00370,1,34.0,1,Secondaire
00370,2,64.0,1,Aucun
00370,3,55.0,1,Secondaire
00370,4,17.0,1,Secondaire
00370,5,55.0,1,Secondaire
00371,1,42.0,1,Secondaire
00371,2,42.0,1,Aucun
00371,3,10.0,1,Aucun
00372,1,53.0,1,Aucun
00372,2,51.0,2,Aucun
00372,3,35.0,2,Secondaire
00372,4,74.0,1,Aucun
00372,5,9.0,2,Primaire
00373,1,46.0,1,
00373,2,41.0,2,Aucun
00373,3,24.0,1,Secondaire
00373,4,15.0,1,Aucun
00373,5,63.0,1,Aucun
00373,6,50.0,1,Primaire
00374,1,51.0,1,Aucun
00374,2,26.0,1,Aucun
00374,3,27.0,2,Aucun
00374,4,22.0,1,Aucun
00374,5,74.0,1,Primaire
00375,1,52.0,1,Aucun
00375,2,59.0,2,Aucun
00376,1,24.0,1,Aucun
00376,2,44.0,2,Secondaire
00376,3,30.0,2,Primaire
00376,4,68.0,2,Secondaire
00376,5,57.0,1,Aucun
00377,1,29.0,1,Aucun
00377,2,65.0,1,Secondaire
00377,3,37.0,2,Aucun
00377,4,48.0,2,Secondaire
00377,5,51.0,2,Primaire
00378,1,45.0,2,Secondaire
00378,2,3.0,2,Aucun
00378,3,26.0,1,Primaire
00378,4,64.0,1,Primaire
00378,5,69.0,2,Secondaire
00379,1,36.0,1,Aucun
00379,2,47.0,1,Primaire
00379,3,57.0,1,Secondaire
00379,4,64.0,1,Secondaire
00379,5,44.0,2,Secondaire
00379,6,40.0,1,Aucun
00379,7,21.0,2,Aucun
00379,8,57.0,1,Secondaire
00380,1,49.0,1,Secondaire
00380,2,49.0,2,Secondaire
00380,3,14.0,2,Secondaire
00380,4,43.0,1,Primaire
00381,1,47.0,1,Primaire
00381,2,60.0,2,Primaire
00381,3,47.0,1,Primaire
00381,4,11.0,1,Primaire
00381,5,27.0,1,Aucun
00381,6,28.0,2,Aucun
00382,1,34.0,1,Aucun
00382,2,21.0,2,Aucun
00382,3,41.0,2,Primaire
00382,4,37.0,1,Aucun
00382,5,37.0,2,Aucun
00382,6,13.0,1,Secondaire
00382,7,70.0,1,Aucun
00383,1,32.0,1,Aucun
00383,2,36.0,1,Aucun
00383,3,54.0,2,Aucun
00383,4,55.0,2,Primaire
00383,5,14.0,1,Aucun
00384,1,39.0,1,Primaire
00384,2,3.0,2,
00385,1,63.0,1,Superieur
00385,2,12.0,1,Aucun
00385,3,13.0,1,Secondaire
00385,4,67.0,1,Secondaire
00385,5,,2,Secondaire
00385,6,40.0,1,Primaire
00385,7,57.0,2,
00385,8,8.0,2,Primaire
00385,9,32.0,2,Secondaire
00386,1,55.0,2,Primaire
00386,2,28.0,2,Primaire
00386,3,13.0,1,Aucun
00386,4,14.0,1,Secondaire
00386,5,27.0,2,Aucun
00386,6,30.0,2,Secondaire
00386,7,15.0,1,Primaire
00386,8,55.0,1,Secondaire
00387,1,61.0,1,Primaire
00387,2,72.0,2,Primaire
00387,3,22.0,2,Aucun
00387,4,32.0,2,Primaire
00388,1,33.0,1,Aucun
00388,2,71.0,2,Primaire
00388,3,36.0,1,Primaire
00389,1,35.0,1,Secondaire
00389,2,8.0,1,Secondaire
00389,3,1.0,2,Aucun
00389,4,52.0,2,Aucun
00389,5,32.0,2,Aucun
00389,6,1.0,2,Aucun
00389,7,29.0,1,
00389,8,7.0,1,Aucun
00389,9,19.0,2,
00389,10,58.0,1,Secondaire
00390,1,54.0,1,Secondaire
00390,2,73.0,1,Primaire
00390,3,58.0,1,Primaire
00390,4,29.0,1,Primaire
00390,5,57.0,1,Primaire
00391,1,47.0,1,Aucun
00391,2,19.0,1,Primaire
00391,3,71.0,1,Primaire
00391,4,4.0,1,Aucun
00391,5,32.0,2,Aucun
00391,6,74.0,2,Aucun
00391,7,57.0,1,Aucun
00391,8,45.0,2,Secondaire
00391,9,45.0,2,Aucun
00391,10,26.0,2,Aucun
00391,11,45.0,1,Aucun
00391,12,74.0,2,Aucun
00392,1,45.0,1,Aucun
00392,2,63.0,2,Primaire
00392,3,21.0,2,Aucun
00392,4,60.0,1,Aucun
00392,5,32.0,2,Aucun
00392,6,10.0,1,Aucun
00392,7,64.0,1,Aucun
00392,8,55.0,1,Aucun
00393,1,53.0,2,Secondaire
00393,2,17.0,2,Secondaire
00393,3,74.0,1,Secondaire
00393,4,44.0,1,Aucun
00393,5,27.0,1,Primaire
00393,6,22.0,1,Aucun
00393,7,10.0,1,Primaire
00394,1,56.0,2,Primaire
00394,2,41.0,2,Superieur
00394,3,66.0,1,Aucun
00394,4,39.0,2,Aucun
00395,1,39.0,1,Primaire
00395,2,4.0,2,Aucun
00395,3,9.0,2,Primaire
00395,4,29.0,1,Secondaire
00395,5,0.0,2,Aucun
00395,6,67.0,2,Aucun
00395,7,34.0,2,Secondaire
00395,8,48.0,1,Aucun
00395,9,32.0,2,Aucun
00395,10,69.0,1,Aucun
00396,1,66.0,1,Primaire
00396,2,24.0,2,Aucun
00397,1,47.0,1,Superieur
00397,2,10.0,2,Aucun
00397,3,33.0,2,Aucun
00397,4,24.0,2,Aucun
00397,5,25.0,2,Aucun
00398,1,56.0,1,Secondaire
00398,2,61.0,1,Aucun
00398,3,39.0,1,Secondaire
00398,4,7.0,2,Secondaire
00398,5,14.0,1,Aucun
00398,6,37.0,1,Aucun
00398,7,37.0,2,Primaire
00398,8,53.0,2,Aucun
00398,9,32.0,2,Secondaire
00398,10,1.0,1,Aucun
00398,11,74.0,1,Secondaire
00398,12,74.0,1,Primaire
00398,13,31.0,1,
00398,14,50.0,2,Aucun
00399,1,31.0,1,Primaire
00399,2,22.0,1,
00399,3,48.0,2,Secondaire
00399,4,69.0,2,Primaire
00400,1,38.0,2,Aucun
00400,2,31.0,1,Secondaire
00400,3,20.0,1,Secondaire
00400,4,57.0,2,Primaire
00401,1,38.0,2,Primaire
00401,2,64.0,2,Primaire
00401,3,55.0,1,Aucun
00402,1,55.0,1,Aucun
00402,2,31.0,1,Aucun
00402,3,59.0,2,Primaire
00402,4,68.0,2,Secondaire
00402,5,13.0,2,Aucun
00402,6,23.0,1,
00402,7,20.0,2,
00402,8,72.0,2,Secondaire
00403,1,32.0,1,Aucun
00403,2,66.0,2,Secondaire
00403,3,29.0,1,Aucun
00403,4,62.0,2,Aucun
00403,5,21.0,2,Aucun
00404,1,53.0,1,Aucun
00404,2,23.0,1,Secondaire
00404,3,57.0,1,Aucun
00405,1,65.0,2,Primaire
00405,2,19.0,2,Secondaire
00405,3,51.0,1,Aucun
00405,4,15.0,2,Primaire
00405,5,45.0,2,Secondaire
00405,6,64.0,2,Superieur
00405,7,2.0,1,Aucun
00405,8,17.0,2,Aucun
00405,9,19.0,1,Aucun
00406,1,21.0,1,Aucun
00406,2,72.0,1,Primaire
00406,3,52.0,2,Aucun
00406,4,65.0,1,Primaire
00406,5,21.0,1,Primaire
00406,6,21.0,1,Secondaire
00407,1,27.0,1,Aucun
00407,2,31.0,2,Primaire
00407,3,36.0,1,Primaire
00407,4,57.0,2,Primaire
00407,5,49.0,1,Aucun
00407,6,38.0,1,Primaire
00407,7,43.0,1,Aucun
00407,8,67.0,1,Aucun
00407,9,24.0,2,Aucun
00407,10,72.0,2,Primaire
00408,1,53.0,1,Secondaire
00408,2,1.0,2,Aucun
00408,3,30.0,1,Secondaire
00408,4,35.0,2,Aucun
00408,5,63.0,1,Aucun
00408,6,30.0,1,Secondaire
00408,7,31.0,2,Aucun
00409,1,47.0,1,Secondaire
00409,2,64.0,2,Primaire
00409,3,23.0,2,Primaire
00409,4,28.0,1,Aucun
00409,5,42.0,1,Secondaire
00409,6,58.0,1,Primaire
00409,7,10.0,2,Secondaire
00409,8,36.0,1,Primaire
00410,1,47.0,2,Primaire
00410,2,74.0,2,Secondaire
00410,3,70.0,2,Primaire
00410,4,55.0,2,Secondaire
00410,5,2.0,1,Aucun
00410,6,64.0,2,Primaire
00410,7,8.0,2,Aucun
00410,8,21.0,1,Secondaire
00410,9,71.0,1,Aucun
00411,1,39.0,1,Primaire
00411,2,15.0,2,
00411,3,47.0,1,Primaire
00411,4,11.0,1,Primaire
00411,5,61.0,1,Aucun
00411,6,28.0,1,Primaire
00412,1,43.0,2,Secondaire
00412,2,54.0,1,Primaire
00412,3,26.0,1,Secondaire
00412,4,62.0,2,Primaire
00412,5,70.0,1,Secondaire
00413,1,63.0,2,Aucun
00413,2,23.0,1,Primaire
00413,3,56.0,2,Aucun
00413,4,55.0,2,Aucun
00413,5,47.0,2,Aucun
00414,1,51.0,1,Secondaire
00414,2,21.0,2,Primaire
00414,3,7.0,2,Primaire
00414,4,44.0,1,Primaire
00414,5,16.0,2,Aucun
00414,6,38.0,2,Primaire
00414,7,34.0,2,Primaire
00414,8,52.0,1,Secondaire
00414,9,44.0,2,Secondaire
00414,10,24.0,2,Primaire
00415,1,43.0,1,Aucun
00415,2,24.0,1,Aucun
00415,3,3.0,2,Aucun
00415,4,51.0,2,Secondaire
00415,5,31.0,1,Secondaire
00415,6,58.0,2,Primaire
00416,1,39.0,1,Aucun
00416,2,7.0,2,Secondaire
00416,3,20.0,1,Secondaire
00416,4,24.0,2,Primaire
00416,5,28.0,2,Aucun
00416,6,24.0,1,Secondaire
00416,7,,2,Primaire
00416,8,40.0,2,Primaire
00417,1,34.0,2,Aucun
00417,2,3.0,1,Aucun
00417,3,,1,Secondaire
00418,1,46.0,1,Primaire
00418,2,43.0,2,Aucun
00418,3,68.0,2,Primaire
00418,4,39.0,2,Primaire
00418,5,45.0,1,Primaire
00418,6,24.0,2,Aucun
00418,7,18.0,1,Primaire
00418,8,73.0,1,Primaire
00419,1,48.0,1,Primaire
00419,2,17.0,2,Primaire
00419,3,33.0,2,Aucun
00419,4,0.0,2,Aucun
00419,5,68.0,1,Aucun
00419,6,66.0,2,Secondaire
00419,7,68.0,2,Secondaire
00419,8,16.0,2,Secondaire
00419,9,11.0,2,Secondaire
00419,10,33.0,2,Aucun
00420,1,38.0,2,Primaire
00420,2,29.0,1,Primaire
00420,3,40.0,2,Secondaire
00420,4,70.0,2,Aucun
00420,5,43.0,2,Aucun
00420,6,73.0,2,Secondaire
00421,1,68.0,1,Aucun
00421,2,56.0,2,Aucun
00421,3,45.0,2,Secondaire
00421,4,7.0,2,Superieur
00421,5,1.0,2,Aucun
00422,1,53.0,1,Primaire
00422,2,11.0,1,Aucun
00422,3,33.0,1,Secondaire
00422,4,68.0,2,Aucun
00422,5,,2,Primaire
00422,6,11.0,2,Secondaire
00422,7,26.0,2,Aucun
00422,8,39.0,1,Superieur
00423,1,43.0,1,Primaire
00423,2,6.0,2,Primaire
00423,3,44.0,2,Aucun
00423,4,46.0,2,Primaire
00423,5,24.0,1,Secondaire
00423,6,0.0,2,Aucun
00423,7,69.0,1,
00423,8,69.0,1,Secondaire
00423,9,29.0,1,Primaire
00424,1,34.0,1,Primaire
00424,2,43.0,2,Aucun
00424,3,39.0,1,Primaire
00424,4,27.0,2,Primaire
00424,5,28.0,2,Primaire
00425,1,46.0,1,Aucun
00425,2,69.0,1,Secondaire
00425,3,16.0,2,Aucun
00425,4,59.0,1,Primaire
00425,5,57.0,1,Secondaire
00425,6,46.0,2,Primaire
00425,7,11.0,2,Aucun
00426,1,42.0,1,Aucun
00426,2,19.0,1,Secondaire
00426,3,23.0,2,Aucun
00426,4,,2,Primaire
00427,1,31.0,1,
00427,2,51.0,1,Superieur
00427,3,28.0,1,Primaire
00427,4,44.0,1,Aucun
00427,5,55.0,2,Secondaire
00427,6,53.0,1,Aucun
00427,7,42.0,2,Aucun
00428,1,45.0,1,Aucun
00428,2,47.0,2,Aucun
00428,3,23.0,1,Aucun
00428,4,10.0,1,Secondaire
00428,5,18.0,2,Primaire
00429,1,28.0,2,Aucun
00429,2,43.0,1,Primaire
00429,3,1.0,2,Aucun
00429,4,41.0,2,Secondaire
00429,5,70.0,2,Secondaire
00429,6,46.0,1,Aucun
00429,7,24.0,2,Secondaire
00430,1,38.0,1,Aucun
00430,2,10.0,1,Superieur
00430,3,18.0,2,Aucun
00431,1,46.0,1,
00431,2,53.0,2,Aucun
00431,3,37.0,2,
00431,4,57.0,1,
00431,5,74.0,1,Secondaire
00431,6,70.0,2,Aucun
00432,1,43.0,1,Aucun
00432,2,52.0,2,Aucun
00432,3,11.0,2,Primaire
00432,4,22.0,1,Superieur
00432,5,60.0,1,Aucun
00433,1,36.0,1,Aucun
00433,2,18.0,2,Primaire
00433,3,39.0,2,Superieur
00433,4,37.0,1,Aucun
00433,5,16.0,1,Primaire
00433,6,8.0,1,Aucun
00433,7,15.0,1,Secondaire
00433,8,59.0,1,Aucun
00433,9,46.0,2,Aucun
00433,10,48.0,2,Aucun
00433,11,61.0,1,Primaire
00434,1,52.0,2,Aucun
00434,2,40.0,1,Secondaire
00434,3,63.0,2,Secondaire
00434,4,34.0,1,Secondaire
00434,5,34.0,2,Secondaire
00434,6,62.0,1,Aucun
00434,7,14.0,1,Secondaire
00435,1,34.0,1,
00435,2,24.0,2,Primaire
00435,3,59.0,2,Primaire
00435,4,30.0,2,Aucun
00435,5,4.0,2,Aucun
00435,6,31.0,2,Primaire
00436,1,33.0,1,Primaire
00436,2,2.0,1,Aucun
00436,3,59.0,2,Aucun
00436,4,14.0,2,Secondaire
00436,5,42.0,1,Aucun
00436,6,25.0,2,Primaire
00436,7,72.0,2,Primaire
00436,8,61.0,2,Secondaire
00436,9,26.0,2,Primaire
00437,1,46.0,1,Aucun
00437,2,69.0,2,Primaire
00437,3,29.0,2,Secondaire
00437,4,7.0,2,Primaire
00437,5,12.0,2,Aucun
00437,6,30.0,1,Aucun
00438,1,20.0,1,Aucun
00438,2,19.0,1,Secondaire
00438,3,24.0,1,Secondaire
00439,1,51.0,1,Primaire
00439,2,53.0,2,Primaire
00439,3,44.0,2,Primaire
00439,4,35.0,2,Primaire
00439,5,12.0,2,Primaire
00439,6,36.0,2,Secondaire
00439,7,1.0,1,Aucun
00439,8,0.0,2,Aucun
00439,9,31.0,2,Primaire
00440,1,33.0,1,Aucun
00440,2,56.0,1,Primaire
00440,3,44.0,1,Secondaire
00440,4,50.0,2,Primaire
00441,1,41.0,2,
00441,2,17.0,1,Primaire
00441,3,55.0,1,
00441,4,41.0,1,
00442,1,66.0,1,Aucun
00442,2,17.0,2,Aucun
00442,3,34.0,2,Aucun
00442,4,36.0,1,
00442,5,16.0,1,Primaire
00442,6,7.0,1,Secondaire
00442,7,67.0,2,Secondaire
00443,1,44.0,1,Aucun
00443,2,65.0,1,Aucun
00443,3,6.0,2,
00444,1,35.0,1,Aucun
00444,2,19.0,2,Primaire
00444,3,16.0,1,Primaire
00444,4,68.0,2,Aucun
00444,5,12.0,2,Aucun
00444,6,47.0,1,Primaire
00444,7,,1,Secondaire
00444,8,43.0,1,Secondaire
00445,1,42.0,2,Aucun
00445,2,67.0,2,Aucun
00445,3,1.0,1,
00445,4,23.0,1,Aucun
00445,5,3.0,1,Aucun
00445,6,73.0,1,Primaire
00446,1,30.0,1,Primaire
00446,2,1.0,2,Aucun
00446,3,12.0,2,
00446,4,52.0,1,Primaire
00446,5,6.0,2,Primaire
00446,6,60.0,1,Primaire
00447,1,48.0,2,Aucun
00447,2,41.0,2,Aucun
00447,3,20.0,2,Primaire
00447,4,72.0,2,Primaire
00448,1,37.0,1,Aucun
00448,2,2.0,1,Aucun
00448,3,50.0,2,Primaire
00448,4,12.0,2,Primaire
00448,5,71.0,2,Primaire
00448,6,74.0,1,Primaire
00448,7,70.0,1,Primaire
00449,1,28.0,1,Aucun
00449,2,57.0,2,
00449,3,29.0,1,Aucun
00449,4,61.0,2,Secondaire
00449,5,58.0,1,Primaire
00449,6,9.0,2,Secondaire
00449,7,33.0,1,Aucun
00449,8,40.0,1,Primaire
00449,9,27.0,1,
00449,10,40.0,1,Primaire
00450,1,40.0,1,Primaire
00450,2,54.0,1,Primaire
00451,1,61.0,1,Aucun
00451,2,14.0,2,
00451,3,1.0,2,Aucun
00451,4,11.0,1,Aucun
00451,5,63.0,1,Aucun
00451,6,43.0,1,Aucun
00451,7,4.0,2,Aucun
00451,8,19.0,1,Aucun
00451,9,62.0,1,Secondaire
00452,1,54.0,1,Primaire
00452,2,6.0,1,Aucun
00452,3,42.0,2,Aucun
00452,4,41.0,2,Primaire
00452,5,4.0,1,Aucun
00452,6,36.0,1,Aucun
00452,7,61.0,2,Superieur
00452,8,68.0,2,Secondaire
00453,1,55.0,1,Superieur
00453,2,30.0,1,Aucun
00453,3,57.0,1,Primaire
00453,4,42.0,2,Secondaire
00453,5,10.0,2,Aucun
00454,1,46.0,1,Aucun
00454,2,61.0,1,Primaire
00454,3,64.0,1,Aucun
00454,4,23.0,2,Primaire
00454,5,24.0,2,Primaire
00454,6,20.0,2,Primaire
00454,7,31.0,2,Secondaire
00454,8,50.0,2,Primaire
00454,9,46.0,1,Aucun
00454,10,72.0,1,Primaire
00455,1,32.0,1,Secondaire
00455,2,68.0,1,Secondaire
00455,3,21.0,1,Aucun
00455,4,45.0,2,Aucun
00455,5,48.0,1,Secondaire
00455,6,71.0,1,Primaire
00456,1,39.0,1,Aucun
00456,2,63.0,1,Primaire
00456,3,19.0,1,Aucun
00456,4,0.0,2,Aucun
00456,5,61.0,2,Primaire
00456,6,50.0,2,Primaire
00456,7,11.0,1,Aucun
00457,1,40.0,1,Primaire
00457,2,66.0,2,Primaire
00457,3,42.0,1,Primaire
00457,4,64.0,1,Aucun
00457,5,29.0,1,Primaire
00458,1,56.0,1,Superieur
00458,2,5.0,1,Aucun
00458,3,26.0,1,Secondaire
00459,1,57.0,1,Aucun
00459,2,19.0,1,Aucun
00459,3,44.0,2,Primaire
00459,4,28.0,2,Aucun
00460,1,67.0,1,Aucun
00460,2,57.0,2,Primaire
00460,3,46.0,2,Aucun
00460,4,39.0,1,Secondaire
00461,1,46.0,1,Aucun
00462,1,29.0,2,Primaire
00462,2,30.0,1,Aucun
00462,3,11.0,2,Aucun
00462,4,38.0,1,Aucun
00462,5,58.0,2,Secondaire
00462,6,18.0,2,Aucun
00462,7,4.0,1,Aucun
00462,8,47.0,1,Primaire
00463,1,46.0,1,Aucun
00463,2,25.0,1,Aucun
00463,3,15.0,1,Aucun
00463,4,19.0,1,Primaire
00463,5,12.0,1,Aucun
00463,6,45.0,2,Aucun
00463,7,26.0,2,Aucun
00463,8,38.0,1,Aucun
00463,9,71.0,2,Primaire
00464,1,45.0,1,Secondaire
00464,2,64.0,2,Primaire
00464,3,52.0,2,Aucun
00464,4,44.0,1,Aucun
00464,5,25.0,1,Primaire
00464,6,56.0,2,Primaire
00464,7,66.0,2,
00464,8,21.0,1,Primaire
00464,9,58.0,2,Primaire
00465,1,33.0,1,Primaire
00465,2,55.0,2,Primaire
00465,3,4.0,2,Aucun
00465,4,55.0,2,Aucun
00465,5,9.0,2,Primaire
00465,6,66.0,2,Aucun
00466,1,36.0,2,
00466,2,35.0,2,Superieur
00466,3,47.0,2,Secondaire
00466,4,55.0,2,Aucun
00466,5,26.0,1,Aucun
00467,1,39.0,1,Aucun
00467,2,58.0,1,Secondaire
00468,1,40.0,1,Primaire
00468,2,10.0,1,Primaire
00468,3,33.0,2,Aucun
00468,4,44.0,2,Primaire
00468,5,1.0,1,Aucun
00468,6,9.0,2,Primaire
00469,1,31.0,1,Secondaire
00469,2,45.0,1,Primaire
00469,3,21.0,1,Secondaire
00469,4,29.0,2,Secondaire
00469,5,7.0,1,Aucun
00469,6,24.0,1,Secondaire
00469,7,4.0,1,Aucun
00469,8,12.0,2,Primaire
00469,9,22.0,1,Aucun
00469,10,57.0,1,Aucun
00469,11,27.0,2,Aucun
00469,12,31.0,1,Aucun
00470,1,43.0,2,Secondaire
00470,2,65.0,1,Primaire
00470,3,27.0,2,Secondaire
00470,4,35.0,2,Aucun
00470,5,62.0,2,
00471,1,33.0,2,Secondaire
00471,2,20.0,1,Aucun
00471,3,36.0,2,Aucun
00471,4,56.0,2,Secondaire
00471,5,32.0,2,Aucun
00471,6,58.0,2,Primaire
00471,7,27.0,1,Secondaire
00472,1,32.0,1,Aucun
00472,2,67.0,1,Primaire
00472,3,70.0,2,Secondaire
00472,4,50.0,1,Aucun
00472,5,58.0,2,Aucun
00472,6,18.0,1,Aucun
00472,7,43.0,1,Aucun
00472,8,9.0,1,Aucun
00472,9,18.0,2,Secondaire
00473,1,61.0,2,Aucun
00473,2,51.0,1,Aucun
00473,3,45.0,1,
00473,4,11.0,2,Secondaire
00473,5,15.0,2,Secondaire
00473,6,57.0,2,Aucun
00473,7,17.0,2,Secondaire
00473,8,36.0,1,Aucun
00473,9,55.0,1,Primaire
00473,10,60.0,2,Primaire
00474,1,37.0,1,Secondaire
00474,2,64.0,2,Aucun
00474,3,10.0,1,Secondaire
00474,4,32.0,1,Aucun
00474,5,41.0,2,Primaire
00474,6,30.0,1,
00474,7,7.0,1,Secondaire
00474,8,44.0,2,Primaire
00475,1,41.0,1,Secondaire
00475,2,54.0,1,Aucun
00475,3,43.0,1,Aucun
00475,4,68.0,2,Secondaire
00475,5,55.0,1,Primaire
00475,6,36.0,2,Secondaire
00476,1,45.0,1,Aucun
00476,2,20.0,2,Primaire
00476,3,3.0,2,Aucun
00476,4,26.0,2,Secondaire
00476,5,33.0,1,Primaire
00476,6,27.0,2,Aucun
00476,7,30.0,1,Primaire
00477,1,59.0,2,Primaire
00477,2,69.0,2,Primaire
00478,1,55.0,1,Aucun
00478,2,50.0,2,Aucun
00478,3,25.0,2,Primaire
00478,4,9.0,2,Primaire
00479,1,42.0,1,Superieur
00479,2,22.0,1,Primaire
00479,3,35.0,2,Aucun
00479,4,48.0,1,Primaire
00479,5,71.0,1,Superieur
00479,6,58.0,1,Secondaire
00479,7,66.0,2,Secondaire
00479,8,7.0,2,Superieur
00480,1,51.0,1,Primaire
00480,2,23.0,2,Secondaire
00480,3,58.0,1,Primaire
00480,4,72.0,1,Secondaire
00481,1,29.0,1,Aucun
00481,2,21.0,2,Secondaire
00481,3,26.0,1,Secondaire
00481,4,72.0,2,Superieur
00481,5,54.0,2,Primaire
00482,1,39.0,1,Primaire
00482,2,6.0,1,Primaire
00482,3,41.0,2,Aucun
00482,4,1.0,2,Aucun
00482,5,68.0,2,Primaire
00482,6,52.0,2,Primaire
00482,7,48.0,2,Secondaire
00482,8,19.0,2,Secondaire
00483,1,59.0,1,Primaire
00483,2,51.0,1,Aucun
00483,3,59.0,2,Aucun
00483,4,37.0,2,Primaire
00483,5,51.0,2,Aucun
00484,1,39.0,2,Superieur
00484,2,28.0,2,Primaire
00484,3,36.0,2,Primaire
00485,1,28.0,2,Superieur
00485,2,46.0,2,Superieur
00485,3,53.0,1,Primaire
00485,4,58.0,1,Secondaire
00485,5,7.0,2,Secondaire
00485,6,70.0,1,
00486,1,49.0,1,Primaire
00486,2,33.0,1,Primaire
00486,3,2.0,2,Aucun
00486,4,6.0,2,Secondaire
00486,5,26.0,2,Aucun
00486,6,58.0,2,Secondaire
00486,7,33.0,2,Secondaire
00486,8,15.0,2,Primaire
00486,9,5.0,1,Aucun
00486,10,69.0,1,Primaire
00486,11,7.0,1,Aucun
00487,1,46.0,1,Aucun
00487,2,31.0,2,Primaire
00487,3,39.0,1,Primaire
00487,4,68.0,2,Secondaire
00487,5,19.0,1,Primaire
00487,6,11.0,2,Primaire
00488,1,31.0,2,Aucun
00488,2,16.0,1,Primaire
00488,3,72.0,1,Primaire
00488,4,35.0,2,Secondaire
00489,1,40.0,1,Primaire
00489,2,19.0,2,Secondaire
00489,3,61.0,2,Secondaire
00489,4,24.0,1,Primaire
00489,5,18.0,2,Secondaire
00489,6,59.0,2,Aucun
00490,1,,1,Secondaire
00490,2,24.0,2,Primaire
00490,3,56.0,2,Aucun
00490,4,69.0,1,Aucun
00490,5,32.0,1,Superieur
00490,6,24.0,1,Aucun
00490,7,33.0,2,Aucun
00491,1,42.0,1,Secondaire
00491,2,62.0,1,Aucun
00491,3,59.0,2,Aucun
00491,4,31.0,2,Aucun
00491,5,9.0,1,Aucun
00491,6,21.0,2,Primaire
00492,1,53.0,2,Aucun
00492,2,72.0,2,Secondaire
00492,3,43.0,1,Secondaire
00492,4,8.0,2,Aucun
00492,5,,2,Primaire
00493,1,44.0,1,
00493,2,5.0,2,Aucun
00493,3,64.0,2,Primaire
00493,4,63.0,1,Primaire
00493,5,34.0,1,Secondaire
00493,6,32.0,2,Aucun
00493,7,63.0,2,Primaire
00493,8,72.0,2,Primaire
00494,1,42.0,1,Superieur
00494,2,61.0,1,Secondaire
00494,3,25.0,2,Secondaire
00494,4,63.0,1,Primaire
00494,5,1.0,2,Aucun
00494,6,33.0,2,Secondaire
00495,1,45.0,1,Primaire
00495,2,57.0,1,Secondaire
00496,1,47.0,1,Primaire
00496,2,70.0,2,Primaire
00496,3,1.0,2,Aucun
00496,4,54.0,1,Secondaire
00496,5,2.0,2,Aucun
00497,1,48.0,1,Primaire
00497,2,16.0,1,Primaire
00497,3,10.0,2,Secondaire
00497,4,27.0,2,Aucun
00497,5,25.0,2,Secondaire
00498,1,44.0,1,Secondaire
00498,2,40.0,1,Secondaire
00498,3,24.0,2,Secondaire
00498,4,17.0,1,Aucun
00498,5,39.0,1,Secondaire
00498,6,61.0,1,Primaire
00498,7,52.0,1,Primaire
00499,1,38.0,1,Aucun
00499,2,26.0,1,Aucun
00499,3,46.0,1,Primaire
00499,4,63.0,2,Primaire
00500,1,29.0,2,Secondaire
00500,2,2.0,2,Aucun
00500,3,64.0,2,Primaire
00500,4,23.0,1,Aucun
00500,5,58.0,1,Primaire
00500,6,49.0,1,Aucun
00500,7,45.0,2,Aucun
00501,1,40.0,1,Aucun
00501,2,50.0,1,Primaire
00501,3,73.0,1,Secondaire
00501,4,64.0,1,Secondaire
00501,5,34.0,1,Primaire
00501,6,30.0,2,Secondaire
00501,7,49.0,1,Primaire
00501,8,18.0,2,Aucun
00501,9,37.0,1,Primaire
00502,1,25.0,1,Aucun
00502,2,69.0,1,Secondaire
00502,3,44.0,1,Aucun
00502,4,17.0,1,Secondaire
00502,5,9.0,2,Secondaire
00503,1,32.0,1,Aucun
00503,2,38.0,2,Secondaire
00503,3,22.0,2,Primaire
00503,4,63.0,1,Primaire
00504,1,46.0,1,Secondaire
00504,2,74.0,2,Secondaire
00504,3,2.0,1,Aucun
00504,4,1.0,2,Aucun
00504,5,21.0,1,Aucun
00504,6,6.0,2,Primaire
00504,7,25.0,2,Primaire
00504,8,18.0,1,Primaire
00504,9,8.0,1,Primaire
00504,10,43.0,2,Secondaire
00504,11,56.0,1,Primaire
00505,1,48.0,1,Secondaire
00505,2,17.0,1,Primaire
00505,3,69.0,2,Aucun
00505,4,4.0,1,Aucun
00506,1,39.0,1,Aucun
00506,2,44.0,1,Aucun
00506,3,67.0,2,Secondaire
00506,4,13.0,2,Aucun
00506,5,55.0,1,Primaire
00507,1,51.0,1,Aucun
00507,2,15.0,2,Aucun
00507,3,6.0,1,Secondaire
00507,4,23.0,2,Aucun
00508,1,47.0,1,Aucun
00508,2,,2,Primaire
00508,3,26.0,2,Secondaire
00508,4,25.0,2,Superieur
00508,5,65.0,2,Aucun
00508,6,55.0,2,Aucun
00508,7,66.0,1,Aucun
00508,8,27.0,2,Primaire
00509,1,32.0,1,
00509,2,55.0,1,Primaire
00509,3,11.0,1,Aucun
00509,4,38.0,1,Secondaire
00509,5,17.0,2,Aucun
00510,1,51.0,1,Aucun
00510,2,42.0,1,Aucun
00510,3,65.0,1,Aucun
00510,4,46.0,2,Aucun
00510,5,12.0,1,Primaire
00510,6,51.0,1,Primaire
00510,7,24.0,2,Aucun
00510,8,36.0,1,Primaire
00510,9,14.0,1,Aucun
00510,10,47.0,1,Secondaire
00511,1,39.0,1,Aucun
00511,2,69.0,2,Primaire
00511,3,68.0,2,Primaire
00511,4,25.0,2,Secondaire
00511,5,26.0,1,Superieur
00511,6,13.0,1,Aucun
00511,7,53.0,1,Superieur
00511,8,59.0,2,Aucun
00512,1,,1,
00512,2,19.0,2,Aucun
00512,3,55.0,1,Aucun
00512,4,69.0,1,Primaire
00512,5,6.0,2,Primaire
00512,6,17.0,2,Primaire
00512,7,65.0,1,Aucun
00513,1,33.0,1,Aucun
00513,2,26.0,2,Aucun
00513,3,71.0,2,Superieur
00513,4,72.0,1,Secondaire
00513,5,1.0,2,Aucun
00513,6,33.0,1,Primaire
00513,7,45.0,1,Superieur
00513,8,61.0,2,Primaire
00513,9,9.0,1,Primaire
00513,10,66.0,2,Primaire
00513,11,58.0,2,Primaire
00513,12,26.0,2,Primaire
00513,13,53.0,2,Aucun
00514,1,43.0,1,Secondaire
00514,2,50.0,1,Aucun
00514,3,54.0,1,Aucun
00514,4,25.0,2,Aucun
00515,1,52.0,1,Primaire
00515,2,23.0,2,Aucun
00515,3,18.0,2,Primaire
00515,4,68.0,1,Secondaire
00515,5,21.0,2,Primaire
00515,6,14.0,2,Secondaire
00515,7,16.0,1,Primaire
00515,8,3.0,2,Aucun
00516,1,37.0,1,Aucun
00516,2,67.0,1,Aucun
00516,3,74.0,2,Aucun
00516,4,6.0,1,Secondaire
00516,5,6.0,1,Aucun
00517,1,43.0,1,Secondaire
00517,2,3.0,2,Aucun
00517,3,59.0,1,Aucun
00517,4,28.0,1,Aucun
00517,5,32.0,1,Aucun
00518,1,28.0,1,Aucun
00518,2,58.0,2,Secondaire
00518,3,11.0,1,Aucun
00518,4,30.0,1,Secondaire
00518,5,73.0,1,Aucun
00518,6,39.0,1,Aucun
00518,7,50.0,2,Primaire
00518,8,3.0,2,Aucun
00518,9,15.0,1,Primaire
00518,10,1.0,2,Aucun
00519,1,32.0,1,Primaire
00519,2,52.0,1,Primaire
00519,3,67.0,2,Secondaire
00519,4,49.0,1,Secondaire
00519,5,26.0,1,Primaire
00520,1,41.0,1,Aucun
00520,2,34.0,2,Superieur
00520,3,54.0,2,Superieur
00521,1,,1,Aucun
00521,2,25.0,1,Aucun
00521,3,59.0,1,Primaire
00522,1,45.0,1,Aucun
00522,2,28.0,2,Secondaire
00522,3,57.0,1,Secondaire
00522,4,73.0,2,Secondaire
00522,5,53.0,2,Secondaire
00522,6,39.0,2,Secondaire
00522,7,65.0,2,Aucun
00522,8,32.0,2,Primaire
00523,1,28.0,1,Primaire
00523,2,49.0,2,Secondaire
00523,3,18.0,2,Aucun
00523,4,6.0,2,Primaire
00523,5,13.0,2,
00523,6,22.0,1,
00523,7,51.0,2,Secondaire
00524,1,45.0,1,Aucun
00524,2,28.0,2,Primaire
00524,3,56.0,1,Aucun
00524,4,71.0,1,Aucun
00524,5,14.0,2,Aucun
00524,6,15.0,2,Secondaire
00524,7,62.0,2,Secondaire
00525,1,,1,Secondaire
00525,2,67.0,1,
00525,3,36.0,2,Aucun
00525,4,8.0,1,Aucun
00525,5,50.0,1,Aucun
00525,6,23.0,1,Secondaire
00525,7,49.0,1,
00525,8,12.0,2,Secondaire
00525,9,59.0,2,Secondaire
00526,1,48.0,1,Primaire
00526,2,55.0,2,Secondaire
00526,3,22.0,2,Aucun
00527,1,53.0,1,Primaire
00527,2,12.0,2,Aucun
00527,3,44.0,1,
00527,4,28.0,1,Secondaire
00527,5,20.0,1,
00527,6,38.0,2,Secondaire
00527,7,41.0,2,Superieur
00528,1,30.0,1,Aucun
00528,2,11.0,2,Aucun
00528,3,12.0,1,Aucun
00528,4,48.0,2,Secondaire
00528,5,46.0,1,Aucun
00529,1,51.0,1,Aucun
00529,2,22.0,2,Aucun
00529,3,,2,Primaire
00529,4,32.0,2,Secondaire
00529,5,59.0,1,Primaire
00529,6,27.0,1,Aucun
00529,7,38.0,2,Secondaire
00530,1,61.0,1,Secondaire
00531,1,20.0,1,Secondaire
00531,2,1.0,1,Aucun
00531,3,67.0,1,Secondaire
00531,4,10.0,2,Primaire
00531,5,55.0,1,Aucun
00531,6,64.0,1,Aucun
00532,1,22.0,1,Primaire
00532,2,18.0,1,Secondaire
00532,3,48.0,1,Aucun
00532,4,54.0,1,
00532,5,10.0,2,
00533,1,48.0,1,Aucun
00533,2,42.0,2,Secondaire
00533,3,9.0,1,Aucun
00533,4,58.0,1,Primaire
00533,5,45.0,2,Superieur
00533,6,73.0,2,Aucun
00533,7,11.0,1,Primaire
00533,8,4.0,2,Aucun
00533,9,28.0,1,Primaire
00534,1,44.0,1,Aucun
00534,2,58.0,1,Aucun
00534,3,10.0,2,Aucun
00535,1,63.0,1,Superieur
00535,2,52.0,1,Primaire
00535,3,63.0,1,Secondaire
00535,4,2.0,2,Aucun
00535,5,17.0,2,Primaire
00535,6,46.0,1,Aucun
00535,7,53.0,1,Aucun
00535,8,46.0,1,Secondaire
00535,9,3.0,1,Aucun
00535,10,49.0,1,Aucun
00535,11,48.0,2,Aucun
00536,1,41.0,1,Secondaire
00536,2,23.0,1,Aucun
00536,3,61.0,1,Aucun
00536,4,9.0,1,Secondaire
00536,5,9.0,2,Secondaire
00536,6,11.0,2,Primaire
00536,7,11.0,2,Aucun
00536,8,59.0,2,Secondaire
00536,9,31.0,2,Primaire
00536,10,52.0,1,Aucun
00537,1,40.0,1,Primaire
00537,2,55.0,2,Secondaire
00537,3,35.0,1,Aucun
00537,4,57.0,2,Secondaire
00537,5,5.0,2,Aucun
00537,6,23.0,2,Primaire
00537,7,15.0,1,Secondaire
00537,8,60.0,1,
00537,9,12.0,1,Primaire
00537,10,37.0,1,Aucun
00537,11,61.0,1,Primaire
00538,1,52.0,1,Primaire
00538,2,67.0,1,Primaire
00538,3,15.0,1,
00538,4,51.0,1,Primaire
00539,1,37.0,1,Aucun
00539,2,21.0,2,Aucun
00539,3,30.0,1,Secondaire
00539,4,6.0,1,Aucun
00539,5,45.0,1,Secondaire
00539,6,41.0,2,
00539,7,49.0,1,Aucun
00539,8,8.0,1,Primaire
00540,1,47.0,1,Primaire
00540,2,55.0,2,Secondaire
00540,3,35.0,2,Aucun
00540,4,38.0,1,Aucun
00540,5,38.0,1,Primaire
00540,6,38.0,2,Aucun
00540,7,19.0,1,Secondaire
00540,8,74.0,1,Secondaire
00540,9,10.0,2,Primaire
00540,10,56.0,1,Aucun
00541,1,59.0,1,Aucun
00541,2,61.0,2,Primaire
00541,3,73.0,2,Aucun
00541,4,24.0,1,Aucun
00541,5,74.0,2,Aucun
00541,6,31.0,2,Aucun
00541,7,30.0,1,Aucun
00541,8,17.0,2,Aucun
00541,9,6.0,2,Primaire
00542,1,68.0,1,Aucun
00542,2,52.0,1,Primaire
00542,3,9.0,1,Aucun
00542,4,10.0,2,Primaire
00542,5,44.0,1,Aucun
00542,6,45.0,1,Secondaire
00543,1,52.0,1,Aucun
00543,2,69.0,2,Aucun
00543,3,17.0,1,Primaire
00543,4,27.0,1,Primaire
00543,5,57.0,2,Aucun
00543,6,54.0,2,Secondaire
00543,7,16.0,2,Aucun
00543,8,51.0,1,Secondaire
00543,9,0.0,1,Aucun
00544,1,48.0,1,Secondaire
00544,2,17.0,2,Aucun
00544,3,58.0,1,Secondaire
00544,4,69.0,1,Primaire
00544,5,50.0,1,
00544,6,32.0,2,Primaire
00544,7,38.0,1,Aucun
00545,1,28.0,1,Primaire
00545,2,61.0,1,Primaire
00545,3,46.0,2,Primaire
00545,4,53.0,2,Primaire
00545,5,58.0,1,Aucun
00546,1,29.0,1,Aucun
00546,2,11.0,2,Aucun
00546,3,59.0,1,Aucun
00546,4,14.0,2,Primaire
00547,1,31.0,1,Aucun
00547,2,56.0,2,Aucun
00547,3,15.0,1,Primaire
00547,4,40.0,2,Secondaire
00547,5,61.0,1,Aucun
00547,6,46.0,1,Secondaire
00547,7,24.0,2,Aucun
00547,8,23.0,1,Secondaire
00547,9,4.0,1,Aucun
00548,1,34.0,2,
00548,2,4.0,1,Aucun
00548,3,42.0,1,Primaire
00548,4,,2,Primaire
00548,5,28.0,1,Aucun
00548,6,21.0,2,Primaire
00549,1,41.0,1,Aucun
00549,2,54.0,2,Aucun
00549,3,5.0,2,Aucun
00549,4,54.0,1,Primaire
00549,5,62.0,1,Primaire
00550,1,54.0,1,Primaire
00550,2,69.0,1,Primaire
00550,3,27.0,2,Secondaire
00550,4,16.0,2,Primaire
00551,1,40.0,1,Aucun
00551,2,7.0,2,Primaire
00551,3,16.0,2,Primaire
00551,4,12.0,2,Secondaire
00552,1,40.0,1,Aucun
00552,2,37.0,1,Primaire
00552,3,26.0,2,Aucun
00552,4,74.0,1,Aucun
00552,5,29.0,2,Secondaire
00552,6,72.0,1,Superieur
00552,7,20.0,2,Aucun
00552,8,52.0,1,Aucun
00552,9,44.0,2,Primaire
00553,1,34.0,1,Secondaire
00553,2,69.0,1,Aucun
00553,3,70.0,2,Aucun
00553,4,25.0,2,
00553,5,12.0,1,Primaire
00553,6,49.0,1,Primaire
00553,7,73.0,1,Aucun
00553,8,72.0,2,Primaire
00553,9,6.0,2,Aucun
00554,1,22.0,2,Aucun
00554,2,15.0,2,Aucun
00554,3,12.0,2,Secondaire
00554,4,14.0,1,Aucun
00555,1,45.0,1,Secondaire
00555,2,70.0,2,Aucun
00555,3,49.0,2,Primaire
00555,4,37.0,2,Secondaire
00556,1,28.0,1,Primaire
00556,2,73.0,1,Primaire
00556,3,39.0,2,Secondaire
00556,4,61.0,2,Superieur
00556,5,27.0,2,Secondaire
00556,6,33.0,1,Aucun
00557,1,33.0,1,Secondaire
00557,2,71.0,2,Primaire
00557,3,55.0,2,Primaire
00557,4,38.0,1,Aucun
00557,5,28.0,1,Aucun
00557,6,12.0,1,Aucun
00558,1,32.0,1,Aucun
00558,2,32.0,2,Secondaire
00558,3,15.0,1,Primaire
00558,4,10.0,1,Aucun
00558,5,0.0,1,Aucun
00558,6,17.0,1,Aucun
00559,1,36.0,1,Aucun
00559,2,62.0,1,Secondaire
00559,3,59.0,1,Aucun
00559,4,44.0,1,Primaire
00560,1,,1,Secondaire
00560,2,37.0,2,Secondaire
00560,3,14.0,2,Primaire
00560,4,29.0,2,Primaire
00560,5,1.0,2,Aucun
00560,6,36.0,2,Primaire
00560,7,26.0,2,Secondaire
00560,8,35.0,2,Primaire
00561,1,45.0,1,Secondaire
00561,2,20.0,1,Secondaire
00561,3,61.0,1,Secondaire
00561,4,7.0,1,
00562,1,29.0,1,Aucun
00562,2,54.0,2,Aucun
00562,3,42.0,2,Aucun
00563,1,41.0,1,Aucun
00563,2,12.0,2,Primaire
00563,3,62.0,2,
00563,4,13.0,1,Primaire
00563,5,,1,Aucun
00563,6,51.0,2,Primaire
00563,7,50.0,1,Secondaire
00564,1,51.0,1,Aucun
00564,2,5.0,1,Aucun
00564,3,1.0,2,Aucun
00564,4,62.0,2,Aucun
00564,5,16.0,2,Aucun
00564,6,13.0,1,Primaire
00564,7,73.0,2,
00564,8,50.0,2,Primaire
00564,9,52.0,2,Primaire
00564,10,66.0,1,Superieur
00564,11,47.0,1,Aucun
00565,1,49.0,2,Aucun
00565,2,32.0,1,Superieur
00565,3,13.0,1,Aucun
00565,4,50.0,2,Primaire
00565,5,73.0,2,Aucun
00565,6,4.0,2,Aucun
00566,1,46.0,2,Secondaire
00566,2,57.0,2,Primaire
00566,3,30.0,1,Secondaire
00566,4,66.0,2,Aucun
00566,5,53.0,2,Secondaire
00566,6,40.0,1,
00566,7,49.0,1,Secondaire
00566,8,39.0,2,Aucun
00566,9,11.0,2,Aucun
00566,10,19.0,1,Primaire
00566,11,74.0,2,
00567,1,29.0,1,Aucun
00567,2,8.0,2,Secondaire
00567,3,62.0,1,Primaire
00567,4,33.0,2,Secondaire
00567,5,27.0,1,Primaire
00567,6,34.0,1,Secondaire
00567,7,5.0,1,Aucun
00568,1,41.0,1,
00568,2,37.0,2,Secondaire
00568,3,21.0,1,Primaire
00568,4,70.0,1,Aucun
00568,5,63.0,2,Primaire
00568,6,33.0,1,Aucun
00568,7,46.0,1,Secondaire
00568,8,73.0,2,Primaire
00568,9,45.0,2,Secondaire
00568,10,67.0,2,Aucun
00569,1,35.0,2,Secondaire
00569,2,36.0,2,Secondaire
00569,3,9.0,2,Aucun
00569,4,74.0,2,Secondaire
00569,5,1.0,2,Aucun
00569,6,13.0,1,Aucun
00570,1,53.0,2,Aucun
00570,2,57.0,1,Aucun
00570,3,51.0,1,Aucun
00570,4,23.0,1,Secondaire
00570,5,70.0,2,Primaire
00570,6,38.0,2,Primaire
00570,7,52.0,1,
00570,8,39.0,1,Aucun
00570,9,44.0,2,Aucun
00571,1,38.0,1,Secondaire
00571,2,44.0,2,Primaire
00571,3,62.0,1,Aucun
00571,4,44.0,1,Primaire
00571,5,70.0,1,Primaire
00571,6,61.0,2,Aucun
00571,7,13.0,2,Secondaire
00571,8,47.0,1,Primaire
00572,1,36.0,1,
00572,2,50.0,2,Aucun
00572,3,42.0,1,Primaire
00572,4,54.0,2,Superieur
00572,5,44.0,2,Secondaire
00572,6,18.0,1,Primaire
00572,7,37.0,2,Secondaire
00573,1,51.0,2,Secondaire
00573,2,33.0,1,Primaire
00573,3,59.0,1,Secondaire
00573,4,53.0,2,Primaire
00573,5,46.0,2,Primaire
00573,6,8.0,1,Primaire
00573,7,67.0,1,Primaire
00573,8,31.0,1,Secondaire
00573,9,15.0,2,Aucun
00573,10,52.0,1,Secondaire
00573,11,24.0,2,Aucun
00573,12,21.0,1,Aucun
00573,13,32.0,1,Aucun
00574,1,52.0,1,Aucun
00574,2,73.0,1,Secondaire
00574,3,42.0,1,Secondaire
00574,4,37.0,1,Aucun
00575,1,29.0,1,Aucun
00575,2,61.0,1,Superieur
00575,3,13.0,2,Secondaire
00575,4,7.0,1,Primaire
00575,5,11.0,2,Aucun
00575,6,14.0,1,Primaire
00575,7,71.0,2,Primaire
00575,8,65.0,1,Secondaire
00575,9,66.0,2,Aucun
00575,10,5.0,1,Aucun
00575,11,32.0,2,Aucun
00575,12,33.0,1,Superieur
00576,1,52.0,2,Aucun
00576,2,62.0,2,Aucun
00576,3,31.0,2,Secondaire
00576,4,54.0,1,Aucun
00576,5,36.0,1,Aucun
00576,6,17.0,2,Secondaire
00576,7,15.0,2,Aucun
00577,1,20.0,1,Aucun
00577,2,55.0,1,Primaire
00577,3,71.0,2,Secondaire
00577,4,,2,Secondaire
00577,5,45.0,2,Aucun
00577,6,15.0,2,Secondaire
00577,7,50.0,2,Secondaire
00577,8,47.0,2,Secondaire
00577,9,58.0,1,Primaire
00577,10,3.0,2,Aucun
00577,11,31.0,1,Primaire
00578,1,26.0,1,Secondaire
00578,2,41.0,1,Secondaire
00578,3,10.0,1,Aucun
00578,4,19.0,1,Primaire
00578,5,8.0,2,Aucun
00578,6,66.0,2,Aucun
00578,7,71.0,1,Secondaire
00578,8,46.0,2,Primaire
00578,9,63.0,2,Secondaire
00579,1,48.0,1,Aucun
00579,2,21.0,2,Aucun
00579,3,42.0,1,Secondaire
00579,4,55.0,2,
00579,5,2.0,1,Aucun
00579,6,18.0,1,Aucun
00579,7,18.0,2,Primaire
00579,8,,1,
00580,1,47.0,1,Aucun
00580,2,28.0,2,Aucun
00580,3,16.0,2,Superieur
00580,4,10.0,2,Aucun
00580,5,0.0,1,Aucun
00580,6,24.0,2,Aucun
00581,1,36.0,1,Primaire
00581,2,1.0,2,Aucun
00581,3,0.0,2,Aucun
00581,4,51.0,1,Primaire
00581,5,1.0,1,Aucun
00581,6,73.0,2,Secondaire
00581,7,37.0,2,Aucun
00581,8,67.0,2,Aucun
00582,1,42.0,1,Primaire
00583,1,47.0,1,Aucun
00583,2,52.0,1,Aucun
00583,3,19.0,1,Primaire
00583,4,36.0,2,Primaire
00583,5,15.0,2,Secondaire
00583,6,45.0,2,Primaire
00583,7,64.0,1,Secondaire
00583,8,69.0,1,Secondaire
00583,9,68.0,1,Primaire
00584,1,46.0,1,Aucun
00584,2,62.0,1,Aucun
00584,3,13.0,2,Primaire
00584,4,61.0,2,Primaire
00584,5,52.0,2,Superieur
00584,6,29.0,1,Secondaire
00584,7,62.0,1,Aucun
00584,8,61.0,2,Aucun
00584,9,,1,Primaire
00585,1,56.0,1,Aucun
00585,2,38.0,2,Secondaire
00585,3,72.0,2,Aucun
00585,4,16.0,2,Primaire
00585,5,19.0,1,Primaire
00585,6,25.0,1,Aucun
00585,7,65.0,2,Primaire
00585,8,3.0,2,Aucun
00586,1,53.0,1,Aucun
00586,2,39.0,1,Secondaire
00586,3,37.0,1,Primaire
00586,4,41.0,1,Primaire
00586,5,11.0,1,Aucun
00586,6,0.0,2,Aucun
00586,7,59.0,2,Aucun
00586,8,28.0,2,Secondaire
00586,9,41.0,2,Aucun
00586,10,19.0,1,Primaire
00586,11,,1,Aucun
00586,12,16.0,2,Primaire
00586,13,62.0,1,Aucun
00587,1,26.0,1,Primaire
00587,2,70.0,2,Primaire
00587,3,34.0,1,Primaire
00587,4,22.0,2,Superieur
00587,5,69.0,1,Primaire
00588,1,27.0,1,Secondaire
00588,2,18.0,1,Aucun
00588,3,26.0,1,Superieur
00588,4,17.0,2,Primaire
00588,5,19.0,1,Aucun
00588,6,53.0,1,Aucun
00589,1,42.0,1,Superieur
00589,2,57.0,2,Aucun
00589,3,2.0,1,Aucun
00589,4,52.0,1,Superieur
00589,5,16.0,2,Aucun
00589,6,25.0,2,Secondaire
00589,7,7.0,2,Aucun
00590,1,46.0,1,Primaire
00590,2,57.0,2,Secondaire
00590,3,62.0,2,Secondaire
00590,4,25.0,1,Primaire
00590,5,46.0,1,Aucun
00590,6,67.0,1,Primaire
00590,7,22.0,2,Aucun
00591,1,25.0,2,Aucun
00591,2,,1,Primaire
00591,3,9.0,1,Aucun
00591,4,12.0,1,Secondaire
00591,5,61.0,1,Primaire
00591,6,51.0,1,Secondaire
00591,7,10.0,2,Primaire
00591,8,42.0,2,Secondaire
00591,9,10.0,1,Aucun
00591,10,20.0,1,Secondaire
00592,1,44.0,1,Aucun
00592,2,43.0,2,Aucun
00592,3,64.0,2,Primaire
00592,4,30.0,1,Superieur
00593,1,47.0,1,Aucun
00593,2,67.0,2,Aucun
00593,3,46.0,1,Aucun
00593,4,61.0,1,Superieur
00593,5,12.0,1,Secondaire
00593,6,16.0,2,Aucun
00593,7,48.0,2,Aucun
00593,8,66.0,2,Secondaire
00594,1,64.0,2,Primaire
00595,1,38.0,1,Primaire
00595,2,66.0,1,Secondaire
00595,3,46.0,2,Aucun
00595,4,49.0,1,Secondaire
00595,5,69.0,1,Secondaire
00595,6,40.0,1,Aucun
00596,1,54.0,2,Primaire
00596,2,16.0,2,Primaire
00596,3,22.0,1,Secondaire
00596,4,46.0,2,Aucun
00596,5,13.0,1,Aucun
00596,6,10.0,1,Primaire
00596,7,59.0,2,Aucun
00596,8,2.0,1,Aucun
00596,9,69.0,2,Aucun
00597,1,56.0,1,Primaire
00597,2,29.0,2,Aucun
00597,3,44.0,2,Primaire
00597,4,10.0,1,Primaire
00597,5,0.0,1,Aucun
00597,6,35.0,2,Primaire
00597,7,35.0,2,Secondaire
00597,8,49.0,1,Primaire
00597,9,,1,Aucun
00598,1,46.0,2,Primaire
00598,2,12.0,1,Secondaire
00598,3,10.0,2,Primaire
00598,4,56.0,2,Primaire
00598,5,23.0,2,Primaire
00598,6,13.0,1,Aucun
00598,7,71.0,1,Secondaire
00598,8,58.0,1,Primaire
00598,9,45.0,1,Aucun
00598,10,67.0,1,Aucun
00598,11,16.0,2,Primaire
00599,1,35.0,1,
00599,2,35.0,1,Primaire
00599,3,34.0,1,Aucun
00600,1,57.0,1,Primaire
00600,2,47.0,2,Primaire
00600,3,65.0,2,Primaire
00600,4,19.0,1,Primaire
00600,5,11.0,2,Aucun
00600,6,42.0,1,
00601,1,46.0,1,Secondaire
00601,2,50.0,2,Primaire
00601,3,9.0,2,Primaire
00601,4,44.0,2,Aucun
00601,5,71.0,2,Aucun
00601,6,8.0,2,Secondaire
00602,1,40.0,1,Aucun
00602,2,51.0,1,Aucun
00602,3,19.0,1,Secondaire
00602,4,11.0,2,Aucun
00602,5,2.0,1,Aucun
00602,6,16.0,1,
00602,7,7.0,1,Secondaire
00602,8,59.0,2,Aucun
00602,9,57.0,2,Aucun
00602,10,14.0,1,Primaire
00602,11,52.0,1,Secondaire
00603,1,58.0,1,Primaire
00603,2,34.0,1,Secondaire
00603,3,72.0,2,Aucun
00603,4,43.0,2,
00603,5,28.0,1,
00604,1,46.0,1,Aucun
00604,2,65.0,1,Primaire
00604,3,23.0,2,Primaire
00604,4,19.0,1,
00604,5,57.0,1,Aucun
00605,1,31.0,2,Primaire
00605,2,50.0,1,Secondaire
00605,3,19.0,1,Primaire
00605,4,8.0,2,Aucun
00605,5,51.0,2,Secondaire
00606,1,20.0,1,Aucun
00606,2,23.0,2,Primaire
00606,3,49.0,1,Aucun
00606,4,65.0,1,Primaire
00606,5,20.0,2,Secondaire
00606,6,70.0,1,Secondaire
00606,7,30.0,2,Aucun
00607,1,50.0,1,Primaire
00607,2,15.0,2,Aucun
00607,3,70.0,1,Secondaire
00607,4,55.0,2,Secondaire
00607,5,20.0,1,Aucun
00607,6,15.0,1,Primaire
00607,7,5.0,2,Aucun
00608,1,41.0,1,Primaire
00608,2,19.0,2,Secondaire
00608,3,69.0,2,
00608,4,57.0,2,Primaire
00609,1,45.0,1,Secondaire
00609,2,41.0,1,Secondaire
00609,3,61.0,1,Primaire
00609,4,14.0,2,Primaire
00609,5,21.0,2,Primaire
00609,6,20.0,1,Aucun
00609,7,65.0,1,Aucun
00609,8,69.0,2,Aucun
00609,9,63.0,2,Aucun
00610,1,23.0,1,Aucun
00610,2,61.0,1,Primaire
00610,3,74.0,1,
00610,4,,2,Aucun
00610,5,66.0,1,Aucun
00610,6,30.0,1,Aucun
00610,7,53.0,2,Aucun
00611,1,36.0,1,Aucun
00611,2,24.0,1,Primaire
00611,3,48.0,2,Aucun
00611,4,61.0,1,Aucun
00611,5,50.0,1,Primaire
00611,6,23.0,1,Aucun
00611,7,61.0,2,Aucun
00611,8,32.0,2,Aucun
00612,1,41.0,1,Primaire
00613,1,64.0,1,Secondaire
00614,1,35.0,1,Superieur
00614,2,73.0,1,Secondaire
00614,3,74.0,2,Aucun
00614,4,49.0,1,Primaire
00614,5,59.0,2,Aucun
00614,6,74.0,1,Aucun
00614,7,23.0,2,Aucun
00614,8,50.0,1,Primaire
00615,1,43.0,1,Aucun
00615,2,6.0,2,Primaire
00615,3,48.0,1,Secondaire
00615,4,16.0,2,Secondaire
00615,5,62.0,2,Primaire
00615,6,54.0,2,
00615,7,7.0,1,Aucun
00615,8,10.0,2,Secondaire
00616,1,35.0,1,
00616,2,60.0,1,Aucun
00616,3,59.0,1,Aucun
00616,4,,1,Secondaire
00616,5,27.0,1,Secondaire
00617,1,49.0,2,Aucun
00617,2,60.0,1,Secondaire
00617,3,51.0,1,Aucun
00617,4,63.0,1,Secondaire
00617,5,63.0,2,Secondaire
00617,6,36.0,1,Primaire
00617,7,58.0,1,Primaire
00618,1,58.0,1,Aucun
00618,2,61.0,2,Aucun
00618,3,32.0,1,Aucun
00618,4,21.0,1,Primaire
00618,5,74.0,1,Secondaire
00618,6,15.0,2,Secondaire
00618,7,32.0,2,Aucun
00618,8,53.0,1,Aucun
00618,9,34.0,2,Aucun
00618,10,9.0,1,Aucun
00619,1,70.0,1,Aucun
00619,2,73.0,2,Aucun
00619,3,73.0,2,Primaire
00619,4,37.0,2,Primaire
00619,5,,1,Aucun
00619,6,25.0,2,
00620,1,45.0,1,Aucun
00620,2,13.0,1,Aucun
00620,3,62.0,2,Superieur
00620,4,27.0,1,Secondaire
00620,5,68.0,2,Aucun
00620,6,6.0,1,Secondaire
00620,7,46.0,2,Aucun
00620,8,68.0,1,Superieur
00620,9,21.0,1,Aucun
00621,1,36.0,1,Primaire
00621,2,,1,Aucun
00621,3,73.0,1,Superieur
00621,4,43.0,2,Primaire
00621,5,21.0,2,Primaire
00621,6,53.0,2,Primaire
00621,7,41.0,1,Aucun
00621,8,17.0,2,Primaire
00621,9,22.0,1,Primaire
00621,10,34.0,2,
00621,11,44.0,2,Aucun
00622,1,43.0,1,Primaire
00622,2,73.0,1,Primaire
00622,3,10.0,2,Primaire
00622,4,38.0,1,Primaire
00622,5,34.0,1,Primaire
00622,6,47.0,2,Secondaire
00623,1,33.0,1,Primaire
00623,2,58.0,2,Secondaire
00623,3,70.0,1,Aucun
00623,4,74.0,2,Primaire
00623,5,47.0,1,Primaire
00623,6,9.0,1,Aucun
00623,7,2.0,1,Aucun
00624,1,60.0,1,Aucun
00624,2,73.0,1,Aucun
00624,3,19.0,1,Secondaire
00624,4,56.0,2,Aucun
00624,5,73.0,1,
00624,6,25.0,2,Primaire
00625,1,79.0,1,Aucun
00625,2,19.0,2,Primaire
00625,3,4.0,2,Aucun
00625,4,53.0,2,Primaire
00625,5,60.0,1,Superieur
00625,6,48.0,1,Primaire
00625,7,13.0,2,
00625,8,58.0,2,Primaire
00625,9,13.0,2,Primaire
00625,10,10.0,1,Aucun
00625,11,6.0,1,Secondaire
00626,1,41.0,1,Secondaire
00626,2,22.0,1,Secondaire
00626,3,56.0,1,Primaire
00626,4,74.0,1,Primaire
00627,1,42.0,1,Aucun
00627,2,22.0,1,Aucun
00627,3,44.0,2,Aucun
00627,4,38.0,2,Aucun
00627,5,66.0,1,Aucun
00627,6,32.0,1,Aucun
00627,7,3.0,2,Aucun
00627,8,2.0,1,Aucun
00627,9,3.0,2,Aucun
00628,1,46.0,1,Primaire
00628,2,34.0,2,Aucun
00628,3,29.0,1,Aucun
00628,4,74.0,1,Primaire
00628,5,73.0,1,Secondaire
00628,6,55.0,2,Aucun
00628,7,54.0,2,Aucun
00628,8,3.0,1,Aucun
00628,9,19.0,2,Aucun
00628,10,6.0,2,Secondaire
00629,1,66.0,1,Superieur
00629,2,61.0,1,Primaire
00629,3,15.0,1,
00629,4,56.0,2,Primaire
00629,5,8.0,1,Aucun
00629,6,24.0,1,Primaire
00629,7,16.0,1,Primaire
00629,8,50.0,1,Secondaire
00630,1,28.0,1,Secondaire
00630,2,3.0,1,Aucun
00630,3,55.0,2,Primaire
00630,4,72.0,1,Primaire
00631,1,57.0,2,Aucun
00631,2,11.0,2,Primaire
00632,1,50.0,1,Aucun
00632,2,73.0,2,Aucun
00632,3,50.0,2,Primaire
00632,4,38.0,1,Primaire
00632,5,11.0,2,Aucun
00632,6,53.0,1,Primaire
00633,1,58.0,1,Primaire
00633,2,22.0,1,Secondaire
00633,3,57.0,1,Primaire
00633,4,32.0,1,Primaire
00633,5,73.0,1,Aucun
00633,6,50.0,1,Aucun
00633,7,41.0,1,Aucun
00634,1,42.0,1,Primaire
00634,2,57.0,1,Primaire
00634,3,65.0,1,Aucun
00634,4,32.0,1,Primaire
00634,5,47.0,2,Secondaire
00634,6,29.0,1,Aucun
00635,1,50.0,1,Secondaire
00635,2,65.0,1,Secondaire
00635,3,33.0,1,Aucun
00635,4,42.0,1,Aucun
00635,5,27.0,1,Aucun
00636,1,67.0,2,Primaire
00636,2,5.0,1,Aucun
00636,3,53.0,1,Secondaire
00636,4,58.0,2,Secondaire
00636,5,32.0,2,Aucun
00636,6,25.0,2,Aucun
00636,7,42.0,2,Secondaire
00636,8,16.0,2,Aucun
00636,9,6.0,2,Primaire
00636,10,46.0,2,Aucun
00637,1,47.0,1,Aucun
00637,2,38.0,2,
00637,3,50.0,1,Aucun
00637,4,73.0,2,Secondaire
00637,5,74.0,2,Primaire
00637,6,48.0,1,Primaire
00637,7,46.0,1,Primaire
00637,8,41.0,2,Secondaire
00638,1,36.0,2,Primaire
00638,2,4.0,1,Aucun
00638,3,24.0,2,Primaire
00638,4,2.0,2,Aucun
00638,5,3.0,2,
00638,6,40.0,1,Primaire
00638,7,61.0,1,Secondaire
00638,8,15.0,1,Secondaire
00638,9,57.0,1,Primaire
00639,1,34.0,1,Secondaire
00639,2,4.0,2,Aucun
00639,3,73.0,1,Aucun
00639,4,26.0,1,Aucun
00640,1,37.0,1,Aucun
00640,2,53.0,1,Aucun
00640,3,69.0,1,
00640,4,31.0,1,Aucun
00640,5,21.0,1,Secondaire
00640,6,5.0,2,Aucun
00640,7,74.0,1,Primaire
00640,8,32.0,2,Primaire
00641,1,53.0,1,Aucun
00641,2,20.0,2,Primaire
00641,3,41.0,1,Primaire
00641,4,56.0,1,Aucun
00641,5,30.0,2,Aucun
00642,1,54.0,1,Primaire
00642,2,0.0,2,Aucun
00642,3,14.0,2,Primaire
00642,4,58.0,1,Aucun
00642,5,39.0,2,
00643,1,55.0,2,Aucun
00643,2,43.0,2,Secondaire
00643,3,44.0,1,Primaire
00643,4,23.0,1,Superieur
00644,1,40.0,2,Superieur
00644,2,32.0,2,
00644,3,35.0,2,
00644,4,70.0,2,Aucun
00644,5,61.0,1,Primaire
00644,6,67.0,2,Aucun
00644,7,2.0,2,Aucun
00645,1,46.0,2,
00645,2,19.0,2,Aucun
00645,3,3.0,1,Aucun
00645,4,64.0,2,Superieur
00645,5,8.0,2,
00645,6,47.0,1,Aucun
00645,7,6.0,2,Aucun
00645,8,20.0,1,Aucun
00645,9,57.0,2,Secondaire
00645,10,8.0,2,Secondaire
00645,11,65.0,1,Aucun
00645,12,27.0,2,Aucun
00646,1,45.0,1,Primaire
00646,2,43.0,1,Primaire
00646,3,32.0,1,Primaire
00646,4,,2,Secondaire
00646,5,63.0,1,Aucun
00646,6,43.0,1,Aucun
00646,7,23.0,1,Secondaire
00647,1,63.0,1,Secondaire
00647,2,0.0,1,Aucun
00647,3,58.0,1,Secondaire
00647,4,18.0,1,Aucun
00647,5,24.0,2,Primaire
00647,6,63.0,2,Secondaire
00647,7,51.0,2,Aucun
00648,1,52.0,1,Secondaire
00648,2,41.0,1,Aucun
00648,3,19.0,2,Secondaire
00648,4,15.0,1,Secondaire
00648,5,15.0,2,Primaire
00648,6,50.0,1,Primaire
00649,1,37.0,2,
00649,2,19.0,2,Secondaire
00649,3,50.0,1,Aucun
00650,1,46.0,1,Aucun
00650,2,68.0,1,Primaire
00651,1,60.0,2,Aucun
00651,2,16.0,1,Aucun
00651,3,4.0,2,Aucun
00651,4,65.0,2,Aucun
00651,5,6.0,2,Aucun
00651,6,60.0,2,Aucun
00651,7,53.0,2,Primaire
00652,1,20.0,1,Aucun
00652,2,62.0,2,Primaire
00652,3,1.0,1,Aucun
00652,4,7.0,2,Primaire
00652,5,45.0,1,Aucun
00653,1,53.0,1,Aucun
00653,2,56.0,2,Aucun
00654,1,20.0,1,Primaire
00654,2,9.0,2,Secondaire
00654,3,42.0,2,Primaire
00655,1,52.0,2,
00655,2,34.0,2,Superieur
00656,1,51.0,1,Secondaire
00656,2,66.0,2,Secondaire
00656,3,56.0,1,Secondaire
00656,4,9.0,1,Aucun
00656,5,43.0,1,Primaire
00656,6,33.0,2,Secondaire
00656,7,50.0,1,Aucun
00656,8,54.0,1,Primaire
00656,9,2.0,1,Aucun
00657,1,52.0,1,Aucun
00657,2,67.0,2,Secondaire
00657,3,47.0,1,Aucun
00657,4,42.0,1,
00657,5,42.0,2,Secondaire
00657,6,45.0,2,Aucun
00657,7,74.0,2,Aucun
00658,1,44.0,1,Primaire
00658,2,69.0,2,Primaire
00659,1,48.0,2,Aucun
00659,2,26.0,2,Aucun
00659,3,66.0,2,Aucun
00659,4,32.0,2,Primaire
00659,5,56.0,1,Primaire
00660,1,45.0,1,Primaire
00660,2,36.0,1,Aucun
00660,3,8.0,1,Secondaire
00660,4,52.0,1,Aucun
00660,5,14.0,2,Primaire
00661,1,26.0,1,Aucun
00661,2,19.0,2,Primaire
00662,1,51.0,1,Primaire
00662,2,34.0,1,Secondaire
00662,3,11.0,2,Aucun
00662,4,18.0,1,Primaire
00662,5,46.0,2,Aucun
00662,6,71.0,2,Secondaire
00662,7,42.0,2,Primaire
00663,1,47.0,1,Aucun
00663,2,74.0,2,Secondaire
00663,3,28.0,1,Secondaire
00663,4,37.0,1,Aucun
00663,5,24.0,1,Aucun
00663,6,71.0,1,
00663,7,3.0,2,Aucun
00664,1,,1,Primaire
00664,2,72.0,2,Aucun
00664,3,19.0,1,Primaire
00664,4,7.0,1,Primaire
00664,5,1.0,2,
00664,6,2.0,2,Aucun
00664,7,42.0,2,Primaire
00664,8,40.0,1,Aucun
00665,1,39.0,1,
00665,2,17.0,1,Aucun
00665,3,51.0,1,
00665,4,26.0,2,Aucun
00665,5,10.0,2,Aucun
00666,1,60.0,1,Aucun
00666,2,26.0,1,Secondaire
00666,3,43.0,1,Aucun
00666,4,4.0,1,Aucun
00666,5,8.0,2,Aucun
00666,6,8.0,2,Primaire
00666,7,72.0,2,Primaire
00667,1,67.0,1,Secondaire
00667,2,33.0,1,Secondaire
00667,3,31.0,2,Aucun
00667,4,63.0,1,Primaire
00667,5,5.0,1,Aucun
00667,6,22.0,1,Aucun
00667,7,72.0,2,Secondaire
00668,1,52.0,2,Primaire
00668,2,24.0,1,Aucun
00668,3,51.0,1,Primaire
00668,4,44.0,2,Secondaire
00668,5,6.0,1,Secondaire
00669,1,43.0,1,Aucun
00669,2,28.0,1,Primaire
00669,3,3.0,2,Aucun
00669,4,69.0,1,Aucun
00670,1,36.0,1,Aucun
00670,2,18.0,2,Primaire
00670,3,41.0,1,Primaire
00670,4,33.0,1,Aucun
00670,5,74.0,1,Aucun
00670,6,70.0,2,Primaire
00670,7,48.0,1,
00671,1,38.0,2,Aucun
00671,2,51.0,1,Primaire
00671,3,16.0,2,Secondaire
00671,4,40.0,1,Aucun
00671,5,1.0,2,Aucun
00671,6,71.0,1,Aucun
00671,7,33.0,1,Aucun
00671,8,20.0,1,Aucun
00671,9,61.0,1,Aucun
00672,1,39.0,1,Primaire
00672,2,48.0,1,Secondaire
00672,3,7.0,1,Secondaire
00672,4,24.0,2,Primaire
00672,5,42.0,2,Aucun
00672,6,41.0,1,Aucun
00672,7,25.0,1,Primaire
00672,8,64.0,1,Aucun
00673,1,29.0,1,Secondaire
00673,2,61.0,1,Aucun
00673,3,62.0,1,Aucun
00673,4,,1,Aucun
00673,5,20.0,1,Primaire
00673,6,31.0,1,Primaire
00673,7,12.0,1,Aucun
00674,1,44.0,1,Aucun
00674,2,51.0,2,Secondaire
00674,3,67.0,2,Aucun
00674,4,42.0,2,Primaire
00674,5,0.0,1,Aucun
00674,6,53.0,1,Aucun
00674,7,42.0,2,Aucun
00674,8,54.0,2,Superieur
00674,9,43.0,1,Primaire
00674,10,31.0,1,Primaire
00675,1,39.0,1,Aucun
00675,2,65.0,1,Primaire
00675,3,5.0,1,Aucun
00675,4,46.0,2,Primaire
00675,5,51.0,1,Aucun
00675,6,25.0,1,Secondaire
00675,7,57.0,1,Secondaire
00675,8,63.0,1,Primaire
00675,9,0.0,1,Aucun
00675,10,4.0,2,Aucun
00676,1,38.0,1,Aucun
00676,2,45.0,2,Secondaire
00676,3,5.0,2,Aucun
00676,4,8.0,2,Primaire
00677,1,52.0,1,Primaire
00677,2,74.0,2,Aucun
00677,3,38.0,1,Primaire
00677,4,25.0,1,Primaire
00677,5,54.0,2,Secondaire
00677,6,73.0,1,
00677,7,27.0,2,Aucun
00678,1,45.0,1,Aucun
00678,2,38.0,1,Primaire
00678,3,64.0,1,Aucun
00678,4,74.0,2,Primaire
00678,5,38.0,1,Aucun
00678,6,7.0,1,Secondaire
00678,7,54.0,1,Aucun
00679,1,51.0,1,Superieur
00679,2,45.0,1,Aucun
00679,3,65.0,2,Primaire
00679,4,28.0,2,Secondaire
00679,5,69.0,1,Secondaire
00679,6,50.0,2,Secondaire
00679,7,19.0,2,Aucun
00680,1,30.0,1,Primaire
00680,2,43.0,1,Aucun
00680,3,33.0,1,Secondaire
00680,4,66.0,1,Secondaire
00680,5,12.0,1,
00680,6,26.0,2,Aucun
00680,7,29.0,2,Secondaire
00680,8,63.0,2,Secondaire
00680,9,29.0,1,Secondaire
00681,1,31.0,1,Aucun
00681,2,60.0,2,Aucun
00681,3,74.0,1,Primaire
00681,4,60.0,2,Secondaire
00682,1,26.0,1,Primaire
00682,2,47.0,2,
00682,3,30.0,2,Primaire
00682,4,73.0,1,Aucun
00682,5,61.0,1,Secondaire
00682,6,24.0,2,Primaire
00682,7,34.0,1,Aucun
00683,1,50.0,1,Aucun
00683,2,43.0,2,Secondaire
00683,3,22.0,2,Secondaire
00683,4,37.0,1,Aucun
00683,5,0.0,2,Aucun
00684,1,24.0,1,Aucun
00684,2,19.0,1,Primaire
00684,3,36.0,2,Secondaire
00684,4,20.0,1,Primaire
00684,5,29.0,2,Aucun
00684,6,21.0,1,Aucun
00684,7,52.0,1,Aucun
00685,1,20.0,1,Superieur
00685,2,3.0,1,Aucun
00685,3,49.0,1,Primaire
00685,4,47.0,1,Aucun
00685,5,,1,Primaire
00685,6,35.0,1,Aucun
00685,7,26.0,2,Secondaire
00686,1,49.0,1,Secondaire
00686,2,55.0,2,Primaire
00686,3,8.0,1,Aucun
00686,4,0.0,1,
00686,5,51.0,2,Aucun
00686,6,8.0,2,Aucun
00686,7,20.0,1,Primaire
00686,8,67.0,1,Primaire
00687,1,48.0,1,
00687,2,57.0,2,Primaire
00687,3,28.0,1,Aucun
00687,4,51.0,1,Primaire
00687,5,51.0,1,Aucun
00687,6,19.0,2,Secondaire
00687,7,32.0,1,Aucun
00687,8,36.0,2,Aucun
00687,9,35.0,2,Aucun
00687,10,72.0,1,Primaire
00687,11,28.0,2,Aucun
00687,12,6.0,1,Aucun
00688,1,54.0,1,Aucun
00688,2,27.0,2,Aucun
00688,3,33.0,2,Aucun
00688,4,66.0,1,Secondaire
00688,5,46.0,1,Primaire
00688,6,52.0,2,Primaire
00689,1,32.0,1,Aucun
00689,2,53.0,1,Secondaire
00689,3,,1,Aucun
00690,1,31.0,1,Aucun
00691,1,36.0,2,Aucun
00691,2,72.0,2,Aucun
00691,3,46.0,2,Aucun
00691,4,31.0,1,Primaire
00691,5,40.0,2,Secondaire
00692,1,45.0,1,Superieur
00692,2,5.0,2,Aucun
00692,3,71.0,1,Secondaire
00692,4,29.0,2,Aucun
00692,5,57.0,1,Aucun
00692,6,71.0,1,Secondaire
00692,7,23.0,2,Aucun
00692,8,11.0,1,Secondaire
00692,9,73.0,1,Secondaire
00693,1,32.0,1,Aucun
00693,2,8.0,1,Aucun
00693,3,70.0,1,Primaire
00694,1,31.0,2,Secondaire
00694,2,8.0,1,Primaire
00694,3,13.0,1,Aucun
00694,4,21.0,1,
00694,5,47.0,1,Aucun
00695,1,46.0,1,Aucun
00695,2,62.0,1,Aucun
00695,3,33.0,2,Primaire
00695,4,15.0,2,Aucun
00695,5,59.0,2,Secondaire
00696,1,25.0,1,Secondaire
00696,2,15.0,2,Primaire
00696,3,44.0,1,Primaire
00696,4,41.0,2,Superieur
00696,5,63.0,1,Primaire
00696,6,69.0,2,Secondaire
00696,7,7.0,1,Aucun
00696,8,68.0,1,Secondaire
00697,1,25.0,2,Superieur
00697,2,34.0,2,Secondaire
00697,3,14.0,2,
00697,4,32.0,2,Superieur
00697,5,41.0,1,Aucun
00697,6,70.0,2,Secondaire
00697,7,68.0,1,Secondaire
00697,8,45.0,1,Primaire
00698,1,35.0,1,Aucun
00698,2,22.0,2,Aucun
00698,3,70.0,2,Aucun
00698,4,51.0,1,Secondaire
00698,5,39.0,2,Secondaire
00698,6,17.0,1,Secondaire
00698,7,33.0,1,Secondaire
00698,8,,2,Aucun
00699,1,45.0,1,Aucun
00699,2,26.0,1,Secondaire
00699,3,39.0,2,Primaire
00699,4,9.0,2,Primaire
00700,1,32.0,1,Primaire
00700,2,57.0,2,Secondaire
00700,3,13.0,2,
00700,4,58.0,1,Aucun
00701,1,29.0,2,
00701,2,71.0,1,Primaire
00701,3,4.0,2,Aucun
00701,4,41.0,2,Aucun
00701,5,50.0,2,Aucun
00702,1,56.0,1,Aucun
00702,2,33.0,2,Aucun
00702,3,59.0,2,Primaire
00703,1,53.0,1,Aucun
00703,2,59.0,2,Aucun
00703,3,26.0,1,Primaire
00703,4,,2,Primaire
00704,1,40.0,2,Aucun
00704,2,28.0,1,Aucun
00704,3,20.0,1,Aucun
00704,4,59.0,1,Aucun
00704,5,11.0,2,Secondaire
00705,1,40.0,1,Primaire
00705,2,48.0,2,Primaire
00705,3,74.0,2,Secondaire
00706,1,46.0,1,Primaire
00706,2,44.0,1,Aucun
00706,3,51.0,1,Primaire
00706,4,13.0,1,Secondaire
00707,1,46.0,1,Secondaire
00707,2,19.0,1,Secondaire
00707,3,39.0,2,Aucun
00707,4,11.0,1,Aucun
00707,5,60.0,2,Aucun
00707,6,14.0,1,Aucun
00708,1,36.0,1,Primaire
00708,2,42.0,1,Aucun
00708,3,73.0,1,Secondaire
00708,4,53.0,2,
00709,1,45.0,1,Primaire
00709,2,3.0,1,Aucun
00709,3,2.0,1,Aucun
00709,4,34.0,1,Aucun
00709,5,1.0,1,Aucun
00709,6,55.0,1,Aucun
00710,1,41.0,1,Superieur
00710,2,36.0,2,Aucun
00710,3,2.0,2,Aucun
00710,4,42.0,2,Primaire
00710,5,4.0,1,Aucun
00711,1,33.0,1,Aucun
00711,2,65.0,1,Primaire
00711,3,10.0,2,Aucun
00711,4,38.0,1,Secondaire
00712,1,48.0,1,Aucun
00712,2,25.0,1,Secondaire
00712,3,0.0,2,Aucun
00712,4,0.0,2,Aucun
00713,1,33.0,1,Primaire
00713,2,12.0,1,
00713,3,11.0,2,Aucun
00713,4,,2,Superieur
00713,5,26.0,1,Secondaire
00714,1,52.0,1,Secondaire
00714,2,63.0,2,Aucun
00714,3,36.0,1,Secondaire
00714,4,3.0,2,Aucun
00714,5,34.0,2,Aucun
00714,6,69.0,2,
00714,7,29.0,1,Aucun
00714,8,13.0,2,Aucun
00715,1,34.0,2,Aucun
00715,2,49.0,1,Primaire
00715,3,61.0,1,Primaire
00715,4,52.0,1,Aucun
00715,5,66.0,2,Aucun
00715,6,46.0,2,Primaire
00715,7,52.0,1,Secondaire
00715,8,15.0,2,Secondaire
00716,1,43.0,2,Aucun
00716,2,34.0,2,Superieur
00716,3,28.0,1,Aucun
00717,1,31.0,1,Aucun
00718,1,43.0,1,Aucun
00718,2,1.0,2,Aucun
00718,3,68.0,1,Primaire
00718,4,13.0,2,Primaire
00718,5,73.0,2,Secondaire
00719,1,20.0,2,Aucun
00719,2,59.0,2,Secondaire
00719,3,9.0,2,Primaire
00720,1,53.0,1,Aucun
00720,2,66.0,1,Secondaire
00720,3,58.0,1,
00720,4,7.0,2,Aucun
00721,1,48.0,1,Primaire
00721,2,25.0,2,Primaire
00721,3,52.0,2,Aucun
00721,4,27.0,2,Primaire
00721,5,70.0,2,Aucun
00721,6,56.0,2,Aucun
00721,7,27.0,1,Aucun
00721,8,61.0,1,Aucun
00721,9,24.0,2,Aucun
00722,1,44.0,1,Aucun
00722,2,,1,Superieur
00722,3,52.0,1,Primaire
00722,4,61.0,1,Secondaire
00722,5,27.0,1,Primaire
00722,6,5.0,2,
00723,1,60.0,1,Primaire
00723,2,59.0,2,Aucun
00723,3,40.0,2,Aucun
00723,4,31.0,2,Primaire
00723,5,31.0,1,Secondaire
00724,1,20.0,1,Secondaire
00724,2,67.0,1,Secondaire
00725,1,38.0,1,Secondaire
00725,2,17.0,1,Aucun
00725,3,54.0,2,Aucun
00725,4,25.0,1,Primaire
00725,5,27.0,1,Primaire
00725,6,62.0,2,Secondaire
00725,7,5.0,2,Aucun
00725,8,,1,Aucun
00726,1,48.0,1,Aucun
00726,2,5.0,1,Aucun
00726,3,49.0,2,Secondaire
00727,1,26.0,1,Primaire
00727,2,59.0,2,Primaire
00727,3,19.0,2,Primaire
00727,4,14.0,1,Aucun
00727,5,73.0,2,Secondaire
00727,6,11.0,1,Primaire
00728,1,40.0,1,Secondaire
00728,2,16.0,1,Primaire
00728,3,32.0,1,Superieur
00728,4,33.0,2,Secondaire
00728,5,61.0,2,Aucun
00728,6,70.0,1,Aucun
00728,7,24.0,2,Superieur
00728,8,,2,Secondaire
00728,9,14.0,1,
00728,10,4.0,2,Aucun
00728,11,41.0,1,Aucun
00728,12,34.0,1,Primaire
00729,1,28.0,2,Aucun
00729,2,39.0,1,Aucun
00729,3,62.0,1,Aucun
00729,4,4.0,2,Aucun
00729,5,40.0,1,Secondaire
00730,1,39.0,1,Aucun
00730,2,60.0,2,Primaire
00730,3,26.0,2,Aucun
00730,4,68.0,1,Secondaire
00731,1,39.0,1,Aucun
00731,2,10.0,2,Primaire
00731,3,53.0,2,Primaire
00732,1,58.0,1,Superieur
00732,2,13.0,1,Primaire
00732,3,12.0,1,Secondaire
00732,4,19.0,1,Primaire
00732,5,49.0,2,Primaire
00732,6,59.0,2,Aucun
00732,7,37.0,1,Primaire
00732,8,67.0,2,Aucun
00732,9,28.0,1,
00732,10,12.0,2,Aucun
00733,1,42.0,1,Primaire
00733,2,34.0,2,Aucun
00733,3,10.0,1,Primaire
00733,4,71.0,2,Primaire
00733,5,32.0,1,Aucun
00733,6,19.0,1,Primaire
00734,1,44.0,2,Aucun
00734,2,23.0,2,Aucun
00734,3,35.0,1,
00734,4,6.0,2,
00734,5,6.0,2,Aucun
00734,6,20.0,2,Aucun
00734,7,70.0,2,Primaire
00735,1,36.0,1,Aucun
00735,2,54.0,2,Aucun
00735,3,10.0,2,Aucun
00735,4,52.0,1,Secondaire
00735,5,44.0,2,
00735,6,43.0,2,Aucun
00736,1,36.0,1,Aucun
00736,2,21.0,2,Aucun
00736,3,12.0,2,Aucun
00736,4,8.0,2,Aucun
00736,5,42.0,2,Secondaire
00736,6,32.0,1,Aucun
00737,1,24.0,1,Aucun
00737,2,35.0,1,Secondaire
00737,3,13.0,1,Primaire
00738,1,55.0,1,Primaire
00738,2,0.0,2,Aucun
00738,3,16.0,1,Primaire
00738,4,40.0,1,Aucun
00738,5,49.0,2,Aucun
00738,6,63.0,1,Primaire
00738,7,70.0,2,Secondaire
00738,8,0.0,2,Aucun
00738,9,33.0,1,Aucun
00739,1,48.0,1,Primaire
00739,2,32.0,1,Aucun
00739,3,67.0,2,Secondaire
00739,4,1.0,2,Aucun
00739,5,68.0,1,Secondaire
00739,6,62.0,1,Aucun
00739,7,25.0,1,Superieur
00739,8,38.0,2,Primaire
00739,9,29.0,2,Aucun
00740,1,63.0,2,
00740,2,49.0,2,Primaire
00740,3,10.0,2,Primaire
00741,1,39.0,1,Aucun
00741,2,31.0,1,Primaire
00741,3,30.0,1,Aucun
00741,4,6.0,2,Primaire
00741,5,11.0,2,Secondaire
00741,6,50.0,2,Primaire
00741,7,4.0,1,Aucun
00741,8,17.0,2,Aucun
00742,1,61.0,1,Secondaire
00742,2,3.0,2,Aucun
00742,3,46.0,2,Primaire
00742,4,44.0,1,Primaire
00742,5,6.0,2,Secondaire
00742,6,40.0,2,Secondaire
00742,7,39.0,1,Aucun
00742,8,47.0,1,Secondaire
00742,9,33.0,1,Superieur
00743,1,44.0,1,Aucun
00743,2,13.0,2,Primaire
00743,3,2.0,2,Aucun
00743,4,72.0,1,Secondaire
00743,5,49.0,2,
00743,6,67.0,2,Aucun
00743,7,14.0,1,Primaire
00743,8,6.0,2,Aucun
00743,9,64.0,2,Secondaire
00744,1,50.0,1,Secondaire
00744,2,33.0,2,Aucun
00744,3,43.0,2,Secondaire
00744,4,47.0,2,Aucun
00744,5,20.0,1,Secondaire
00744,6,53.0,1,Aucun
00744,7,51.0,1,Primaire
00744,8,69.0,1,Aucun
00745,1,37.0,1,Secondaire
00745,2,74.0,1,Aucun
00745,3,,1,Aucun
00745,4,37.0,2,Aucun
00745,5,18.0,2,Primaire
00745,6,1.0,2,Aucun
00746,1,50.0,1,Aucun
00746,2,59.0,2,Aucun
00746,3,39.0,1,Aucun
00746,4,13.0,2,Superieur
00746,5,27.0,2,Primaire
00746,6,20.0,2,Secondaire
00746,7,0.0,1,Aucun
00747,1,49.0,2,Secondaire
00747,2,24.0,1,Aucun
00747,3,14.0,1,Primaire
00747,4,47.0,1,
00748,1,47.0,1,Primaire
00748,2,48.0,2,Aucun
00748,3,69.0,1,Aucun
00748,4,72.0,1,Secondaire
00748,5,32.0,2,Aucun
00748,6,37.0,1,Primaire
00748,7,17.0,1,Primaire
00748,8,24.0,2,Aucun
00748,9,40.0,1,Aucun
00749,1,36.0,1,Aucun
00749,2,47.0,2,Aucun
00749,3,11.0,2,Primaire
00749,4,26.0,1,Primaire
00749,5,46.0,2,Primaire
00749,6,62.0,2,Superieur
00750,1,58.0,2,
00750,2,16.0,2,Primaire
00750,3,65.0,1,Secondaire
00750,4,36.0,2,Primaire
00750,5,9.0,2,Aucun
00750,6,16.0,2,Aucun
00751,1,41.0,2,Secondaire
00751,2,35.0,2,Aucun
00751,3,56.0,1,Secondaire
00751,4,0.0,2,Aucun
00751,5,39.0,1,Primaire
00751,6,14.0,1,Aucun
00751,7,26.0,2,Aucun
00751,8,3.0,1,
00752,1,44.0,2,Aucun
00752,2,68.0,2,Aucun
00752,3,50.0,1,Secondaire
00752,4,50.0,2,Primaire
00752,5,55.0,2,Primaire
00752,6,39.0,1,Primaire
00752,7,55.0,2,Aucun
00752,8,30.0,2,Primaire
00752,9,26.0,2,Primaire
00752,10,67.0,2,Primaire
00753,1,43.0,1,Primaire
00753,2,70.0,1,Primaire
00753,3,24.0,2,Primaire
00754,1,23.0,1,Aucun
00754,2,6.0,2,Aucun
00754,3,66.0,1,Primaire
00754,4,71.0,1,Aucun
00754,5,39.0,2,Secondaire
00754,6,52.0,1,Superieur
00754,7,23.0,2,Secondaire
00754,8,63.0,1,Aucun
00754,9,68.0,1,Secondaire
00755,1,53.0,1,Aucun
00755,2,61.0,2,Secondaire
00755,3,57.0,1,Aucun
00755,4,41.0,2,Primaire
00755,5,48.0,2,Primaire
00755,6,50.0,1,Primaire
00755,7,39.0,2,Aucun
00755,8,65.0,2,Aucun
00756,1,34.0,1,
00756,2,49.0,1,Primaire
00756,3,35.0,1,Aucun
00756,4,45.0,2,Primaire
00756,5,73.0,1,Primaire
00757,1,48.0,1,Primaire
00758,1,41.0,1,Superieur
00758,2,5.0,1,Aucun
00758,3,48.0,2,Aucun
00758,4,20.0,1,Secondaire
00759,1,44.0,1,Primaire
00759,2,26.0,2,Primaire
00759,3,25.0,2,Aucun
00759,4,41.0,1,Primaire
00759,5,69.0,1,Secondaire
00759,6,6.0,2,Primaire
00759,7,36.0,2,Aucun
00759,8,63.0,1,Primaire
00759,9,39.0,1,Secondaire
00759,10,3.0,2,Aucun
00760,1,50.0,1,Aucun
00760,2,71.0,1,Aucun
00760,3,24.0,2,Secondaire
00760,4,63.0,2,Primaire
00761,1,31.0,1,
00761,2,68.0,2,Secondaire
00761,3,4.0,2,Aucun
00761,4,25.0,2,Aucun
00761,5,8.0,2,Aucun
00761,6,6.0,1,Primaire
00761,7,50.0,1,Secondaire
00761,8,6.0,2,Aucun
00761,9,19.0,2,Aucun
00761,10,16.0,2,Aucun
00761,11,38.0,2,Secondaire
00762,1,43.0,1,Primaire
00762,2,38.0,2,Aucun
00762,3,59.0,2,Aucun
00762,4,32.0,2,Aucun
00762,5,58.0,1,Aucun
00762,6,68.0,2,Aucun
00762,7,60.0,2,Primaire
00762,8,65.0,2,Secondaire
00763,1,20.0,1,Aucun
00763,2,2.0,2,Aucun
00763,3,34.0,2,Primaire
00763,4,28.0,2,Aucun
00763,5,67.0,1,Primaire
00763,6,10.0,2,Primaire
00763,7,8.0,1,Primaire
00763,8,54.0,2,
00763,9,,2,Secondaire
00764,1,24.0,1,Aucun
00764,2,60.0,2,Aucun
00764,3,68.0,1,Primaire
00764,4,57.0,1,Primaire
00764,5,32.0,2,Secondaire
00764,6,60.0,2,Aucun
00765,1,59.0,1,Primaire
00765,2,9.0,2,Aucun
00765,3,9.0,1,Aucun
00765,4,42.0,2,
00765,5,11.0,2,Secondaire
00766,1,34.0,1,Primaire
00766,2,13.0,1,Aucun
00766,3,18.0,1,Aucun
00766,4,54.0,1,Primaire
00766,5,42.0,1,Primaire
00766,6,5.0,2,Aucun
00767,1,31.0,1,
00767,2,38.0,2,Secondaire
00767,3,37.0,1,Aucun
00767,4,8.0,1,Secondaire
00767,5,1.0,2,Aucun
00767,6,2.0,1,
00767,7,56.0,1,Primaire
00767,8,1.0,1,Aucun
00768,1,39.0,1,Primaire
00768,2,30.0,1,Aucun
00768,3,63.0,1,Aucun
00768,4,19.0,2,Aucun
00769,1,56.0,1,Primaire
00769,2,71.0,1,Secondaire
00769,3,34.0,1,Aucun
00769,4,42.0,2,Primaire
00769,5,66.0,2,Aucun
00769,6,72.0,1,Primaire
00770,1,20.0,1,Primaire
00770,2,43.0,1,Aucun
00770,3,74.0,1,Primaire
00770,4,4.0,2,Aucun
00770,5,29.0,1,Secondaire
00770,6,16.0,2,Aucun
00770,7,,1,Primaire
00770,8,0.0,2,Aucun
00770,9,22.0,2,Aucun
00770,10,19.0,1,Secondaire
00770,11,16.0,2,Aucun
00771,1,30.0,1,Aucun
00771,2,32.0,2,Secondaire
00771,3,46.0,2,Primaire
00771,4,60.0,1,Secondaire
00771,5,59.0,1,Aucun
00771,6,49.0,1,Aucun
00771,7,33.0,2,Aucun
00771,8,74.0,2,Aucun
00772,1,65.0,2,Primaire
00772,2,38.0,1,Aucun
00772,3,15.0,1,Secondaire
00772,4,68.0,2,Aucun
00772,5,56.0,1,Secondaire
00772,6,48.0,2,Primaire
00772,7,28.0,1,Primaire
00772,8,63.0,1,Aucun
00773,1,42.0,1,Aucun
00773,2,10.0,1,Primaire
00773,3,17.0,2,Primaire
00773,4,56.0,1,Aucun
00774,1,49.0,1,Secondaire
00774,2,26.0,1,Secondaire
00774,3,31.0,1,Secondaire
00774,4,53.0,2,Aucun
00774,5,29.0,2,Aucun
00774,6,14.0,1,Primaire
00774,7,40.0,2,Secondaire
00774,8,22.0,2,Aucun
00774,9,39.0,2,Primaire
00774,10,50.0,1,Secondaire
00774,11,63.0,2,Primaire
00774,12,63.0,2,Aucun
00775,1,21.0,1,Primaire
00775,2,21.0,1,Secondaire
00775,3,65.0,1,Secondaire
00775,4,73.0,2,Aucun
00776,1,51.0,1,Secondaire
00776,2,10.0,1,Aucun
00776,3,56.0,2,Secondaire
00776,4,60.0,1,Aucun
00776,5,42.0,1,Secondaire
00776,6,,1,Secondaire
00777,1,36.0,1,
00777,2,67.0,2,Secondaire
00777,3,14.0,2,Secondaire
00778,1,41.0,1,Secondaire
00778,2,45.0,1,Secondaire
00778,3,25.0,1,Aucun
00778,4,35.0,2,Aucun
00778,5,43.0,2,Secondaire
00779,1,33.0,1,Aucun
00779,2,41.0,1,Primaire
00779,3,73.0,1,Secondaire
00779,4,,1,Aucun
00779,5,31.0,2,Primaire
00779,6,21.0,2,Aucun
00780,1,45.0,1,Aucun
00781,1,26.0,1,Superieur
00781,2,60.0,1,Aucun
00781,3,60.0,1,Secondaire
00781,4,28.0,1,Primaire
00781,5,5.0,1,Aucun
00781,6,48.0,1,
00781,7,60.0,2,Secondaire
00782,1,45.0,2,Primaire
00782,2,7.0,2,Primaire
00782,3,5.0,2,Aucun
00782,4,30.0,2,Secondaire
00782,5,19.0,2,Secondaire
00782,6,26.0,2,Primaire
00782,7,25.0,2,Primaire
00783,1,66.0,1,Aucun
00784,1,36.0,1,Primaire
00784,2,40.0,1,Primaire
00784,3,32.0,1,Primaire
00784,4,42.0,1,Aucun
00784,5,74.0,1,Primaire
00784,6,7.0,2,Superieur
00784,7,3.0,2,Aucun
00784,8,32.0,1,Secondaire
00785,1,37.0,1,Superieur
00785,2,56.0,2,
00785,3,25.0,2,Aucun
00785,4,64.0,1,Aucun
00785,5,31.0,1,Aucun
00785,6,71.0,2,Aucun
00786,1,59.0,1,Secondaire
00786,2,45.0,1,Aucun
00786,3,14.0,1,Primaire
00786,4,38.0,2,Aucun
00786,5,51.0,1,Primaire
00786,6,7.0,1,Aucun
00787,1,52.0,1,
00787,2,50.0,2,Aucun
00787,3,,1,Aucun
00787,4,38.0,1,Aucun
00787,5,5.0,1,Aucun
00787,6,41.0,2,Primaire
00787,7,7.0,2,Aucun
00787,8,19.0,2,Aucun
00787,9,9.0,1,Secondaire
00788,1,49.0,1,Primaire
00788,2,6.0,2,Secondaire
00788,3,18.0,1,Aucun
00788,4,,2,Secondaire
00789,1,57.0,1,Secondaire
00789,2,19.0,2,Secondaire
00789,3,8.0,2,Primaire
00789,4,28.0,2,Primaire
00790,1,25.0,1,Aucun
00790,2,12.0,2,Primaire
00790,3,5.0,2,Aucun
00790,4,27.0,2,Aucun
00790,5,22.0,1,Secondaire
00790,6,70.0,1,Secondaire
00790,7,7.0,1,Aucun
00790,8,16.0,2,Primaire
00790,9,3.0,2,Aucun
00790,10,48.0,2,Primaire
00791,1,54.0,2,Primaire
00791,2,55.0,1,Secondaire
00791,3,36.0,2,Aucun
00792,1,38.0,1,Primaire
00792,2,26.0,2,Aucun
00792,3,30.0,2,Primaire
00792,4,2.0,2,Aucun
00792,5,17.0,1,Aucun
00792,6,42.0,1,Aucun
00793,1,57.0,1,Aucun
00793,2,11.0,2,Aucun
00793,3,38.0,2,Aucun
00793,4,44.0,2,Secondaire
00793,5,57.0,2,Primaire
00793,6,37.0,2,Aucun
00794,1,,1,Secondaire
00794,2,29.0,1,Aucun
00794,3,68.0,1,Primaire
00794,4,20.0,2,Secondaire
00794,5,24.0,1,Aucun
00794,6,55.0,2,Primaire
00794,7,23.0,2,Secondaire
00795,1,48.0,1,Aucun
00795,2,49.0,1,Aucun
00795,3,11.0,2,Primaire
00795,4,60.0,2,Aucun
00795,5,36.0,2,Primaire
00795,6,22.0,2,Primaire
00796,1,42.0,1,Aucun
00796,2,33.0,1,Primaire
00796,3,39.0,1,Secondaire
00796,4,67.0,2,Aucun
00797,1,38.0,1,Aucun
00797,2,9.0,1,Superieur
00797,3,38.0,2,Secondaire
00797,4,30.0,2,Primaire
00797,5,26.0,1,Primaire
00797,6,1.0,2,
00798,1,62.0,1,Primaire
00798,2,34.0,2,Aucun
00798,3,43.0,2,Aucun
00798,4,68.0,1,Aucun
00798,5,41.0,2,Aucun
00799,1,43.0,1,Superieur
00799,2,13.0,1,Superieur
00799,3,50.0,1,
00799,4,45.0,1,Aucun
00799,5,47.0,1,Secondaire
00799,6,56.0,2,Secondaire
00799,7,26.0,2,Aucun
00799,8,17.0,1,Primaire
00799,9,52.0,2,Aucun
00799,10,38.0,1,Primaire
00800,1,35.0,1,Primaire
00800,2,7.0,1,Primaire
00800,3,51.0,1,Secondaire
00800,4,64.0,1,Aucun
00800,5,16.0,2,Primaire
00800,6,54.0,1,Secondaire
00800,7,4.0,2,
00800,8,19.0,2,Aucun
00800,9,74.0,2,Aucun
00801,1,37.0,1,Secondaire
00801,2,68.0,2,Aucun
00801,3,2.0,1,Aucun
00801,4,64.0,2,Primaire
00801,5,44.0,2,Primaire
00801,6,17.0,2,Secondaire
00801,7,23.0,2,Secondaire
00801,8,51.0,2,Primaire
00801,9,12.0,1,Aucun
00801,10,69.0,2,Aucun
00802,1,34.0,1,Aucun
00802,2,32.0,1,Aucun
00802,3,74.0,1,Primaire
00802,4,27.0,2,Primaire
00802,5,23.0,2,Aucun
00802,6,40.0,1,Secondaire
00802,7,44.0,2,Secondaire
00802,8,5.0,2,Aucun
00802,9,62.0,2,Primaire
00803,1,49.0,1,Primaire
00803,2,43.0,1,Aucun
00803,3,48.0,1,Aucun
00803,4,61.0,1,Primaire
00803,5,25.0,2,Secondaire
00803,6,45.0,1,Aucun
00803,7,4.0,1,Aucun
00804,1,50.0,1,Aucun
00804,2,45.0,2,Aucun
00804,3,55.0,1,Secondaire
00804,4,0.0,2,
00804,5,27.0,2,Secondaire
00805,1,34.0,2,Secondaire
00805,2,29.0,1,Primaire
00805,3,39.0,1,
00805,4,50.0,1,Secondaire
00805,5,54.0,2,Aucun
00805,6,71.0,1,Secondaire
00805,7,30.0,1,Primaire
00805,8,30.0,1,Primaire
00805,9,61.0,2,Primaire
00805,10,3.0,1,Aucun
00806,1,57.0,2,Aucun
00806,2,58.0,2,
00807,1,52.0,1,Primaire
00807,2,64.0,2,Secondaire
00807,3,69.0,2,Aucun
00807,4,3.0,2,Aucun
00807,5,31.0,1,Aucun
00808,1,68.0,1,Primaire
00808,2,64.0,2,Primaire
00808,3,40.0,1,Primaire
00808,4,36.0,2,Aucun
00808,5,59.0,1,Aucun
00808,6,8.0,2,Aucun
00808,7,24.0,1,Secondaire
00809,1,36.0,1,Secondaire
00810,1,21.0,1,Secondaire
00810,2,50.0,1,Primaire
00810,3,59.0,2,Aucun
00810,4,60.0,2,Primaire
00810,5,9.0,2,Aucun
00810,6,65.0,1,Aucun
00810,7,18.0,2,Aucun
00810,8,72.0,2,Aucun
00810,9,2.0,1,Aucun
00811,1,39.0,1,Aucun
00811,2,8.0,2,Secondaire
00811,3,16.0,1,Primaire
00811,4,10.0,1,Primaire
00811,5,0.0,2,Aucun
00811,6,13.0,1,Secondaire
00811,7,48.0,2,Primaire
00811,8,45.0,1,Primaire
00812,1,63.0,2,Aucun
00812,2,14.0,2,Aucun
00812,3,5.0,2,Aucun
00812,4,2.0,1,Aucun
00813,1,46.0,2,Primaire
00813,2,,1,Secondaire
00813,3,18.0,1,Aucun
00813,4,72.0,1,Primaire
00813,5,2.0,1,Aucun
00813,6,10.0,2,Secondaire
00813,7,30.0,1,Aucun
00813,8,55.0,2,Primaire
00814,1,49.0,1,
00814,2,28.0,2,Secondaire
00814,3,28.0,2,Secondaire
00814,4,59.0,2,Primaire
00815,1,47.0,1,Aucun
00815,2,45.0,1,Primaire
00815,3,21.0,2,Primaire
00816,1,37.0,2,Secondaire
00816,2,67.0,1,Primaire
00816,3,20.0,1,Primaire
00816,4,14.0,2,Aucun
00816,5,3.0,1,
00816,6,67.0,2,Aucun
00816,7,43.0,1,Secondaire
00816,8,49.0,1,Aucun
00816,9,32.0,1,Aucun
00816,10,67.0,1,Aucun
00817,1,38.0,1,Aucun
00817,2,19.0,2,Aucun
00817,3,56.0,1,Superieur
00817,4,69.0,2,Secondaire
00818,1,34.0,1,Aucun
00818,2,32.0,1,Aucun
00818,3,0.0,2,Aucun
00818,4,62.0,1,Primaire
00818,5,44.0,2,Secondaire
00818,6,62.0,2,Aucun
00819,1,39.0,2,Primaire
00819,2,43.0,2,Aucun
00819,3,59.0,1,Aucun
00820,1,35.0,2,Aucun
00820,2,39.0,1,Primaire
00820,3,22.0,1,Aucun
00820,4,52.0,1,Superieur
00820,5,48.0,1,Aucun
00820,6,31.0,1,Primaire
00821,1,43.0,1,Superieur
00821,2,51.0,1,Primaire
00821,3,70.0,1,Primaire
00821,4,57.0,1,Aucun
00822,1,48.0,2,Secondaire
00822,2,71.0,2,Superieur
00822,3,14.0,2,Aucun
00822,4,31.0,1,Secondaire
00822,5,4.0,1,Aucun
00822,6,56.0,1,Primaire
00822,7,27.0,1,Primaire
00822,8,14.0,1,Secondaire
00823,1,63.0,2,Secondaire
00823,2,13.0,2,Aucun
00823,3,66.0,2,Secondaire
00824,1,56.0,1,Aucun
00824,2,35.0,1,Secondaire
00825,1,45.0,1,Superieur
00825,2,46.0,2,
00825,3,50.0,2,Secondaire
00825,4,37.0,1,Primaire
00825,5,55.0,2,Secondaire
00825,6,40.0,1,Primaire
00825,7,2.0,1,Aucun
00825,8,66.0,1,
00826,1,41.0,1,Aucun
00826,2,40.0,2,Primaire
00826,3,56.0,2,Aucun
00826,4,68.0,1,Secondaire
00826,5,57.0,2,Primaire
00826,6,69.0,1,Aucun
00826,7,9.0,2,Primaire
00826,8,6.0,1,Aucun
00826,9,33.0,2,Primaire
00826,10,50.0,2,Primaire
00826,11,44.0,1,Primaire
00827,1,59.0,2,Aucun
00827,2,32.0,1,Primaire
00827,3,52.0,2,Secondaire
00827,4,67.0,2,
00828,1,48.0,1,Primaire
00828,2,56.0,1,Aucun
00828,3,71.0,1,Aucun
00828,4,66.0,1,Secondaire
00828,5,30.0,1,Aucun
00828,6,61.0,1,Secondaire
00829,1,49.0,1,Aucun
00829,2,65.0,2,Primaire
00829,3,53.0,1,Secondaire
00829,4,10.0,2,Primaire
00830,1,29.0,2,Secondaire
00830,2,63.0,2,Primaire
00830,3,49.0,2,Aucun
00830,4,14.0,1,Primaire
00830,5,73.0,1,Aucun
00831,1,51.0,1,Aucun
00831,2,70.0,2,Aucun
00831,3,58.0,2,Secondaire
00831,4,31.0,1,Aucun
00832,1,28.0,2,Primaire
00832,2,7.0,2,
00832,3,33.0,2,Aucun
00832,4,17.0,2,Secondaire
00832,5,12.0,1,Primaire
00833,1,39.0,2,Primaire
00833,2,24.0,1,Aucun
00833,3,6.0,2,Superieur
00833,4,52.0,1,Primaire
00833,5,65.0,2,
00833,6,67.0,2,Secondaire
00833,7,27.0,1,Aucun
00833,8,54.0,1,
00834,1,38.0,1,Primaire
00834,2,60.0,2,Aucun
00834,3,22.0,1,Aucun
00834,4,37.0,1,Secondaire
00834,5,14.0,1,Secondaire
00834,6,44.0,2,Secondaire
00834,7,37.0,2,Secondaire
00834,8,51.0,2,Primaire
00835,1,64.0,1,
00835,2,55.0,2,Primaire
00835,3,1.0,2,Aucun
00835,4,57.0,2,
00835,5,15.0,1,Secondaire
00835,6,35.0,2,Aucun
00836,1,34.0,1,Aucun
00836,2,46.0,1,Primaire
00836,3,34.0,1,Secondaire
00836,4,16.0,1,Primaire
00836,5,2.0,2,Aucun
00836,6,74.0,2,Primaire
00836,7,27.0,1,Aucun
00836,8,39.0,2,Aucun
00837,1,53.0,2,Primaire
00837,2,64.0,2,Secondaire
00838,1,59.0,2,Secondaire
00838,2,64.0,2,Aucun
00838,3,11.0,1,Aucun
00838,4,11.0,2,Primaire
00838,5,30.0,2,Primaire
00838,6,50.0,1,Aucun
00838,7,10.0,1,Aucun
00839,1,46.0,1,Aucun
00839,2,23.0,1,Secondaire
00839,3,11.0,2,Primaire
00839,4,20.0,2,Primaire
00839,5,37.0,2,Aucun
00839,6,57.0,2,Secondaire
00840,1,56.0,1,Aucun
00840,2,22.0,2,Primaire
00840,3,19.0,1,Secondaire
00840,4,7.0,2,
00840,5,60.0,2,Primaire
00840,6,15.0,2,Aucun
00840,7,21.0,1,Aucun
00840,8,38.0,1,
00840,9,19.0,1,Primaire
00840,10,67.0,2,Primaire
00841,1,51.0,1,Secondaire
00841,2,62.0,2,Aucun
00841,3,66.0,1,Primaire
00841,4,69.0,1,Aucun
00841,5,40.0,2,Primaire
00842,1,,1,Aucun
00842,2,5.0,1,Aucun
00842,3,44.0,2,Aucun
00842,4,7.0,1,Primaire
00842,5,47.0,1,Aucun
00843,1,53.0,1,Primaire
00843,2,63.0,1,Primaire
00843,3,36.0,2,Secondaire
00843,4,31.0,1,Secondaire
00843,5,32.0,2,Primaire
00843,6,43.0,2,Primaire
00843,7,33.0,1,Aucun
00843,8,69.0,2,Aucun
00844,1,40.0,1,Secondaire
00844,2,71.0,1,Secondaire
00844,3,,2,Aucun
00844,4,38.0,1,Aucun
00844,5,6.0,2,Primaire
00845,1,39.0,1,Superieur
00845,2,24.0,2,Secondaire
00845,3,11.0,1,Secondaire
00845,4,74.0,2,Secondaire
00845,5,32.0,1,Primaire
00846,1,44.0,2,Aucun
00846,2,73.0,1,Aucun
00846,3,10.0,1,Secondaire
00846,4,26.0,2,Primaire
00846,5,38.0,1,Aucun
00846,6,61.0,2,Primaire
00846,7,26.0,2,
00846,8,49.0,2,Primaire
00846,9,64.0,2,Primaire
00847,1,57.0,1,Aucun
00847,2,45.0,1,Primaire
00847,3,26.0,1,Secondaire
00847,4,,1,Aucun
00847,5,23.0,1,Primaire
00847,6,67.0,1,Aucun
00848,1,47.0,1,Primaire
00848,2,22.0,1,Aucun
00848,3,13.0,1,Secondaire
00849,1,44.0,1,Primaire
00849,2,26.0,1,Aucun
00849,3,64.0,1,Superieur
00849,4,4.0,1,
00849,5,25.0,1,Secondaire
00849,6,1.0,1,Aucun
00849,7,21.0,1,Primaire
00849,8,45.0,1,Secondaire
00849,9,1.0,1,Aucun
00850,1,58.0,1,Primaire
00850,2,16.0,1,Aucun
00850,3,8.0,1,Primaire
00850,4,41.0,2,
00850,5,31.0,2,Primaire
00850,6,68.0,1,
00851,1,32.0,1,Primaire
00851,2,1.0,1,Aucun
00851,3,40.0,2,Secondaire
00851,4,42.0,1,Secondaire
00851,5,10.0,1,Secondaire
00851,6,12.0,1,Superieur
00851,7,3.0,1,
00851,8,36.0,1,Aucun
00851,9,17.0,2,Primaire
00851,10,53.0,2,Primaire
00852,1,54.0,1,Aucun
00852,2,57.0,2,Primaire
00852,3,56.0,1,Primaire
00852,4,31.0,1,Primaire
00852,5,41.0,1,Secondaire
00852,6,33.0,1,Primaire
00852,7,55.0,1,
00852,8,70.0,2,Aucun
00853,1,54.0,1,Secondaire
00853,2,22.0,2,Primaire
00853,3,73.0,2,Secondaire
00853,4,12.0,2,Primaire
00853,5,64.0,2,Primaire
00853,6,73.0,2,Primaire
00853,7,15.0,2,Primaire
00853,8,68.0,2,Primaire
00853,9,11.0,1,Secondaire
00853,10,19.0,2,Aucun
00854,1,20.0,1,Aucun
00854,2,29.0,1,Secondaire
00854,3,42.0,2,Aucun
00854,4,20.0,2,Aucun
00854,5,71.0,1,Aucun
00854,6,4.0,1,Aucun
00854,7,16.0,1,Primaire
00854,8,35.0,1,Aucun
00854,9,74.0,2,Aucun
00854,10,41.0,1,Superieur
00854,11,56.0,2,Aucun
00854,12,21.0,1,Secondaire
00854,13,5.0,2,Aucun
00854,14,72.0,2,Aucun
00855,1,44.0,1,Aucun
00855,2,26.0,2,Aucun
00855,3,70.0,1,Primaire
00855,4,30.0,2,
00855,5,50.0,2,Aucun
00855,6,60.0,2,Secondaire
00855,7,34.0,2,Primaire
00855,8,65.0,2,Secondaire
00856,1,30.0,1,Aucun
00856,2,13.0,2,Aucun
00856,3,33.0,1,Aucun
00856,4,7.0,1,Secondaire
00856,5,53.0,2,Secondaire
00856,6,12.0,1,Aucun
00856,7,71.0,2,Secondaire
00856,8,3.0,2,Aucun
00856,9,49.0,1,Primaire
00856,10,3.0,2,Aucun
00856,11,46.0,1,Primaire
00856,12,14.0,2,Primaire
00857,1,39.0,1,Superieur
00857,2,52.0,2,Aucun
00858,1,36.0,1,Primaire
00858,2,54.0,2,Aucun
00858,3,50.0,2,Aucun
00858,4,26.0,2,Primaire
00858,5,,2,Primaire
00858,6,46.0,2,Aucun
00858,7,6.0,1,Primaire
00858,8,68.0,2,Secondaire
00858,9,60.0,2,Primaire
00859,1,62.0,1,Secondaire
00859,2,11.0,2,Aucun
00859,3,11.0,1,Primaire
00859,4,42.0,2,Secondaire
00859,5,0.0,1,
00859,6,12.0,2,Primaire
00859,7,67.0,1,Aucun
00860,1,53.0,1,Aucun
00860,2,29.0,1,Aucun
00860,3,30.0,1,Primaire
00860,4,69.0,2,Secondaire
00860,5,57.0,2,Aucun
00860,6,45.0,1,Primaire
00860,7,46.0,2,Secondaire
00860,8,,1,Superieur
00860,9,19.0,2,Secondaire
00861,1,38.0,1,Primaire
00861,2,49.0,1,Primaire
00861,3,71.0,1,Aucun
00861,4,64.0,1,Primaire
00861,5,,2,Primaire
00862,1,20.0,1,Aucun
00862,2,3.0,1,Aucun
00862,3,65.0,2,Primaire
00862,4,74.0,1,Primaire
00863,1,43.0,1,Primaire
00863,2,49.0,1,Secondaire
00863,3,27.0,1,Primaire
00864,1,38.0,1,Aucun
00865,1,58.0,1,Aucun
00865,2,3.0,1,Aucun
00865,3,32.0,1,Primaire
00865,4,28.0,2,Primaire
00865,5,38.0,2,Secondaire
00865,6,28.0,2,Primaire
00865,7,41.0,1,Aucun
00865,8,52.0,2,Secondaire
00865,9,52.0,1,Primaire
00865,10,40.0,2,Aucun
00865,11,1.0,2,Aucun
00865,12,40.0,1,Primaire
00865,13,46.0,1,Aucun
00866,1,33.0,2,Primaire
00866,2,2.0,1,Aucun
00867,1,59.0,1,Primaire
00867,2,7.0,2,Secondaire
00867,3,74.0,2,Primaire
00867,4,72.0,1,Primaire
00867,5,36.0,1,Primaire
00867,6,46.0,2,Aucun
00868,1,29.0,1,Primaire
00868,2,60.0,2,Aucun
00868,3,64.0,2,Aucun
00868,4,63.0,2,Aucun
00868,5,1.0,1,Aucun
00868,6,55.0,2,Superieur
00868,7,3.0,1,Aucun
00868,8,49.0,1,Primaire
00868,9,35.0,2,Secondaire
00869,1,58.0,1,Primaire
00869,2,47.0,1,Secondaire
00869,3,7.0,2,Aucun
00869,4,65.0,2,Aucun
00869,5,25.0,2,Primaire
00869,6,74.0,2,Primaire
00869,7,3.0,1,Aucun
00870,1,58.0,1,Primaire
00870,2,40.0,1,Superieur
00870,3,38.0,1,Primaire
00870,4,9.0,2,
00870,5,7.0,1,Aucun
00871,1,36.0,2,Primaire
00871,2,45.0,1,Aucun
00871,3,41.0,2,Secondaire
00871,4,40.0,1,Secondaire
00871,5,66.0,2,Secondaire
00871,6,33.0,2,Secondaire
00871,7,11.0,2,Primaire
00871,8,10.0,2,Superieur
00871,9,54.0,2,Aucun
00871,10,31.0,1,Primaire
00871,11,42.0,1,Secondaire
00871,12,1.0,1,
00872,1,41.0,1,Superieur
00872,2,45.0,1,Secondaire
00872,3,70.0,2,Primaire
00872,4,5.0,2,Aucun
00872,5,43.0,2,Aucun
00872,6,58.0,1,Secondaire
00872,7,,2,Aucun
00872,8,37.0,1,Primaire
00873,1,32.0,2,Primaire
00873,2,35.0,1,Primaire
00873,3,31.0,2,
00873,4,3.0,2,Aucun
00873,5,46.0,2,Aucun
00873,6,70.0,1,Primaire
00874,1,45.0,2,Primaire
00874,2,9.0,2,Secondaire
00874,3,,2,Aucun
00874,4,24.0,2,Aucun
00874,5,2.0,2,Aucun
00874,6,21.0,1,Primaire
00874,7,70.0,1,Secondaire
00875,1,46.0,1,Secondaire
00875,2,0.0,1,Aucun
00875,3,43.0,1,Primaire
00875,4,2.0,2,Aucun
00875,5,51.0,1,Secondaire
00875,6,44.0,2,Primaire
00876,1,43.0,1,Aucun
00876,2,6.0,1,Primaire
00876,3,51.0,2,Primaire
00876,4,16.0,2,Secondaire
00876,5,21.0,1,
00877,1,40.0,1,Primaire
00877,2,46.0,1,Aucun
00877,3,70.0,2,Primaire
00877,4,46.0,2,Secondaire
00877,5,56.0,1,Superieur
00877,6,11.0,1,Primaire
00877,7,61.0,1,
00877,8,38.0,2,Primaire
00877,9,3.0,1,Aucun
00877,10,60.0,2,Aucun
00878,1,49.0,1,Secondaire
00878,2,0.0,2,Aucun
00878,3,48.0,1,Secondaire
00878,4,70.0,2,Secondaire
00878,5,45.0,1,Aucun
00878,6,0.0,1,
00879,1,52.0,2,Primaire
00879,2,32.0,1,Primaire
00879,3,21.0,2,Aucun
00879,4,48.0,1,Aucun
00879,5,2.0,2,Aucun
00880,1,29.0,2,Aucun
00880,2,41.0,2,Primaire
00880,3,70.0,2,Primaire
00881,1,36.0,1,Primaire
00881,2,5.0,2,Aucun
00881,3,2.0,2,Aucun
00881,4,57.0,2,Aucun
00881,5,56.0,1,Aucun
00881,6,15.0,2,Primaire
00881,7,21.0,1,Aucun
00881,8,67.0,2,Primaire
00881,9,56.0,2,Secondaire
00881,10,11.0,2,Aucun
00881,11,53.0,1,Secondaire
00881,12,8.0,2,Superieur
00882,1,29.0,1,Aucun
00882,2,65.0,1,Primaire
00882,3,55.0,1,Primaire
00883,1,35.0,1,Aucun
00883,2,44.0,1,Aucun
00883,3,29.0,2,Primaire
00883,4,26.0,2,Secondaire
00883,5,23.0,1,Aucun
00883,6,12.0,2,Aucun
00883,7,67.0,1,Secondaire
00883,8,44.0,2,Primaire
00883,9,11.0,1,Secondaire
00883,10,10.0,2,Aucun
00884,1,51.0,1,Primaire
00884,2,14.0,2,Primaire
00884,3,57.0,1,Primaire
00885,1,53.0,1,Aucun
00885,2,60.0,1,
00885,3,24.0,1,Aucun
00885,4,5.0,2,Aucun
00885,5,6.0,1,Aucun
00885,6,6.0,1,Primaire
00885,7,41.0,1,Aucun
00885,8,71.0,1,Aucun
00885,9,42.0,2,Primaire
00885,10,31.0,1,Secondaire
00885,11,32.0,1,Primaire
00886,1,72.0,2,Aucun
00886,2,25.0,2,Aucun
00886,3,1.0,2,Aucun
00886,4,10.0,2,Aucun
00886,5,56.0,2,
00886,6,53.0,1,Primaire
00887,1,48.0,2,Secondaire
00887,2,21.0,1,Aucun
00887,3,39.0,1,Primaire
00887,4,65.0,2,Secondaire
00887,5,41.0,1,Primaire
00887,6,73.0,2,Primaire
00888,1,45.0,1,
00888,2,43.0,1,Secondaire
00888,3,48.0,1,Aucun
00888,4,9.0,2,Superieur
00888,5,53.0,2,Aucun
00888,6,28.0,1,Secondaire
00888,7,21.0,2,Secondaire
00888,8,21.0,1,Primaire
00889,1,33.0,1,
00889,2,10.0,2,Aucun
00889,3,50.0,1,Primaire
00889,4,15.0,1,Primaire
00889,5,14.0,2,Aucun
00889,6,2.0,1,Aucun
00889,7,12.0,1,Aucun
00889,8,10.0,1,Aucun
00890,1,24.0,1,Aucun
00890,2,53.0,1,Secondaire
00890,3,18.0,1,Primaire
00890,4,45.0,1,Primaire
00890,5,65.0,1,Aucun
00890,6,24.0,1,Aucun
00890,7,27.0,1,Primaire
00890,8,56.0,1,Aucun
00891,1,42.0,2,Aucun
00891,2,15.0,1,Aucun
00891,3,57.0,2,Secondaire
00891,4,42.0,2,Aucun
00891,5,71.0,2,Secondaire
00891,6,13.0,1,Primaire
00891,7,66.0,1,Aucun
00892,1,30.0,2,Aucun
00892,2,58.0,1,Aucun
00892,3,21.0,2,Aucun
00892,4,0.0,2,Aucun
00892,5,53.0,2,Primaire
00892,6,15.0,1,Secondaire
00892,7,51.0,2,Aucun
00893,1,40.0,1,Secondaire
00893,2,3.0,1,Aucun
00893,3,64.0,1,
00893,4,70.0,2,Primaire
00893,5,37.0,2,Aucun
00893,6,,2,Secondaire
00893,7,63.0,2,
00893,8,40.0,2,Secondaire
00893,9,17.0,2,Primaire
00893,10,8.0,2,Aucun
00893,11,39.0,2,Aucun
00893,12,35.0,1,Secondaire
00894,1,40.0,1,Aucun
00894,2,11.0,2,Aucun
00894,3,6.0,1,Secondaire
00894,4,9.0,1,Aucun
00894,5,45.0,2,Primaire
00894,6,27.0,1,Aucun
00894,7,31.0,1,Secondaire
00895,1,44.0,1,Secondaire
00895,2,37.0,1,Primaire
00895,3,63.0,2,Primaire
00895,4,66.0,1,Superieur
00895,5,54.0,2,Primaire
00895,6,21.0,2,Primaire
00896,1,29.0,1,Superieur
00896,2,28.0,1,Aucun
00896,3,29.0,1,Primaire
00897,1,64.0,1,
00897,2,48.0,1,Primaire
00897,3,68.0,1,Superieur
00897,4,7.0,1,Aucun
00897,5,40.0,2,Superieur
00898,1,29.0,1,Aucun
00898,2,60.0,2,Primaire
00898,3,27.0,2,Primaire
00898,4,2.0,1,Aucun
00898,5,30.0,2,Primaire
00898,6,8.0,2,Secondaire
00899,1,51.0,1,Secondaire
00899,2,48.0,1,Primaire
00899,3,25.0,2,Aucun
00900,1,,1,Aucun
00900,2,21.0,1,Secondaire
00900,3,15.0,2,Secondaire
00900,4,61.0,1,Primaire
00900,5,60.0,1,Secondaire
00900,6,57.0,2,Primaire
00900,7,6.0,1,Secondaire
00900,8,9.0,1,Aucun
00900,9,5.0,1,Aucun
00900,10,10.0,1,Secondaire
00901,1,,1,Superieur
00901,2,47.0,2,Aucun
00901,3,25.0,2,Aucun
00901,4,13.0,1,Superieur
00901,5,5.0,2,Aucun
00901,6,46.0,2,Aucun
00902,1,45.0,2,Aucun
00902,2,12.0,1,Aucun
00902,3,23.0,2,Aucun
00902,4,74.0,1,Aucun
00902,5,3.0,2,Aucun
00902,6,46.0,2,Aucun
00903,1,43.0,1,Aucun
00903,2,2.0,2,
00903,3,7.0,2,Aucun
00903,4,56.0,2,Primaire
00903,5,59.0,1,Aucun
00903,6,19.0,1,Aucun
00903,7,17.0,2,Primaire
00903,8,2.0,1,Aucun
00904,1,61.0,2,Aucun
00904,2,45.0,2,Primaire
00904,3,54.0,1,Aucun
00904,4,8.0,2,Aucun
00904,5,31.0,2,Secondaire
00904,6,73.0,2,Aucun
00904,7,30.0,1,Aucun
00905,1,50.0,1,Aucun
00905,2,43.0,2,Secondaire
00905,3,10.0,1,
00905,4,10.0,1,Primaire
00905,5,63.0,2,Superieur
00905,6,31.0,1,
00905,7,20.0,2,Primaire
00905,8,0.0,2,Aucun
00905,9,16.0,1,Primaire
00905,10,,2,Primaire
00906,1,60.0,2,Aucun
00906,2,33.0,1,Aucun
00907,1,36.0,1,Aucun
00907,2,47.0,2,Primaire
00907,3,3.0,1,Aucun
00907,4,66.0,2,Aucun
00907,5,,1,
00907,6,15.0,2,Primaire
00907,7,22.0,1,Aucun
00907,8,48.0,2,Secondaire
00907,9,61.0,1,Primaire
00907,10,17.0,2,Primaire
00908,1,55.0,2,Primaire
00908,2,51.0,1,Secondaire
00908,3,38.0,2,Primaire
00908,4,41.0,2,Aucun
00908,5,70.0,2,Secondaire
00909,1,49.0,2,Primaire
00909,2,15.0,1,Aucun
00909,3,21.0,1,Aucun
00909,4,39.0,2,Primaire
00909,5,41.0,1,Secondaire
00910,1,35.0,2,Aucun
00910,2,10.0,2,Aucun
00910,3,72.0,2,Primaire
00910,4,3.0,2,
00910,5,21.0,1,Aucun
00910,6,24.0,2,Primaire
00910,7,55.0,2,Primaire
00911,1,57.0,1,Secondaire
00911,2,72.0,1,Primaire
00911,3,19.0,1,Secondaire
00911,4,7.0,1,Secondaire
00911,5,34.0,1,Aucun
00911,6,48.0,1,Aucun
00911,7,51.0,2,Primaire
00911,8,66.0,2,Primaire
00911,9,52.0,1,Aucun
00911,10,45.0,1,Primaire
00912,1,59.0,1,Primaire
00912,2,46.0,1,Primaire
00912,3,41.0,2,Aucun
00912,4,42.0,2,Primaire
00913,1,51.0,1,Primaire
00913,2,70.0,2,Primaire
00913,3,11.0,2,Superieur
00913,4,4.0,1,Aucun
00913,5,0.0,1,Aucun
00913,6,64.0,2,Secondaire
00913,7,5.0,1,Aucun
00914,1,35.0,1,Aucun
00914,2,70.0,2,Aucun
00914,3,25.0,2,Secondaire
00915,1,49.0,1,Primaire
00915,2,45.0,1,Primaire
00915,3,42.0,2,Aucun
00915,4,7.0,1,Aucun
00915,5,33.0,1,Primaire
00915,6,68.0,1,Primaire
00916,1,20.0,1,Primaire
00916,2,11.0,1,Aucun
00916,3,26.0,1,Secondaire
00916,4,16.0,2,Aucun
00916,5,41.0,2,Secondaire
00916,6,46.0,1,Secondaire
00916,7,15.0,2,Secondaire
00916,8,43.0,2,Aucun
00917,1,43.0,1,Primaire
00917,2,74.0,1,Primaire
00917,3,24.0,1,Aucun
00917,4,53.0,1,Aucun
00917,5,2.0,1,Aucun
00918,1,43.0,2,Aucun
00918,2,24.0,2,Secondaire
00918,3,72.0,1,Primaire
00918,4,65.0,2,Primaire
00919,1,59.0,1,Aucun
00919,2,13.0,1,Aucun
00919,3,70.0,2,Aucun
00920,1,43.0,1,Primaire
00920,2,29.0,1,Secondaire
00920,3,44.0,2,Secondaire
00920,4,38.0,2,Primaire
00920,5,73.0,1,Secondaire
00921,1,49.0,2,Primaire
00921,2,13.0,1,Superieur
00921,3,9.0,2,Aucun
00921,4,,1,Secondaire
00921,5,72.0,1,Primaire
00921,6,12.0,2,Primaire
00922,1,26.0,1,Primaire
00922,2,33.0,2,Aucun
00922,3,11.0,2,Aucun
00922,4,23.0,1,Aucun
00923,1,45.0,2,Primaire
00923,2,5.0,2,Aucun
00923,3,32.0,1,Primaire
00923,4,9.0,2,Aucun
00923,5,46.0,2,Aucun
00923,6,16.0,2,Secondaire
00924,1,47.0,2,Aucun
00924,2,53.0,2,Primaire
00924,3,56.0,2,Primaire
00924,4,46.0,1,Superieur
00924,5,11.0,1,
00925,1,20.0,1,Aucun
00925,2,32.0,1,Aucun
00925,3,30.0,2,Superieur
00925,4,52.0,1,Secondaire
00926,1,37.0,1,Secondaire
00926,2,50.0,1,Aucun
00926,3,2.0,2,Aucun
00926,4,41.0,1,Secondaire
00926,5,5.0,1,Aucun
00926,6,61.0,1,Aucun
00926,7,12.0,2,Primaire
00927,1,61.0,2,Secondaire
00927,2,61.0,1,Aucun
00927,3,11.0,2,Primaire
00927,4,10.0,2,
00927,5,18.0,1,Aucun
00927,6,15.0,1,Aucun
00928,1,61.0,1,Aucun
00928,2,60.0,2,Aucun
00928,3,44.0,2,Aucun
00928,4,60.0,2,Aucun
00929,1,42.0,1,Primaire
00929,2,45.0,2,Secondaire
00929,3,20.0,2,Aucun
00930,1,48.0,1,Aucun
00930,2,73.0,2,Aucun
00930,3,73.0,1,Aucun
00930,4,72.0,2,Primaire
00930,5,72.0,2,
00930,6,2.0,2,Aucun
00930,7,58.0,2,Secondaire
00931,1,30.0,1,Primaire
00931,2,52.0,1,Primaire
00931,3,44.0,2,Aucun
00931,4,39.0,2,Aucun
00932,1,66.0,1,Aucun
00932,2,44.0,1,Secondaire
00932,3,57.0,1,Aucun
00932,4,2.0,2,Aucun
00932,5,55.0,2,Aucun
00932,6,26.0,2,Primaire
00932,7,60.0,2,Primaire
00932,8,4.0,2,Aucun
00932,9,49.0,2,Primaire
00932,10,58.0,2,Aucun
00932,11,18.0,1,Aucun
00932,12,53.0,1,Superieur
00933,1,33.0,1,
00933,2,34.0,2,Primaire
00933,3,49.0,2,Primaire
00933,4,1.0,1,Aucun
00934,1,20.0,1,Aucun
00934,2,40.0,2,
00934,3,48.0,1,Aucun
00935,1,,2,Primaire
00935,2,66.0,1,Aucun
00935,3,45.0,1,Primaire
00935,4,15.0,2,Aucun
00935,5,31.0,2,Aucun
00935,6,18.0,2,Aucun
00936,1,20.0,1,Secondaire
00936,2,54.0,1,Primaire
00936,3,3.0,2,Aucun
00936,4,38.0,1,Primaire
00936,5,,2,Superieur
00936,6,22.0,2,
00936,7,61.0,2,Aucun
00937,1,38.0,1,Secondaire
00937,2,63.0,2,Primaire
00937,3,32.0,2,Aucun
00938,1,,1,Aucun
00938,2,39.0,2,
00938,3,69.0,2,Primaire
00939,1,54.0,1,Secondaire
00939,2,,2,
00939,3,46.0,2,Secondaire
00939,4,65.0,2,Secondaire
00939,5,49.0,2,Aucun
00940,1,42.0,1,Aucun
00940,2,5.0,2,Aucun
00940,3,41.0,1,Primaire
00940,4,15.0,2,Secondaire
00940,5,17.0,2,Secondaire
00940,6,32.0,2,Secondaire
00941,1,30.0,1,Primaire
00941,2,4.0,1,Aucun
00941,3,49.0,1,Primaire
00941,4,64.0,2,Aucun
00942,1,27.0,1,Aucun
00942,2,17.0,2,Primaire
00943,1,34.0,1,Aucun
00943,2,11.0,1,Aucun
00943,3,68.0,2,Aucun
00943,4,53.0,2,Primaire
00943,5,5.0,1,Aucun
00943,6,7.0,1,Secondaire
00944,1,29.0,1,Secondaire
00944,2,57.0,2,Secondaire
00944,3,72.0,2,Primaire
00944,4,9.0,1,
00945,1,46.0,1,Aucun
00945,2,65.0,2,Aucun
00945,3,37.0,2,Aucun
00945,4,44.0,2,Aucun
00945,5,53.0,1,Aucun
00945,6,33.0,1,Primaire
00945,7,38.0,1,Primaire
00945,8,8.0,1,Secondaire
00946,1,48.0,1,Secondaire
00946,2,6.0,2,Primaire
00946,3,51.0,1,Superieur
00946,4,,1,Superieur
00947,1,46.0,2,Primaire
00947,2,32.0,2,Secondaire
00947,3,42.0,1,Aucun
00948,1,53.0,1,Primaire
00948,2,41.0,2,Secondaire
00948,3,3.0,1,Aucun
00948,4,29.0,1,Aucun
00949,1,50.0,1,Aucun
00949,2,40.0,1,Secondaire
00949,3,43.0,1,Primaire
00949,4,49.0,1,Aucun
00950,1,59.0,2,Primaire
00950,2,34.0,1,Primaire
00950,3,64.0,2,Secondaire
00950,4,4.0,2,Aucun
00950,5,,1,Primaire
00951,1,47.0,2,Superieur
00951,2,62.0,1,Primaire
00952,1,58.0,1,Aucun
00952,2,54.0,2,Aucun
00952,3,50.0,1,
00952,4,11.0,1,Aucun
00953,1,22.0,1,Primaire
00953,2,71.0,1,Secondaire
00953,3,69.0,2,Primaire
00953,4,31.0,1,Primaire
00954,1,45.0,2,Aucun
00954,2,47.0,2,Aucun
00954,3,65.0,2,Secondaire
00954,4,7.0,1,Primaire
00954,5,63.0,1,Aucun
00955,1,46.0,1,Aucun
00955,2,0.0,2,Aucun
00955,3,45.0,1,
00955,4,14.0,2,Primaire
00955,5,57.0,2,
00955,6,51.0,1,
00955,7,8.0,2,Aucun
00955,8,9.0,1,Aucun
00955,9,54.0,2,Secondaire
00955,10,13.0,2,Aucun
00955,11,67.0,1,Aucun
00956,1,32.0,1,Primaire
00956,2,28.0,1,Primaire
00956,3,33.0,2,Secondaire
00956,4,70.0,2,Aucun
00956,5,52.0,1,Aucun
00956,6,55.0,1,Aucun
00956,7,11.0,1,Secondaire
00956,8,74.0,1,Primaire
00956,9,,2,Aucun
00956,10,56.0,1,Primaire
00956,11,45.0,2,Primaire
00956,12,38.0,1,Aucun
00957,1,34.0,1,Primaire
00957,2,18.0,1,Aucun
00957,3,74.0,1,Primaire
00957,4,43.0,2,Aucun
00957,5,42.0,1,Secondaire
00957,6,60.0,2,Primaire
00957,7,56.0,2,Primaire
00957,8,45.0,2,Aucun
00958,1,31.0,2,Primaire
00958,2,69.0,2,Secondaire
00958,3,53.0,2,Primaire
00958,4,40.0,1,Aucun
00958,5,54.0,2,Primaire
00959,1,,1,Aucun
00959,2,64.0,1,Secondaire
00959,3,68.0,2,Aucun
00959,4,34.0,2,Secondaire
00959,5,4.0,1,Aucun
00959,6,35.0,2,Primaire
00959,7,64.0,1,Secondaire
00960,1,67.0,1,Superieur
00960,2,18.0,2,Aucun
00960,3,11.0,2,Primaire
00961,1,42.0,1,Secondaire
00961,2,37.0,2,Aucun
00961,3,1.0,2,Aucun
00961,4,61.0,1,Secondaire
00961,5,69.0,2,Secondaire
00962,1,40.0,1,Aucun
00962,2,42.0,1,Aucun
00962,3,20.0,1,Aucun
00962,4,38.0,1,Primaire
00962,5,39.0,2,Primaire
00962,6,51.0,2,Aucun
00963,1,47.0,1,Superieur
00963,2,21.0,1,Aucun
00963,3,41.0,1,Superieur
00963,4,63.0,2,Primaire
00963,5,5.0,1,Aucun
00963,6,40.0,2,Aucun
00963,7,55.0,1,Primaire
00963,8,16.0,2,Secondaire
00963,9,72.0,1,Aucun
00963,10,71.0,2,Superieur
00963,11,74.0,1,Secondaire
00964,1,41.0,1,Secondaire
00964,2,56.0,2,Primaire
00964,3,47.0,1,Secondaire
00964,4,43.0,2,Aucun
00964,5,15.0,2,Aucun
00965,1,49.0,1,Secondaire
00965,2,31.0,2,Aucun
00965,3,59.0,2,Secondaire
00965,4,35.0,1,Secondaire
00965,5,26.0,2,Secondaire
00966,1,41.0,1,Aucun
00966,2,,1,Aucun
00966,3,53.0,2,Secondaire
00966,4,33.0,2,Secondaire
00966,5,,2,Secondaire
00966,6,1.0,1,Aucun
00966,7,15.0,1,Aucun
00967,1,39.0,1,Aucun
00967,2,,1,Primaire
00967,3,13.0,2,Aucun
00967,4,30.0,1,Aucun
00967,5,61.0,1,Aucun
00967,6,48.0,2,Primaire
00967,7,72.0,1,Primaire
00967,8,40.0,1,Secondaire
00968,1,23.0,1,Secondaire
00968,2,39.0,1,Aucun
00968,3,71.0,2,Aucun
00968,4,15.0,2,Primaire
00968,5,51.0,2,Primaire
00968,6,49.0,2,Primaire
00969,1,43.0,1,Aucun
00969,2,34.0,1,Secondaire
00969,3,44.0,1,Aucun
00969,4,63.0,1,Aucun
00969,5,54.0,1,Aucun
00969,6,71.0,2,Secondaire
00969,7,37.0,1,Aucun
00969,8,6.0,2,Aucun
00969,9,51.0,1,Secondaire
00970,1,50.0,1,Primaire
00970,2,22.0,1,Secondaire
00970,3,59.0,1,Secondaire
00970,4,36.0,2,Primaire
00970,5,52.0,2,Aucun
00971,1,26.0,1,Aucun
00971,2,14.0,2,Aucun
00971,3,61.0,2,Aucun
00972,1,38.0,1,Aucun
00972,2,42.0,1,Secondaire
00972,3,72.0,2,Secondaire
00972,4,71.0,2,Aucun
00972,5,40.0,1,Primaire
00972,6,48.0,2,Primaire
00973,1,34.0,1,Aucun
00973,2,24.0,1,Aucun
00973,3,2.0,1,Aucun
00974,1,36.0,1,Primaire
00974,2,27.0,2,Secondaire
00974,3,60.0,1,Superieur
00974,4,60.0,1,Secondaire
00974,5,61.0,2,Primaire
00974,6,21.0,1,Aucun
00974,7,15.0,2,Secondaire
00975,1,,1,Aucun
00975,2,34.0,2,Primaire
00975,3,67.0,1,Aucun
00975,4,27.0,1,Primaire
00975,5,5.0,1,Aucun
00976,1,55.0,2,Aucun
00976,2,25.0,1,Secondaire
00976,3,,2,Primaire
00976,4,17.0,2,Aucun
00976,5,50.0,1,Aucun
00976,6,64.0,2,Aucun
00977,1,54.0,1,Aucun
00977,2,29.0,2,Aucun
00977,3,58.0,2,Aucun
00977,4,28.0,2,Aucun
00977,5,9.0,2,Primaire
00977,6,69.0,2,Secondaire
00978,1,60.0,1,Aucun
00978,2,72.0,1,Primaire
00978,3,46.0,2,Secondaire
00978,4,14.0,2,Aucun
00978,5,,1,Aucun
00979,1,39.0,1,Primaire
00979,2,25.0,2,Aucun
00979,3,32.0,1,Primaire
00980,1,57.0,1,Aucun
00980,2,38.0,2,Aucun
00980,3,41.0,1,Primaire
00980,4,1.0,2,Aucun
00980,5,10.0,1,Primaire
00980,6,4.0,2,Aucun
00981,1,46.0,1,Primaire
00981,2,4.0,2,Aucun
00981,3,27.0,2,Aucun
00981,4,14.0,1,Secondaire
00981,5,6.0,1,Primaire
00981,6,22.0,1,Primaire
00981,7,28.0,1,Primaire
00981,8,31.0,1,Aucun
00981,9,47.0,1,Aucun
00981,10,11.0,2,Aucun
00982,1,31.0,2,Aucun
00982,2,26.0,2,Primaire
00982,3,7.0,1,Primaire
00982,4,7.0,2,Primaire
00982,5,22.0,2,Primaire
00982,6,58.0,1,Primaire
00982,7,70.0,1,Primaire
00983,1,48.0,1,Aucun
00983,2,27.0,1,Secondaire
00983,3,51.0,1,Secondaire
00983,4,62.0,1,Primaire
00983,5,63.0,1,Aucun
00983,6,70.0,2,Secondaire
00983,7,15.0,2,Superieur
00983,8,22.0,2,
00983,9,73.0,2,Primaire
00984,1,34.0,1,Aucun
00984,2,66.0,2,Aucun
00984,3,55.0,1,Secondaire
00984,4,34.0,1,Secondaire
00984,5,,1,Aucun
00984,6,14.0,1,Primaire
00985,1,46.0,1,Secondaire
00985,2,61.0,2,Secondaire
00985,3,1.0,2,Aucun
00985,4,54.0,2,Aucun
00985,5,73.0,1,Aucun
00985,6,23.0,1,Primaire
00985,7,67.0,1,Secondaire
00985,8,41.0,2,Secondaire
00986,1,35.0,1,Primaire
00986,2,11.0,1,Primaire
00986,3,13.0,2,Primaire
00986,4,42.0,2,Aucun
00987,1,37.0,1,Primaire
00987,2,41.0,2,Primaire
00987,3,54.0,1,Aucun
00987,4,53.0,2,Aucun
00987,5,23.0,1,Primaire
00987,6,6.0,1,
00987,7,41.0,1,
00987,8,57.0,1,Secondaire
00987,9,66.0,1,Primaire
00988,1,38.0,1,Aucun
00988,2,53.0,2,Aucun
00988,3,4.0,1,Aucun
00988,4,70.0,2,Primaire
00988,5,10.0,2,Aucun
00989,1,49.0,2,
00989,2,34.0,2,Primaire
00989,3,44.0,2,Primaire
00989,4,66.0,1,Secondaire
00989,5,30.0,2,Secondaire
00990,1,40.0,1,Primaire
00990,2,16.0,2,Aucun
00990,3,18.0,1,Aucun
00991,1,39.0,1,Aucun
00991,2,62.0,1,Aucun
00991,3,33.0,2,Aucun
00991,4,43.0,2,Aucun
00991,5,0.0,2,Aucun
00991,6,4.0,2,Aucun
00992,1,20.0,1,Primaire
00992,2,29.0,1,Aucun
00992,3,60.0,1,Secondaire
00992,4,50.0,1,Secondaire
00992,5,71.0,1,Aucun
00993,1,58.0,1,Secondaire
00993,2,56.0,1,Primaire
00993,3,7.0,2,
00993,4,15.0,1,Secondaire
00993,5,31.0,1,Aucun
00993,6,52.0,1,
00994,1,61.0,1,Aucun
00994,2,39.0,2,Secondaire
00994,3,9.0,2,Secondaire
00995,1,42.0,1,Aucun
00995,2,53.0,1,Primaire
00995,3,22.0,2,Aucun
00995,4,62.0,1,Aucun
00995,5,24.0,1,
00995,6,66.0,2,Superieur
00995,7,72.0,2,Primaire
00995,8,56.0,1,Primaire
00995,9,15.0,2,Aucun
00995,10,15.0,1,Aucun
00995,11,61.0,1,Aucun
00995,12,43.0,1,Primaire
00996,1,39.0,2,Aucun
00996,2,38.0,2,Secondaire
00996,3,43.0,2,Primaire
00996,4,26.0,1,Primaire
00996,5,,1,Secondaire
00996,6,1.0,1,Aucun
00996,7,44.0,1,Primaire
00997,1,46.0,1,Primaire
00997,2,6.0,2,Primaire
00997,3,66.0,2,Primaire
00997,4,20.0,1,Aucun
00997,5,49.0,2,Secondaire
00998,1,37.0,1,Primaire
00998,2,7.0,1,Primaire
00998,3,18.0,1,Primaire
00998,4,40.0,1,Aucun
00999,1,56.0,1,Aucun
00999,2,70.0,2,Primaire
00999,3,74.0,2,Primaire
00999,4,8.0,1,
00999,5,18.0,2,Aucun
00999,6,5.0,1,Aucun
01000,1,64.0,1,Primaire
01000,2,33.0,1,
01000,3,33.0,2,Secondaire
01000,4,23.0,2,Secondaire
01000,5,20.0,2,Aucun
01001,1,51.0,1,Aucun
01001,2,14.0,1,Primaire
01001,3,19.0,1,Aucun
01001,4,69.0,2,
01001,5,70.0,2,Aucun
01001,6,65.0,2,Secondaire
01001,7,60.0,2,Primaire
01002,1,47.0,2,Secondaire
01002,2,43.0,1,Primaire
01002,3,30.0,2,Aucun
01002,4,68.0,1,Primaire
01003,1,38.0,1,Secondaire
01003,2,,2,Aucun
01003,3,31.0,2,Primaire
01003,4,30.0,1,Aucun
01003,5,53.0,2,
01003,6,14.0,1,Primaire
01003,7,59.0,1,Aucun
01003,8,53.0,1,Primaire
01004,1,46.0,1,Primaire
01004,2,18.0,1,Aucun
01004,3,25.0,2,Aucun
01004,4,40.0,2,Aucun
01004,5,57.0,2,Secondaire
01004,6,32.0,2,Aucun
01004,7,21.0,1,
01004,8,61.0,2,Secondaire
01004,9,42.0,1,Secondaire
01004,10,30.0,1,Aucun
01004,11,5.0,2,Aucun
01004,12,62.0,2,Primaire
01004,13,1.0,2,Aucun
01004,14,65.0,1,Secondaire
01005,1,32.0,1,Aucun
01005,2,4.0,1,Aucun
01005,3,31.0,2,Secondaire
01005,4,7.0,1,Aucun
01005,5,50.0,2,Aucun
01005,6,4.0,1,Aucun
01005,7,18.0,1,Primaire
01005,8,43.0,2,Aucun
01005,9,70.0,2,Superieur
01006,1,65.0,1,Aucun
01006,2,21.0,2,Primaire
01006,3,12.0,2,Primaire
01006,4,3.0,1,Aucun
01006,5,42.0,2,Primaire
01007,1,36.0,1,Aucun
01007,2,13.0,2,Superieur
01007,3,43.0,1,Secondaire
01007,4,68.0,2,Primaire
01008,1,54.0,1,Aucun
01008,2,43.0,1,Secondaire
01008,3,55.0,2,Primaire
01008,4,59.0,1,Secondaire
01009,1,38.0,1,Aucun
01009,2,49.0,1,Primaire
01010,1,66.0,1,Aucun
01011,1,38.0,1,Secondaire
01011,2,65.0,1,Secondaire
01011,3,46.0,2,Aucun
01011,4,20.0,1,Aucun
01011,5,14.0,2,Aucun
01011,6,29.0,2,Superieur
01012,1,20.0,1,Aucun
01012,2,13.0,2,Primaire
01012,3,18.0,2,Aucun
01012,4,23.0,2,Aucun
01012,5,62.0,1,Primaire
01012,6,35.0,1,Aucun
01012,7,74.0,1,Aucun
01013,1,29.0,1,Aucun
01013,2,22.0,2,Secondaire
01013,3,52.0,1,Primaire
01013,4,14.0,1,Primaire
01013,5,1.0,1,Aucun
01013,6,33.0,2,Secondaire
01013,7,67.0,2,Aucun
01013,8,40.0,1,Secondaire
01014,1,39.0,1,Aucun
01014,2,48.0,1,
01014,3,11.0,1,Primaire
01014,4,50.0,2,Primaire
01014,5,8.0,2,Primaire
01014,6,6.0,1,Secondaire
01014,7,19.0,1,Aucun
01015,1,54.0,1,Primaire
01015,2,46.0,1,Primaire
01015,3,58.0,1,Aucun
01015,4,53.0,1,Primaire
01015,5,5.0,1,Aucun
01016,1,50.0,1,Aucun
01016,2,38.0,2,
01016,3,61.0,1,Secondaire
01016,4,21.0,1,Primaire
01016,5,46.0,2,Primaire
01016,6,13.0,1,Primaire
01016,7,35.0,1,Primaire
01017,1,50.0,1,Aucun
01017,2,34.0,2,Aucun
01017,3,53.0,2,Primaire
01017,4,40.0,2,
01017,5,2.0,1,Aucun
01018,1,32.0,1,Secondaire
01018,2,,1,Primaire
01018,3,43.0,1,Aucun
01019,1,35.0,1,Aucun
01019,2,15.0,2,Secondaire
01019,3,42.0,2,Aucun
01019,4,74.0,1,Primaire
01019,5,1.0,2,Aucun
01019,6,74.0,1,Aucun
01019,7,54.0,1,Primaire
01019,8,67.0,2,Aucun
01019,9,69.0,2,Primaire
01020,1,34.0,1,Aucun
01020,2,54.0,2,Aucun
01020,3,15.0,1,Secondaire
01020,4,44.0,2,Secondaire
01020,5,61.0,2,Secondaire
01020,6,64.0,1,Aucun
01021,1,40.0,1,Secondaire
01021,2,50.0,1,Secondaire
01022,1,32.0,2,
01022,2,65.0,1,Secondaire
01022,3,61.0,1,Secondaire
01022,4,63.0,1,Aucun
01022,5,43.0,2,Primaire
01022,6,1.0,1,
01022,7,62.0,2,Secondaire
01023,1,50.0,2,
01023,2,0.0,2,
01023,3,70.0,1,Primaire
01023,4,71.0,1,Aucun
01023,5,36.0,2,Primaire
01023,6,40.0,2,Secondaire
01023,7,28.0,2,Secondaire
01023,8,16.0,1,Aucun
01023,9,43.0,2,Aucun
01024,1,58.0,1,Secondaire
01024,2,19.0,1,Aucun
01024,3,58.0,1,Superieur
01024,4,67.0,2,Secondaire
01024,5,36.0,1,Aucun
01024,6,31.0,2,Secondaire
01024,7,37.0,2,Primaire
01024,8,26.0,2,Aucun
01025,1,47.0,1,Aucun
01025,2,23.0,1,Primaire
01025,3,72.0,2,Secondaire
01026,1,33.0,2,Secondaire
01026,2,74.0,1,Primaire
01026,3,,1,Secondaire
01026,4,7.0,1,Primaire
01026,5,,1,Primaire
01027,1,49.0,1,Aucun
01027,2,,1,Aucun
01027,3,43.0,2,Secondaire
01027,4,67.0,1,Primaire
01027,5,17.0,2,
01027,6,20.0,1,Aucun
01027,7,70.0,1,Secondaire
01028,1,37.0,2,Primaire
01028,2,,1,Secondaire
01028,3,54.0,1,Primaire
01028,4,9.0,1,
01028,5,27.0,2,Primaire
01029,1,23.0,1,Aucun
01029,2,17.0,1,Secondaire
01029,3,,2,Secondaire
01029,4,36.0,2,Primaire
01030,1,32.0,1,Superieur
01031,1,40.0,1,Secondaire
01031,2,72.0,2,Secondaire
01031,3,16.0,1,Aucun
01031,4,30.0,1,Secondaire
01031,5,64.0,2,Primaire
01031,6,39.0,1,Primaire
01032,1,33.0,1,Aucun
01032,2,17.0,2,Secondaire
01032,3,9.0,2,Aucun
01032,4,50.0,1,Primaire
01032,5,39.0,2,Secondaire
01033,1,49.0,2,Aucun
01033,2,31.0,1,Secondaire
01033,3,73.0,1,Secondaire
01033,4,16.0,1,Aucun
01033,5,0.0,2,Aucun
01033,6,36.0,1,Primaire
01033,7,47.0,1,Secondaire
01034,1,48.0,1,Primaire
01034,2,6.0,1,Aucun
01034,3,13.0,2,Superieur
01034,4,68.0,1,Aucun
01034,5,28.0,2,Primaire
01034,6,50.0,1,Primaire
01034,7,58.0,2,Primaire
01034,8,47.0,2,Secondaire
01034,9,3.0,2,Aucun
01035,1,35.0,1,
01035,2,3.0,2,Aucun
01035,3,71.0,1,Aucun
01035,4,65.0,1,Secondaire
01035,5,55.0,2,Primaire
01035,6,74.0,2,Secondaire
01035,7,52.0,2,Primaire
01035,8,58.0,1,Aucun
01036,1,46.0,1,Secondaire
01036,2,69.0,2,Aucun
01036,3,17.0,2,Secondaire
01036,4,71.0,1,Secondaire
01036,5,5.0,1,Aucun
01036,6,64.0,1,
01036,7,22.0,1,Primaire
01036,8,23.0,1,Aucun
01036,9,46.0,2,Primaire
01036,10,40.0,2,Aucun
01037,1,54.0,2,Secondaire
01037,2,49.0,1,Aucun
01037,3,50.0,2,Primaire
01037,4,52.0,1,Aucun
01037,5,38.0,1,Secondaire
01038,1,40.0,1,Aucun
01038,2,49.0,2,Secondaire
01038,3,28.0,2,Primaire
01038,4,5.0,2,Aucun
01038,5,2.0,2,Aucun
01038,6,73.0,2,Aucun
01038,7,23.0,1,Aucun
01038,8,49.0,2,Primaire
01039,1,26.0,2,Aucun
01039,2,50.0,2,Secondaire
01039,3,45.0,2,Aucun
01039,4,74.0,2,Aucun
01039,5,34.0,1,Primaire
01040,1,47.0,2,Secondaire
01040,2,15.0,1,Secondaire
01040,3,71.0,2,Aucun
01040,4,48.0,1,Primaire
01041,1,36.0,1,Aucun
01041,2,37.0,1,Secondaire
01041,3,22.0,1,Primaire
01041,4,27.0,2,Primaire
01041,5,55.0,1,Aucun
01041,6,36.0,2,Primaire
01041,7,0.0,1,Aucun
01041,8,8.0,2,Primaire
01042,1,26.0,1,Aucun
01042,2,24.0,1,Secondaire
01042,3,32.0,1,Aucun
01042,4,61.0,2,Primaire
01042,5,68.0,2,Secondaire
01043,1,60.0,1,Aucun
01043,2,40.0,2,Aucun
01043,3,5.0,1,Aucun
01043,4,2.0,1,Aucun
01043,5,47.0,1,Aucun
01043,6,49.0,1,Aucun
01043,7,,1,Primaire
01043,8,,2,Primaire
01043,9,70.0,1,Aucun
01043,10,35.0,1,Superieur
01044,1,47.0,1,Aucun
01044,2,60.0,1,Primaire
01044,3,54.0,1,Secondaire
01044,4,9.0,2,Primaire
01045,1,20.0,2,Primaire
01045,2,9.0,1,Secondaire
01045,3,71.0,1,Aucun
01045,4,56.0,1,Secondaire
01045,5,15.0,2,Primaire
01045,6,72.0,2,Primaire
01045,7,69.0,2,Aucun
01045,8,8.0,2,
01045,9,3.0,2,Aucun
01045,10,43.0,2,Primaire
01045,11,30.0,2,Aucun
01046,1,43.0,2,Primaire
01046,2,30.0,2,Primaire
01046,3,64.0,2,Primaire
01046,4,40.0,2,Aucun
01046,5,22.0,1,Primaire
01046,6,46.0,1,Secondaire
01046,7,65.0,1,Primaire
01046,8,73.0,2,Aucun
01047,1,41.0,1,Aucun
01047,2,36.0,2,Primaire
01047,3,30.0,2,Secondaire
01047,4,30.0,1,Secondaire
01047,5,56.0,1,Primaire
01048,1,47.0,1,
01048,2,38.0,2,Primaire
01048,3,9.0,2,Primaire
01048,4,21.0,1,Aucun
01048,5,32.0,1,Primaire
01048,6,,1,Aucun
01049,1,20.0,2,Primaire
01049,2,67.0,2,Primaire
01049,3,41.0,2,Primaire
01050,1,31.0,1,Aucun
01050,2,74.0,2,Aucun
01050,3,6.0,1,Primaire
01050,4,32.0,1,Secondaire
01050,5,61.0,2,Aucun
01050,6,57.0,2,Primaire
01050,7,13.0,2,Superieur
01050,8,26.0,1,Aucun
01050,9,52.0,2,Primaire
01051,1,36.0,1,Aucun
01051,2,63.0,1,Primaire
01052,1,52.0,1,Primaire
01052,2,,2,Aucun
01052,3,,2,Aucun
01052,4,43.0,1,Primaire
01052,5,63.0,1,Primaire
01052,6,19.0,1,Primaire
01052,7,48.0,2,Secondaire
01052,8,18.0,2,Primaire
01053,1,42.0,1,Primaire
01053,2,20.0,2,Aucun
01053,3,29.0,1,Aucun
01054,1,63.0,1,Aucun
01054,2,73.0,2,Primaire
01054,3,31.0,2,Aucun
01054,4,17.0,2,Aucun
01054,5,67.0,1,Secondaire
01054,6,10.0,2,Primaire
01054,7,37.0,1,Superieur
01055,1,33.0,1,Aucun
01055,2,9.0,1,Primaire
01055,3,12.0,1,Secondaire
01055,4,49.0,2,Aucun
01055,5,0.0,1,Aucun
01055,6,23.0,1,Aucun
01055,7,57.0,2,Primaire
01056,1,34.0,2,Primaire
01056,2,61.0,1,Primaire
01056,3,28.0,2,Primaire
01056,4,28.0,1,Aucun
01056,5,70.0,1,Primaire
01056,6,66.0,1,Primaire
01056,7,65.0,2,Primaire
01057,1,31.0,1,Secondaire
01057,2,0.0,1,Aucun
01057,3,58.0,1,Primaire
01057,4,0.0,1,
01057,5,65.0,1,Aucun
01057,6,72.0,1,Secondaire
01057,7,42.0,2,Aucun
01057,8,47.0,2,Aucun
01058,1,54.0,1,Aucun
01058,2,43.0,1,Secondaire
01058,3,34.0,1,Primaire
01058,4,5.0,2,Aucun
01059,1,44.0,1,Aucun
01059,2,61.0,2,Aucun
01059,3,7.0,2,Primaire
01059,4,38.0,1,Secondaire
01059,5,23.0,1,Aucun
01059,6,30.0,2,Superieur
01059,7,0.0,1,Aucun
01059,8,48.0,1,Aucun
01059,9,47.0,2,Aucun
01059,10,51.0,1,Aucun
01060,1,34.0,1,Aucun
01060,2,31.0,2,Primaire
01060,3,54.0,1,Superieur
01060,4,36.0,2,Primaire
01060,5,37.0,2,Aucun
01060,6,71.0,1,Secondaire
01061,1,49.0,1,Superieur
01061,2,68.0,2,Primaire
01061,3,46.0,2,Primaire
01062,1,33.0,1,Aucun
01062,2,27.0,2,Aucun
01062,3,74.0,1,
01062,4,7.0,1,Superieur
01062,5,45.0,2,Superieur
01062,6,29.0,1,Secondaire
01062,7,72.0,1,Aucun
01062,8,68.0,2,
01062,9,60.0,2,Aucun
01062,10,62.0,1,Primaire
01062,11,6.0,1,Secondaire
01062,12,72.0,1,Aucun
01063,1,47.0,1,Secondaire
01063,2,28.0,2,Primaire
01064,1,30.0,1,Secondaire
01064,2,54.0,1,Aucun
01064,3,21.0,1,
01064,4,7.0,2,Aucun
01064,5,1.0,1,Aucun
01064,6,13.0,1,Primaire
01064,7,64.0,1,Primaire
01064,8,42.0,2,Aucun
01064,9,41.0,2,Aucun
01064,10,8.0,2,Secondaire
01064,11,72.0,1,Aucun
01064,12,28.0,1,Aucun
01065,1,,1,Primaire
01065,2,69.0,2,Primaire
01065,3,15.0,1,
01066,1,56.0,1,Aucun
01066,2,21.0,1,
01066,3,5.0,1,Aucun
01066,4,35.0,1,Aucun
01066,5,74.0,2,Primaire
01066,6,18.0,1,Primaire
01066,7,54.0,2,Aucun
01066,8,31.0,2,Aucun
01066,9,58.0,1,Secondaire
01066,10,10.0,2,Aucun
01067,1,40.0,1,Secondaire
01067,2,30.0,1,Aucun
01067,3,45.0,1,Primaire
01067,4,63.0,1,Aucun
01067,5,44.0,2,Secondaire
01067,6,33.0,1,Primaire
01067,7,49.0,1,
01067,8,10.0,1,Primaire
01067,9,39.0,2,Aucun
01067,10,67.0,1,Aucun
01068,1,32.0,1,Secondaire
01068,2,22.0,2,Aucun
01068,3,69.0,2,Aucun
01068,4,19.0,2,Aucun
01068,5,33.0,2,Superieur
01068,6,22.0,1,Secondaire
01068,7,0.0,1,Aucun
01069,1,36.0,1,Aucun
01069,2,4.0,2,Aucun
01069,3,17.0,2,Primaire
01069,4,60.0,2,Aucun
01069,5,7.0,2,Secondaire
01069,6,32.0,2,Primaire
01069,7,38.0,2,Primaire
01069,8,19.0,1,Aucun
01070,1,61.0,1,Aucun
01070,2,16.0,2,Primaire
01070,3,9.0,1,Secondaire
01070,4,,2,Aucun
01071,1,68.0,1,
01071,2,23.0,2,Primaire
01071,3,11.0,1,Aucun
01071,4,34.0,2,Aucun
01071,5,74.0,2,Aucun
01071,6,23.0,1,Aucun
01071,7,18.0,2,Aucun
01072,1,62.0,1,Aucun
01072,2,23.0,2,Aucun
01072,3,47.0,1,Aucun
01072,4,60.0,1,Primaire
01072,5,11.0,1,Primaire
01072,6,43.0,1,
01072,7,28.0,1,Aucun
01072,8,25.0,1,Secondaire
01073,1,39.0,1,Primaire
01073,2,39.0,2,Aucun
01073,3,40.0,2,Primaire
01074,1,50.0,1,Primaire
01074,2,67.0,1,Aucun
01074,3,44.0,2,Primaire
01074,4,54.0,1,Aucun
01074,5,30.0,2,Primaire
01075,1,33.0,1,Aucun
01075,2,67.0,1,Primaire
01075,3,14.0,1,Superieur
01075,4,20.0,2,Secondaire
01075,5,52.0,1,Secondaire
01075,6,61.0,1,Secondaire
01075,7,45.0,2,Primaire
01076,1,48.0,1,Primaire
01076,2,9.0,1,Primaire
01076,3,4.0,2,Aucun
01076,4,12.0,2,Secondaire
01076,5,10.0,1,Primaire
01076,6,38.0,1,Secondaire
01076,7,15.0,1,Aucun
01077,1,44.0,1,Aucun
01077,2,39.0,1,Primaire
01077,3,70.0,1,Aucun
01077,4,70.0,2,Aucun
01077,5,5.0,1,Aucun
01077,6,50.0,2,Primaire
01077,7,26.0,2,Secondaire
01077,8,41.0,2,Secondaire
01078,1,51.0,1,Aucun
01078,2,3.0,1,Aucun
01078,3,26.0,1,Aucun
01078,4,38.0,2,Primaire
01078,5,52.0,1,Aucun
01079,1,41.0,1,Aucun
01079,2,35.0,1,Primaire
01079,3,29.0,1,Secondaire
01079,4,47.0,1,Primaire
01079,5,73.0,1,Aucun
01079,6,66.0,1,Superieur
01079,7,13.0,2,Aucun
01080,1,37.0,1,Secondaire
01080,2,73.0,2,Aucun
01080,3,30.0,1,Secondaire
01081,1,50.0,1,Aucun
01081,2,22.0,2,Primaire
01081,3,71.0,1,Secondaire
01081,4,38.0,2,Superieur
01081,5,1.0,1,Aucun
01081,6,20.0,2,Primaire
01082,1,44.0,2,Aucun
01082,2,12.0,1,Aucun
01082,3,33.0,1,Secondaire
01083,1,62.0,1,Primaire
01083,2,14.0,2,Aucun
01083,3,56.0,1,Primaire
01083,4,18.0,1,Aucun
01084,1,,1,Secondaire
01084,2,8.0,2,Aucun
01084,3,54.0,2,Secondaire
01084,4,34.0,1,Aucun
01084,5,22.0,2,Aucun
01084,6,36.0,1,Superieur
01085,1,42.0,1,Aucun
01085,2,31.0,1,Aucun
01085,3,0.0,2,Aucun
01085,4,44.0,1,Secondaire
01086,1,31.0,1,Aucun
01086,2,54.0,1,Aucun
01086,3,53.0,2,Aucun
01086,4,3.0,2,Aucun
01086,5,13.0,1,Aucun
01087,1,49.0,1,Aucun
01087,2,54.0,2,Primaire
01087,3,58.0,1,Aucun
01087,4,7.0,2,Primaire
01087,5,0.0,2,Aucun
01087,6,28.0,2,Aucun
01087,7,1.0,1,
01087,8,72.0,2,Primaire
01088,1,46.0,1,Secondaire
01088,2,19.0,1,Primaire
01088,3,39.0,2,Primaire
01088,4,13.0,2,Primaire
01089,1,46.0,1,Aucun
01089,2,3.0,2,Aucun
01089,3,11.0,1,Secondaire
01089,4,72.0,1,Aucun
01090,1,40.0,1,Primaire
01090,2,6.0,2,Aucun
01090,3,54.0,1,Primaire
01090,4,8.0,2,Primaire
01090,5,25.0,2,Superieur
01090,6,1.0,1,Aucun
01091,1,53.0,1,Aucun
01091,2,29.0,1,Aucun
01091,3,,2,Secondaire
01091,4,5.0,1,Aucun
01091,5,4.0,1,
01091,6,55.0,1,Primaire
01091,7,14.0,1,Secondaire
01091,8,45.0,2,Primaire
01092,1,41.0,1,Superieur
01092,2,1.0,1,Aucun
01092,3,,2,Aucun
01092,4,40.0,1,Aucun
01092,5,11.0,2,Aucun
01092,6,52.0,1,
01093,1,47.0,1,Aucun
01093,2,44.0,1,Primaire
01093,3,62.0,2,Primaire
01093,4,57.0,1,Aucun
01093,5,42.0,1,Aucun
01093,6,63.0,2,Aucun
01093,7,71.0,2,Secondaire
01094,1,26.0,1,Primaire
01094,2,59.0,2,Primaire
01094,3,38.0,1,Superieur
01094,4,29.0,1,Secondaire
01094,5,28.0,2,Primaire
01094,6,32.0,2,Aucun
01094,7,8.0,1,Aucun
01094,8,46.0,1,Secondaire
01095,1,52.0,1,Aucun
01095,2,24.0,1,Aucun
01095,3,27.0,1,Aucun
01095,4,65.0,1,
01095,5,19.0,2,Secondaire
01095,6,25.0,2,Aucun
01095,7,69.0,1,Aucun
01096,1,55.0,1,Primaire
01096,2,14.0,1,Secondaire
01096,3,54.0,2,Secondaire
01096,4,23.0,1,Aucun
01096,5,1.0,2,Aucun
01096,6,28.0,1,Primaire
01096,7,31.0,1,
01096,8,29.0,1,Primaire
01097,1,46.0,2,Aucun
01097,2,60.0,1,Secondaire
01097,3,53.0,1,Primaire
01097,4,65.0,2,Primaire
01097,5,71.0,2,Primaire
01098,1,28.0,1,Secondaire
01098,2,21.0,1,
01098,3,55.0,1,Aucun
01098,4,43.0,1,Primaire
01098,5,10.0,1,Secondaire
01098,6,58.0,1,Primaire
01098,7,50.0,1,Aucun
01098,8,23.0,1,Aucun
01098,9,50.0,1,Aucun
01099,1,33.0,2,Secondaire
01099,2,31.0,1,Aucun
01099,3,2.0,2,Aucun
01099,4,56.0,2,Secondaire
01099,5,4.0,1,Aucun
01099,6,38.0,1,Primaire
01099,7,12.0,2,Primaire
01100,1,22.0,1,Aucun
01100,2,57.0,1,Superieur
01100,3,50.0,2,Primaire
01100,4,39.0,2,Primaire
01100,5,69.0,2,Secondaire
01100,6,42.0,1,Aucun
01100,7,18.0,2,Aucun
01101,1,44.0,1,Primaire
01101,2,60.0,1,Superieur
01102,1,30.0,1,
01102,2,66.0,2,Secondaire
01102,3,8.0,2,Aucun
01102,4,67.0,2,Aucun
01102,5,,1,Aucun
01102,6,28.0,1,Aucun
01102,7,48.0,1,Primaire
01102,8,59.0,2,Secondaire
01103,1,39.0,1,Aucun
01103,2,26.0,1,
01103,3,66.0,1,Primaire
01103,4,25.0,2,Secondaire
01103,5,38.0,1,Primaire
01103,6,28.0,2,
01103,7,37.0,1,Secondaire
01103,8,12.0,1,Aucun
01103,9,,2,Aucun
01104,1,58.0,1,Aucun
01104,2,43.0,2,Aucun
01104,3,9.0,1,Primaire
01104,4,27.0,1,Secondaire
01104,5,53.0,2,Secondaire
01104,6,61.0,2,Secondaire
01105,1,31.0,1,Aucun
01105,2,68.0,2,Aucun
01105,3,57.0,2,Aucun
01105,4,27.0,1,Primaire
01105,5,47.0,2,Secondaire
01105,6,34.0,1,Primaire
01106,1,44.0,1,
01106,2,48.0,1,Secondaire
01106,3,46.0,2,Aucun
01106,4,70.0,1,Secondaire
01106,5,38.0,1,Primaire
01106,6,65.0,2,Secondaire
01107,1,35.0,2,Secondaire
01107,2,51.0,2,Aucun
01107,3,64.0,1,Primaire
01107,4,34.0,1,Secondaire
01107,5,61.0,2,Superieur
01107,6,49.0,2,Aucun
01107,7,68.0,1,Secondaire
01107,8,68.0,2,Primaire
01107,9,40.0,1,Secondaire
01108,1,48.0,1,Aucun
01108,2,68.0,1,Aucun
01108,3,70.0,2,Aucun
01108,4,5.0,2,Aucun
01108,5,20.0,1,Aucun
01108,6,61.0,1,Aucun
01108,7,30.0,2,Primaire
01108,8,44.0,2,Primaire
01108,9,41.0,1,Aucun
01108,10,9.0,2,Aucun
01109,1,38.0,1,Superieur
01109,2,26.0,1,Primaire
01109,3,4.0,2,Aucun
01109,4,30.0,1,Primaire
01109,5,8.0,1,Aucun
01109,6,29.0,2,Secondaire
01110,1,40.0,1,Secondaire
01110,2,,2,Aucun
01110,3,70.0,1,Primaire
01110,4,2.0,2,Aucun
01110,5,43.0,2,Primaire
01110,6,22.0,2,Aucun
01110,7,11.0,2,Primaire
01110,8,70.0,2,Primaire
01110,9,67.0,2,Aucun
01110,10,55.0,1,Primaire
01110,11,36.0,1,Secondaire
01110,12,21.0,2,Primaire
01111,1,47.0,1,Secondaire
01111,2,70.0,2,Primaire
01111,3,10.0,2,Superieur
01111,4,46.0,2,Secondaire
01111,5,51.0,1,Aucun
01112,1,59.0,1,Aucun
01112,2,,1,Primaire
01112,3,11.0,1,Aucun
01112,4,65.0,2,Aucun
01113,1,62.0,2,Secondaire
01114,1,55.0,1,Aucun
01114,2,3.0,1,Aucun
01114,3,54.0,2,Superieur
01114,4,45.0,2,Primaire
01114,5,17.0,2,Aucun
01115,1,44.0,1,Aucun
01115,2,61.0,1,Secondaire
01115,3,6.0,1,Aucun
01115,4,7.0,2,Primaire
01115,5,23.0,2,Primaire
01115,6,22.0,2,Primaire
01115,7,45.0,2,Secondaire
01115,8,67.0,1,Primaire
01115,9,15.0,2,Primaire
01116,1,46.0,1,Secondaire
01116,2,15.0,1,Aucun
01116,3,2.0,1,Aucun
01116,4,32.0,2,Primaire
01116,5,74.0,2,Primaire
01116,6,30.0,2,Secondaire
01117,1,61.0,1,Aucun
01117,2,68.0,1,Aucun
01117,3,53.0,1,Aucun
01117,4,1.0,2,Aucun
01117,5,11.0,2,Secondaire
01117,6,70.0,2,Secondaire
01118,1,52.0,1,Primaire
01118,2,57.0,1,Primaire
01118,3,29.0,1,Primaire
01118,4,36.0,1,
01118,5,72.0,2,Primaire
01118,6,34.0,2,Aucun
01119,1,43.0,1,Aucun
01119,2,50.0,2,
01119,3,43.0,2,Secondaire
01119,4,35.0,2,Superieur
01119,5,47.0,2,Secondaire
01120,1,26.0,1,Secondaire
01120,2,22.0,1,Aucun
01120,3,57.0,2,Primaire
01120,4,44.0,1,Aucun
01120,5,3.0,1,Aucun
01120,6,41.0,2,Primaire
01120,7,66.0,1,Aucun
01120,8,64.0,1,Aucun
01121,1,,2,Aucun
01121,2,7.0,2,Aucun
01121,3,66.0,1,Primaire
01121,4,20.0,1,Primaire
01121,5,9.0,1,Aucun
01122,1,30.0,1,Primaire
01122,2,7.0,1,Primaire
01122,3,51.0,2,Primaire
01122,4,12.0,2,
01123,1,34.0,2,Secondaire
01123,2,13.0,1,Aucun
01123,3,73.0,1,
01123,4,24.0,2,Aucun
01123,5,39.0,1,Secondaire
01124,1,51.0,1,Aucun
01124,2,52.0,2,Secondaire
01124,3,52.0,1,Aucun
01125,1,58.0,1,Aucun
01125,2,66.0,2,Aucun
01125,3,47.0,1,Aucun
01125,4,27.0,1,Aucun
01125,5,55.0,2,Primaire
01126,1,35.0,1,Aucun
01126,2,72.0,1,Aucun
01126,3,70.0,1,Aucun
01127,1,48.0,1,Aucun
01127,2,11.0,1,Aucun
01127,3,63.0,2,Primaire
01127,4,64.0,1,Secondaire
01127,5,44.0,1,Secondaire
01127,6,62.0,1,Aucun
01128,1,40.0,2,Secondaire
01128,2,69.0,2,Primaire
01128,3,51.0,2,Primaire
01128,4,12.0,2,Primaire
01128,5,21.0,2,Secondaire
01128,6,74.0,2,Secondaire
01129,1,48.0,1,Primaire
01129,2,13.0,1,Primaire
01129,3,0.0,2,Aucun
01129,4,74.0,2,Primaire
01129,5,23.0,2,
01129,6,57.0,1,Aucun
01130,1,48.0,1,Primaire
01130,2,18.0,1,Aucun
01130,3,33.0,1,Primaire
01130,4,17.0,2,Aucun
01130,5,5.0,1,Aucun
01130,6,26.0,2,Primaire
01130,7,55.0,2,Secondaire
01130,8,7.0,2,Secondaire
01130,9,13.0,2,Aucun
01131,1,45.0,1,
01131,2,11.0,2,Primaire
01131,3,31.0,1,Primaire
01132,1,27.0,1,Secondaire
01132,2,27.0,2,
01132,3,0.0,1,Aucun
01132,4,13.0,2,Primaire
01132,5,37.0,2,Primaire
01132,6,42.0,2,Aucun
01132,7,45.0,1,Primaire
01132,8,58.0,2,
01132,9,37.0,2,Aucun
01133,1,45.0,1,Aucun
01133,2,66.0,1,Primaire
01133,3,,2,
01133,4,70.0,2,Aucun
01133,5,49.0,2,Secondaire
01133,6,3.0,1,Aucun
01134,1,33.0,2,Aucun
01134,2,71.0,2,Primaire
01134,3,21.0,1,
01134,4,31.0,1,Secondaire
01134,5,49.0,1,Primaire
01134,6,55.0,1,Primaire
01135,1,36.0,1,Primaire
01135,2,21.0,1,Primaire
01135,3,65.0,1,Secondaire
01135,4,52.0,1,Aucun
01135,5,34.0,1,Aucun
01135,6,2.0,1,Aucun
01136,1,43.0,1,Primaire
01136,2,43.0,2,Superieur
01136,3,5.0,2,Aucun
01136,4,52.0,1,Aucun
01136,5,34.0,2,Secondaire
01136,6,1.0,1,Aucun
01137,1,23.0,1,Primaire
01137,2,56.0,2,
01137,3,15.0,2,Aucun
01137,4,55.0,1,Primaire
01137,5,9.0,2,Aucun
01137,6,0.0,2,Aucun
01137,7,46.0,2,Primaire
01137,8,74.0,1,Secondaire
01137,9,74.0,2,Primaire
01137,10,24.0,2,Aucun
01138,1,39.0,1,Aucun
01138,2,9.0,2,Primaire
01138,3,48.0,2,Primaire
01139,1,62.0,1,Aucun
01139,2,32.0,1,
01139,3,11.0,1,Aucun
01139,4,30.0,1,
01139,5,51.0,2,Aucun
01140,1,23.0,1,Primaire
01140,2,13.0,1,Primaire
01140,3,4.0,1,Aucun
01140,4,26.0,1,Secondaire
01140,5,33.0,1,Primaire
01140,6,24.0,1,Aucun
01140,7,0.0,2,Aucun
01140,8,21.0,1,Aucun
01140,9,50.0,1,Primaire
01141,1,57.0,2,Primaire
01141,2,66.0,2,Primaire
01141,3,52.0,1,Secondaire
01141,4,57.0,2,Aucun
01141,5,24.0,1,Aucun
01141,6,35.0,2,Secondaire
01141,7,7.0,1,Primaire
01141,8,21.0,2,Aucun
01141,9,60.0,2,Aucun
01141,10,47.0,1,Primaire
01142,1,34.0,1,Aucun
01142,2,6.0,1,Aucun
01142,3,6.0,2,Secondaire
01142,4,51.0,1,Aucun
01142,5,8.0,2,Secondaire
01142,6,62.0,1,Aucun
01143,1,40.0,1,Aucun
01143,2,43.0,1,Superieur
01143,3,29.0,1,Aucun
01143,4,39.0,2,Primaire
01143,5,59.0,1,Aucun
01144,1,31.0,1,Secondaire
01144,2,8.0,2,Aucun
01144,3,64.0,1,
01144,4,39.0,1,Secondaire
01144,5,62.0,2,Aucun
01144,6,62.0,2,Secondaire
01144,7,29.0,2,Primaire
01144,8,72.0,2,Primaire
01145,1,36.0,2,Primaire
01145,2,11.0,2,Aucun
01146,1,27.0,1,Primaire
01146,2,13.0,1,Primaire
01146,3,17.0,2,Primaire
01146,4,0.0,1,Aucun
01147,1,58.0,2,Secondaire
01147,2,37.0,1,Primaire
01147,3,17.0,2,Aucun
01147,4,,2,Secondaire
01148,1,42.0,1,Aucun
01148,2,70.0,1,Secondaire
01148,3,,1,Aucun
01148,4,19.0,2,Secondaire
01148,5,54.0,2,Primaire
01148,6,18.0,1,Primaire
01149,1,30.0,1,Primaire
01149,2,32.0,2,Primaire
01149,3,67.0,1,Aucun
01149,4,61.0,1,Primaire
01149,5,20.0,1,Superieur
01149,6,68.0,1,Secondaire
01149,7,73.0,2,Aucun
01149,8,73.0,2,Secondaire
01149,9,32.0,1,Superieur
01149,10,46.0,1,Secondaire
01150,1,58.0,2,Aucun
01150,2,72.0,1,Superieur
01150,3,,1,Primaire
01150,4,9.0,2,Primaire
01151,1,50.0,1,Secondaire
01151,2,29.0,2,Secondaire
01151,3,46.0,2,Aucun
01151,4,71.0,2,Aucun
01151,5,59.0,2,Aucun
01151,6,44.0,1,Secondaire
01152,1,20.0,1,Secondaire
01152,2,31.0,2,Aucun
01152,3,5.0,2,Aucun
01152,4,,2,
01152,5,34.0,2,Aucun
01152,6,38.0,2,
01152,7,25.0,2,Superieur
01152,8,41.0,1,Aucun
01153,1,41.0,1,Aucun
01153,2,0.0,1,Aucun
01153,3,53.0,2,Primaire
01153,4,30.0,2,Secondaire
01153,5,74.0,1,Secondaire
01153,6,41.0,2,Primaire
01154,1,48.0,1,Aucun
01154,2,43.0,1,Secondaire
01154,3,9.0,2,Primaire
01154,4,42.0,1,Primaire
01154,5,26.0,1,Primaire
01154,6,50.0,2,Aucun
01154,7,43.0,1,Aucun
01154,8,31.0,1,Primaire
01154,9,0.0,1,Aucun
01154,10,52.0,2,Secondaire
01155,1,29.0,1,Aucun
01155,2,17.0,1,Primaire
01155,3,51.0,1,Secondaire
01155,4,42.0,2,Aucun
01155,5,59.0,2,Secondaire
01155,6,72.0,2,Secondaire
01155,7,62.0,1,Aucun
01155,8,44.0,2,Aucun
01156,1,56.0,1,Secondaire
01156,2,26.0,2,Primaire
01156,3,33.0,2,Secondaire
01156,4,73.0,1,Primaire
01156,5,40.0,2,Secondaire
01156,6,53.0,2,Primaire
01156,7,48.0,1,Secondaire
01157,1,43.0,2,Aucun
01157,2,48.0,2,Aucun
01157,3,,2,Primaire
01157,4,4.0,1,Aucun
01157,5,60.0,1,Secondaire
01158,1,51.0,1,Aucun
01158,2,32.0,1,Aucun
01158,3,43.0,2,Secondaire
01158,4,49.0,1,Aucun
01159,1,25.0,2,Aucun
01159,2,69.0,2,Primaire
01159,3,44.0,1,Secondaire
01159,4,37.0,2,Primaire
01159,5,39.0,2,Primaire
01159,6,0.0,2,Aucun
01159,7,46.0,1,Secondaire
01159,8,31.0,2,Aucun
01159,9,64.0,2,Secondaire
01160,1,41.0,1,Primaire
01160,2,52.0,2,Aucun
01160,3,29.0,2,Primaire
01160,4,24.0,1,Aucun
01160,5,40.0,2,Primaire
01160,6,11.0,1,Aucun
01160,7,5.0,1,Aucun
01160,8,35.0,1,Aucun
01160,9,47.0,2,Primaire
01160,10,37.0,2,Secondaire
01161,1,49.0,1,Primaire
01161,2,7.0,1,Secondaire
01161,3,24.0,1,Secondaire
01161,4,35.0,1,Aucun
01161,5,20.0,2,Aucun
01161,6,54.0,2,Primaire
01161,7,20.0,1,Secondaire
01161,8,35.0,1,Secondaire
01161,9,7.0,1,Secondaire
01162,1,46.0,1,Secondaire
01162,2,8.0,2,Aucun
01162,3,29.0,2,Aucun
01162,4,57.0,2,Aucun
01162,5,62.0,2,Aucun
01162,6,19.0,1,Secondaire
01162,7,26.0,1,Aucun
01162,8,8.0,2,Aucun
01162,9,22.0,1,Primaire
01162,10,66.0,2,Primaire
01162,11,52.0,1,Aucun
01163,1,,1,Primaire
01163,2,18.0,1,Aucun
01163,3,48.0,2,Primaire
01163,4,44.0,1,Primaire
01163,5,19.0,2,Aucun
01163,6,2.0,2,Aucun
01163,7,37.0,2,Aucun
01163,8,3.0,2,
01163,9,47.0,2,Aucun
01164,1,54.0,1,
01164,2,71.0,1,Primaire
01164,3,57.0,1,Secondaire
01164,4,53.0,2,Aucun
01164,5,,1,Primaire
01164,6,66.0,1,Secondaire
01164,7,22.0,2,Primaire
01164,8,55.0,2,Superieur
01164,9,34.0,2,Primaire
01164,10,60.0,1,Aucun
01165,1,33.0,1,Aucun
01165,2,21.0,1,Primaire
01165,3,73.0,2,Secondaire
01165,4,19.0,2,
01166,1,36.0,1,Aucun
01166,2,31.0,1,Secondaire
01166,3,25.0,2,Secondaire
01167,1,41.0,1,Secondaire
01167,2,26.0,2,Primaire
01167,3,64.0,1,Primaire
01167,4,39.0,1,Superieur
01167,5,5.0,1,Aucun
01167,6,48.0,2,Aucun
01168,1,46.0,1,Primaire
01168,2,25.0,1,
01168,3,20.0,1,Primaire
01168,4,30.0,2,Primaire
01168,5,34.0,1,Aucun
01168,6,68.0,1,Primaire
01168,7,11.0,2,Aucun
01168,8,48.0,1,Primaire
01168,9,0.0,2,Aucun
01169,1,33.0,2,Primaire
01169,2,59.0,2,Aucun
01169,3,50.0,1,Aucun
01169,4,63.0,1,Secondaire
01169,5,17.0,1,Superieur
01169,6,12.0,1,Primaire
01170,1,52.0,1,Primaire
01170,2,66.0,1,Secondaire
01170,3,44.0,1,Secondaire
01170,4,65.0,2,Aucun
01171,1,25.0,1,Aucun
01171,2,62.0,2,Aucun
01172,1,45.0,2,Primaire
01172,2,68.0,1,Aucun
01172,3,36.0,2,Secondaire
01172,4,58.0,2,Secondaire
01172,5,40.0,1,Primaire
01172,6,50.0,2,Secondaire
01173,1,52.0,1,Primaire
01173,2,10.0,2,Primaire
01173,3,51.0,2,Primaire
01173,4,25.0,2,Secondaire
01173,5,9.0,2,Primaire
01173,6,66.0,2,
01173,7,46.0,2,Superieur
01174,1,41.0,1,Secondaire
01174,2,17.0,2,Secondaire
01174,3,24.0,2,Primaire
01174,4,53.0,2,Secondaire
01174,5,36.0,2,Superieur
01175,1,50.0,2,Primaire
01175,2,72.0,2,Aucun
01175,3,29.0,1,
01175,4,66.0,2,Primaire
01175,5,28.0,1,Superieur
01175,6,16.0,2,Primaire
01175,7,5.0,2,Aucun
01175,8,66.0,1,Secondaire
01175,9,46.0,2,Primaire
01176,1,52.0,2,Secondaire
01176,2,17.0,1,
01176,3,62.0,1,Aucun
01176,4,67.0,1,Primaire
01176,5,14.0,2,Secondaire
01176,6,70.0,1,Superieur
01177,1,28.0,2,Superieur
01177,2,47.0,1,Aucun
01177,3,22.0,1,Aucun
01177,4,8.0,2,Primaire
01177,5,59.0,2,Aucun
01177,6,22.0,1,Primaire
01177,7,24.0,2,Secondaire
01177,8,11.0,2,Aucun
01177,9,19.0,1,Secondaire
01177,10,74.0,2,Aucun
01178,1,48.0,1,Primaire
01178,2,11.0,2,Secondaire
01178,3,11.0,2,Aucun
01179,1,38.0,1,Secondaire
01179,2,39.0,2,Aucun
01179,3,15.0,2,Secondaire
01179,4,47.0,1,Aucun
01180,1,40.0,1,Primaire
01180,2,73.0,1,Primaire
01180,3,21.0,2,Primaire
01180,4,48.0,2,Secondaire
01180,5,60.0,1,Secondaire
01180,6,43.0,1,Aucun
01180,7,60.0,1,Secondaire
01180,8,3.0,1,Aucun
01181,1,40.0,1,Secondaire
01181,2,21.0,2,
01181,3,32.0,1,Superieur
01181,4,34.0,2,Aucun
01181,5,39.0,2,Aucun
01181,6,14.0,1,Primaire
01181,7,28.0,1,Aucun
01181,8,50.0,1,Superieur
01182,1,36.0,1,Aucun
01182,2,74.0,1,Aucun
01182,3,27.0,1,Primaire
01182,4,1.0,2,Aucun
01182,5,7.0,1,Secondaire
01182,6,57.0,2,Secondaire
01183,1,24.0,2,Secondaire
01183,2,0.0,1,Aucun
01183,3,34.0,2,Primaire
01183,4,8.0,1,Primaire
01183,5,59.0,1,Aucun
01183,6,49.0,1,Aucun
01183,7,3.0,2,Aucun
01184,1,20.0,2,Aucun
01184,2,3.0,1,
01184,3,63.0,2,Aucun
01184,4,44.0,1,Aucun
01184,5,19.0,2,Secondaire
01184,6,30.0,2,Primaire
01184,7,34.0,2,Aucun
01184,8,9.0,1,Aucun
01184,9,67.0,1,Aucun
01184,10,6.0,2,Primaire
01185,1,50.0,1,Aucun
01185,2,40.0,2,Secondaire
01185,3,54.0,1,Secondaire
01185,4,50.0,1,Secondaire
01185,5,38.0,2,Secondaire
01185,6,5.0,1,Aucun
01185,7,14.0,2,Secondaire
01185,8,29.0,1,Primaire
01186,1,48.0,1,Secondaire
01186,2,65.0,2,
01186,3,13.0,2,Aucun
01186,4,14.0,1,Aucun
01186,5,67.0,1,Primaire
01186,6,11.0,2,Aucun
01186,7,65.0,1,Secondaire
01187,1,54.0,1,Aucun
01187,2,48.0,2,Primaire
01187,3,8.0,2,Secondaire
01187,4,26.0,2,
01187,5,67.0,2,Aucun
01187,6,21.0,2,Primaire
01187,7,7.0,2,Secondaire
01187,8,64.0,2,Secondaire
01187,9,22.0,2,Primaire
01188,1,41.0,1,Secondaire
01188,2,6.0,2,
01188,3,30.0,2,Aucun
01188,4,27.0,1,Primaire
01188,5,34.0,2,Aucun
01189,1,58.0,1,Primaire
01189,2,22.0,1,Aucun
01189,3,70.0,1,Primaire
01189,4,60.0,1,Aucun
01189,5,6.0,2,Primaire
01189,6,73.0,2,Aucun
01190,1,42.0,1,Primaire
01190,2,51.0,2,Secondaire
01190,3,56.0,2,Aucun
01190,4,1.0,1,Aucun
01190,5,65.0,2,Secondaire
01190,6,17.0,1,Aucun
01191,1,36.0,1,Aucun
01191,2,52.0,2,Primaire
01191,3,32.0,1,Secondaire
01191,4,56.0,1,
01191,5,15.0,1,Aucun
01191,6,4.0,2,Aucun
01191,7,25.0,1,Primaire
01191,8,27.0,2,Secondaire
01191,9,25.0,1,Primaire
01191,10,51.0,2,Aucun
01192,1,25.0,1,Superieur
01192,2,56.0,1,
01192,3,44.0,2,Primaire
01192,4,70.0,2,Aucun
01192,5,73.0,1,Primaire
01192,6,29.0,2,Aucun
01192,7,12.0,2,Aucun
01192,8,57.0,2,Aucun
01193,1,51.0,1,Aucun
01193,2,15.0,2,
01193,3,25.0,1,Primaire
01193,4,56.0,1,Aucun
01193,5,27.0,1,Secondaire
01194,1,20.0,1,Primaire
01194,2,48.0,1,Aucun
01194,3,13.0,1,Primaire
01195,1,37.0,1,Aucun
01195,2,16.0,2,Aucun
01195,3,43.0,2,Aucun
01195,4,6.0,2,Aucun
01195,5,56.0,1,Primaire
01196,1,29.0,1,Aucun
01196,2,32.0,1,Aucun
01196,3,35.0,1,Primaire
01196,4,51.0,1,Primaire
01196,5,19.0,1,Aucun
01196,6,61.0,1,Primaire
01196,7,56.0,2,Secondaire
01196,8,18.0,1,Superieur
01196,9,36.0,1,Primaire
01197,1,34.0,1,Aucun
01197,2,1.0,1,Aucun
01197,3,6.0,1,Superieur
01198,1,38.0,1,Aucun
01198,2,24.0,2,Primaire
01198,3,38.0,1,Primaire
01198,4,18.0,2,Aucun
01198,5,48.0,2,Primaire
01199,1,57.0,1,Superieur
01199,2,27.0,1,Aucun
01199,3,23.0,2,Aucun
01199,4,67.0,2,Aucun
01199,5,20.0,1,Primaire
01199,6,61.0,2,Superieur
01199,7,41.0,1,Secondaire
01199,8,25.0,2,Aucun
01199,9,26.0,2,Aucun
01199,10,65.0,2,Aucun
01199,11,4.0,2,Aucun
01200,1,41.0,1,Aucun
01200,2,15.0,2,Primaire
01200,3,26.0,2,Primaire
01200,4,64.0,2,Superieur
01200,5,28.0,2,Primaire
01201,1,36.0,1,Secondaire
01201,2,47.0,2,
01201,3,0.0,1,Aucun
01202,1,47.0,1,Superieur
01202,2,65.0,1,Aucun
01202,3,9.0,2,Primaire
01202,4,74.0,2,Primaire
01202,5,16.0,1,Aucun
01202,6,62.0,1,Primaire
01203,1,39.0,1,Superieur
01203,2,,1,Primaire
01203,3,16.0,2,Aucun
01203,4,28.0,2,Aucun
01203,5,61.0,2,Aucun
01203,6,17.0,2,Secondaire
01203,7,64.0,1,Secondaire
01203,8,34.0,2,Secondaire
01204,1,42.0,2,Aucun
01204,2,29.0,2,Secondaire
01204,3,0.0,1,Aucun
01205,1,42.0,1,Secondaire
01205,2,57.0,1,Secondaire
01205,3,39.0,2,Secondaire
01205,4,27.0,2,Secondaire
01205,5,7.0,1,Superieur
01206,1,49.0,1,Secondaire
01206,2,61.0,1,Aucun
01206,3,19.0,1,Primaire
01206,4,15.0,1,Primaire
01206,5,1.0,2,Aucun
01206,6,45.0,1,Primaire
01206,7,28.0,1,Superieur
01206,8,21.0,1,Aucun
01207,1,58.0,1,Primaire
01207,2,29.0,1,Aucun
01207,3,41.0,1,Aucun
01207,4,52.0,1,Secondaire
01207,5,61.0,1,Secondaire
01207,6,45.0,1,Primaire
01208,1,24.0,1,Primaire
01208,2,39.0,2,Primaire
01208,3,32.0,1,Primaire
01208,4,71.0,2,Secondaire
01209,1,44.0,2,Secondaire
01209,2,51.0,1,Aucun
01209,3,10.0,1,Secondaire
01210,1,67.0,1,Primaire
01210,2,47.0,2,Aucun
01210,3,47.0,1,Primaire
01210,4,12.0,2,Aucun
01210,5,19.0,2,
01210,6,5.0,2,Aucun
01210,7,38.0,1,
01211,1,54.0,1,Primaire
01211,2,70.0,1,Aucun
01212,1,34.0,2,Primaire
01212,2,15.0,1,Aucun
01212,3,23.0,2,Aucun
01212,4,9.0,2,Secondaire
01213,1,69.0,2,Primaire
01213,2,7.0,1,Secondaire
01213,3,43.0,2,Aucun
01213,4,58.0,1,Primaire
01213,5,6.0,1,Primaire
01213,6,68.0,2,Primaire
01213,7,34.0,2,
01213,8,35.0,2,
01214,1,41.0,1,Aucun
01214,2,15.0,1,Aucun
01215,1,40.0,2,Aucun
01215,2,51.0,1,Primaire
01215,3,8.0,1,Primaire
01215,4,59.0,1,Secondaire
01215,5,44.0,1,Primaire
01216,1,52.0,1,Aucun
01216,2,5.0,2,Aucun
01216,3,13.0,2,Primaire
01216,4,13.0,2,Aucun
01216,5,10.0,2,Aucun
01216,6,55.0,2,Secondaire
01217,1,30.0,2,Primaire
01217,2,28.0,2,Aucun
01217,3,61.0,1,Aucun
01217,4,63.0,1,Primaire
01217,5,55.0,1,Secondaire
01217,6,44.0,1,Aucun
01217,7,11.0,2,Primaire
01217,8,37.0,1,
01217,9,57.0,2,Primaire
01218,1,38.0,1,Aucun
01218,2,22.0,1,Aucun
01218,3,30.0,2,Aucun
01218,4,58.0,2,Primaire
01219,1,40.0,1,Aucun
01219,2,15.0,1,
01219,3,39.0,2,Secondaire
01219,4,18.0,1,Primaire
01220,1,33.0,1,Primaire
01220,2,45.0,2,Primaire
01220,3,12.0,2,
01220,4,44.0,2,Aucun
01220,5,33.0,2,Primaire
01221,1,35.0,2,Secondaire
01221,2,30.0,1,Superieur
01221,3,44.0,1,Aucun
01221,4,11.0,2,Primaire
01221,5,54.0,2,Primaire
01221,6,51.0,1,Aucun
01221,7,10.0,1,Secondaire
01222,1,33.0,1,Aucun
01222,2,68.0,2,
01222,3,55.0,1,Superieur
01223,1,45.0,1,Secondaire
01223,2,43.0,2,Aucun
01223,3,37.0,2,Primaire
01223,4,30.0,1,
01224,1,45.0,1,Aucun
01224,2,4.0,2,Aucun
01224,3,16.0,1,Aucun
01224,4,37.0,2,Primaire
01224,5,72.0,2,Aucun
01224,6,54.0,1,Aucun
01224,7,24.0,2,Secondaire
01225,1,46.0,1,Secondaire
01225,2,45.0,1,
01225,3,6.0,1,Secondaire
01226,1,50.0,1,Primaire
01226,2,37.0,1,Aucun
01226,3,2.0,2,Aucun
01226,4,61.0,1,Primaire
01226,5,19.0,2,Secondaire
01226,6,53.0,2,Aucun
01226,7,50.0,1,Aucun
01226,8,10.0,1,Primaire
01227,1,34.0,1,Primaire
01227,2,51.0,2,Primaire
01227,3,35.0,2,Secondaire
01228,1,22.0,1,Primaire
01228,2,44.0,1,Primaire
01228,3,45.0,2,Aucun
01228,4,52.0,1,Secondaire
01229,1,38.0,2,Primaire
01229,2,62.0,1,Primaire
01229,3,30.0,2,Aucun
01229,4,67.0,1,Aucun
01230,1,29.0,1,Secondaire
01230,2,4.0,1,Aucun
01230,3,47.0,2,Aucun
01230,4,11.0,2,Aucun
01230,5,11.0,2,Aucun
01230,6,62.0,1,Aucun
01230,7,70.0,2,Primaire
01231,1,38.0,1,Aucun
01231,2,23.0,2,Aucun
01231,3,3.0,2,Aucun
01231,4,72.0,1,Aucun
01231,5,38.0,2,Primaire
01232,1,36.0,1,Primaire
01232,2,15.0,1,Secondaire
01232,3,,1,
01232,4,62.0,2,Secondaire
01232,5,39.0,1,Aucun
01232,6,29.0,1,Primaire
01232,7,26.0,1,Aucun
01232,8,58.0,1,Aucun
01232,9,2.0,1,Aucun
01232,10,59.0,1,Secondaire
01233,1,44.0,1,Secondaire
01233,2,65.0,1,Aucun
01233,3,56.0,2,Primaire
01233,4,28.0,1,Aucun
01233,5,13.0,2,Secondaire
01233,6,73.0,2,Aucun
01233,7,39.0,1,Aucun
01234,1,55.0,1,Aucun
01234,2,14.0,2,Primaire
01234,3,13.0,2,Primaire
01234,4,57.0,1,Secondaire
01234,5,24.0,2,Primaire
01234,6,38.0,1,Primaire
01234,7,21.0,1,Primaire
01234,8,25.0,1,Secondaire
01234,9,17.0,1,Primaire
01234,10,18.0,1,Aucun
01235,1,41.0,1,Primaire
01235,2,31.0,1,Superieur
01235,3,12.0,1,
01235,4,57.0,2,Aucun
01235,5,40.0,2,Aucun
01236,1,52.0,1,
01236,2,7.0,1,Aucun
01236,3,53.0,2,Primaire
01236,4,1.0,1,Aucun
01236,5,21.0,1,Aucun
01236,6,12.0,2,Secondaire
01237,1,39.0,1,Secondaire
01237,2,52.0,1,Primaire
01237,3,56.0,1,
01237,4,,1,Aucun
01237,5,8.0,1,Secondaire
01237,6,7.0,2,Aucun
01237,7,37.0,2,Primaire
01238,1,36.0,1,Primaire
01238,2,11.0,2,Aucun
01238,3,3.0,2,
01238,4,27.0,2,Secondaire
01238,5,26.0,2,Primaire
01238,6,28.0,2,Aucun
01238,7,2.0,2,Aucun
01238,8,22.0,1,Aucun
01238,9,9.0,1,Primaire
01239,1,36.0,2,
01239,2,57.0,2,Secondaire
01239,3,53.0,1,Secondaire
01239,4,56.0,2,Aucun
01239,5,55.0,2,Aucun
01240,1,39.0,1,Aucun
01240,2,66.0,2,Primaire
01240,3,,1,Aucun
01240,4,41.0,2,Aucun
01240,5,0.0,1,Aucun
01240,6,1.0,2,Aucun
01240,7,24.0,2,Primaire
01241,1,50.0,2,Secondaire
01241,2,52.0,2,Primaire
01241,3,21.0,1,Secondaire
01241,4,30.0,2,Secondaire
01241,5,74.0,2,Primaire
01242,1,29.0,2,Primaire
01242,2,63.0,1,Aucun
01242,3,9.0,1,Secondaire
01242,4,62.0,1,Superieur
01242,5,34.0,1,Primaire
01242,6,36.0,1,Aucun
01242,7,58.0,1,Secondaire
01242,8,50.0,2,Aucun
01243,1,71.0,1,Aucun
01243,2,8.0,1,Secondaire
01243,3,62.0,2,Secondaire
01244,1,35.0,1,Aucun
01244,2,,2,Aucun
01244,3,25.0,2,Primaire
01244,4,32.0,2,Primaire
01244,5,4.0,2,Aucun
01244,6,73.0,1,
01244,7,13.0,1,Secondaire
01244,8,3.0,2,Aucun
01244,9,12.0,1,Aucun
01245,1,42.0,1,Primaire
01245,2,21.0,1,Secondaire
01245,3,37.0,2,Primaire
01245,4,24.0,2,Primaire
01245,5,5.0,1,Aucun
01245,6,69.0,1,Aucun
01245,7,2.0,2,Aucun
01245,8,20.0,1,Primaire
01246,1,48.0,1,Secondaire
01246,2,18.0,2,Aucun
01246,3,46.0,1,Primaire
01246,4,39.0,1,Secondaire
01246,5,65.0,2,Aucun
01246,6,0.0,2,Aucun
01246,7,31.0,2,Aucun
01247,1,46.0,1,Aucun
01247,2,29.0,2,Aucun
01247,3,54.0,2,Aucun
01247,4,6.0,1,Aucun
01247,5,68.0,2,Primaire
01247,6,18.0,2,Primaire
01248,1,,1,Aucun
01248,2,5.0,1,Aucun
01248,3,39.0,1,Secondaire
01248,4,54.0,1,Aucun
01248,5,42.0,2,Aucun
01248,6,,1,Secondaire
01248,7,72.0,2,Aucun
01249,1,31.0,1,Primaire
01249,2,60.0,1,Secondaire
01249,3,13.0,2,Primaire
01249,4,71.0,2,Secondaire
01249,5,46.0,2,Aucun
01250,1,49.0,1,Superieur
01250,2,73.0,1,Primaire
01250,3,71.0,1,Primaire
01250,4,71.0,2,Aucun
01250,5,58.0,2,Secondaire
01251,1,48.0,1,Aucun
01252,1,48.0,1,Aucun
01252,2,61.0,1,Primaire
01252,3,6.0,2,
01252,4,45.0,1,Primaire
01252,5,54.0,1,Primaire
01252,6,58.0,1,Primaire
01252,7,8.0,1,Primaire
01252,8,30.0,1,Secondaire
01252,9,44.0,2,Primaire
01253,1,23.0,1,Aucun
01253,2,66.0,1,Primaire
01254,1,55.0,1,Primaire
01255,1,46.0,1,Aucun
01255,2,63.0,1,Secondaire
01255,3,55.0,1,Primaire
01255,4,51.0,1,Aucun
01255,5,67.0,2,Aucun
01255,6,2.0,1,Aucun
01256,1,44.0,1,Primaire
01256,2,12.0,1,Primaire
01256,3,31.0,2,
01256,4,18.0,2,Aucun
01256,5,17.0,2,Aucun
01256,6,42.0,2,Secondaire
01256,7,61.0,2,Primaire
01257,1,57.0,1,Primaire
01257,2,72.0,2,Aucun
01257,3,67.0,1,Aucun
01257,4,56.0,1,Primaire
01257,5,29.0,2,Aucun
01257,6,11.0,1,Aucun
01258,1,43.0,2,
01258,2,17.0,2,Aucun
01259,1,22.0,1,Aucun
01259,2,23.0,2,Aucun
01259,3,56.0,2,Secondaire
01259,4,47.0,2,Aucun
01259,5,16.0,1,Secondaire
01259,6,28.0,1,Aucun
01259,7,65.0,1,Secondaire
01260,1,59.0,1,Aucun
01260,2,0.0,1,Aucun
01260,3,37.0,1,Aucun
01260,4,49.0,1,Aucun
01260,5,29.0,1,Aucun
01260,6,48.0,1,Aucun
01260,7,55.0,2,Primaire
01261,1,40.0,1,Primaire
01261,2,28.0,2,Primaire
01261,3,59.0,1,
01261,4,45.0,2,Aucun
01261,5,67.0,2,Secondaire
01262,1,49.0,1,Primaire
01262,2,13.0,1,Aucun
01262,3,42.0,1,Secondaire
01262,4,25.0,1,Aucun
01262,5,18.0,1,Aucun
01262,6,67.0,1,Primaire
01262,7,19.0,2,Aucun
01262,8,24.0,1,Primaire
01262,9,34.0,1,Aucun
01262,10,,1,Aucun
01262,11,13.0,2,Primaire
01263,1,40.0,2,Superieur
01263,2,25.0,1,Secondaire
01263,3,59.0,1,Primaire
01263,4,67.0,1,Primaire
01263,5,26.0,2,Primaire
01264,1,53.0,1,Aucun
01264,2,,2,Secondaire
01264,3,70.0,2,Primaire
01264,4,54.0,2,Primaire
01264,5,51.0,2,Primaire
01264,6,55.0,2,Aucun
01264,7,12.0,1,Aucun
01264,8,15.0,1,Primaire
01264,9,69.0,2,Secondaire
01264,10,4.0,2,Aucun
01265,1,20.0,1,Aucun
01265,2,16.0,2,Secondaire
01265,3,4.0,1,Aucun
01265,4,70.0,2,Aucun
01265,5,7.0,2,Aucun
01265,6,60.0,1,Primaire
01265,7,49.0,1,Primaire
01265,8,60.0,1,Secondaire
01266,1,52.0,1,Primaire
01266,2,44.0,2,
01266,3,8.0,1,Primaire
01266,4,57.0,2,Primaire
01266,5,36.0,2,Aucun
01266,6,32.0,1,Aucun
01266,7,45.0,2,Aucun
01266,8,57.0,2,Aucun
01267,1,64.0,1,Primaire
01267,2,11.0,2,Primaire
01267,3,3.0,1,
01268,1,20.0,1,Secondaire
01268,2,3.0,1,Aucun
01268,3,26.0,2,Primaire
01268,4,20.0,2,Aucun
01268,5,59.0,1,Aucun
01268,6,73.0,2,Aucun
01268,7,60.0,2,Primaire
01268,8,35.0,1,Primaire
01269,1,33.0,1,
01269,2,8.0,1,Primaire
01269,3,25.0,2,Aucun
01269,4,61.0,1,Aucun
01269,5,2.0,1,
01269,6,10.0,2,Primaire
01269,7,49.0,1,Aucun
01270,1,56.0,1,Primaire
01270,2,13.0,2,Secondaire
01270,3,53.0,2,Aucun
01270,4,40.0,1,Primaire
01270,5,54.0,2,Primaire
01270,6,71.0,1,
01270,7,44.0,2,
01270,8,50.0,2,Secondaire
01270,9,50.0,1,Primaire
01270,10,43.0,1,Secondaire
01270,11,19.0,2,Primaire
01271,1,35.0,1,Primaire
01271,2,46.0,2,
01271,3,30.0,2,Primaire
01271,4,44.0,2,Aucun
01271,5,16.0,2,Secondaire
01271,6,39.0,1,Aucun
01271,7,74.0,2,Aucun
01271,8,49.0,2,Primaire
01271,9,53.0,2,Aucun
01271,10,43.0,2,Secondaire
01272,1,48.0,1,Aucun
01272,2,4.0,2,Aucun
01272,3,61.0,2,Primaire
01272,4,38.0,2,Primaire
01272,5,45.0,2,Superieur
01273,1,20.0,1,Secondaire
01273,2,60.0,2,Aucun
01273,3,62.0,1,Secondaire
01273,4,,2,Aucun
01273,5,68.0,2,Primaire
01273,6,19.0,1,Primaire
01273,7,7.0,2,Primaire
01274,1,42.0,1,Superieur
01274,2,4.0,1,Aucun
01274,3,33.0,2,Primaire
01274,4,26.0,2,Primaire
01274,5,38.0,2,Aucun
01274,6,35.0,1,Primaire
01274,7,0.0,2,Aucun
01275,1,42.0,1,
01275,2,59.0,1,Primaire
01275,3,43.0,1,Primaire
01275,4,69.0,1,Secondaire
01275,5,61.0,1,Secondaire
01275,6,5.0,1,Aucun
01276,1,26.0,1,
01276,2,16.0,2,Primaire
01276,3,35.0,1,Aucun
01276,4,13.0,2,Primaire
01276,5,1.0,2,Aucun
01276,6,24.0,2,Primaire
01276,7,4.0,2,Aucun
01276,8,20.0,2,Superieur
01276,9,6.0,1,Secondaire
01276,10,69.0,2,Secondaire
01276,11,65.0,2,Aucun
01276,12,22.0,1,
01276,13,61.0,1,Aucun
01277,1,38.0,1,Primaire
01277,2,16.0,1,Primaire
01277,3,20.0,1,Aucun
01277,4,59.0,1,Primaire
01278,1,47.0,1,Aucun
01278,2,60.0,1,Aucun
01278,3,4.0,1,Aucun
01278,4,56.0,1,Primaire
01279,1,64.0,1,Aucun
01279,2,39.0,2,
01279,3,3.0,1,Aucun
01279,4,71.0,2,Secondaire
01279,5,31.0,2,Primaire
01279,6,36.0,1,Aucun
01280,1,46.0,1,Aucun
01280,2,69.0,2,Primaire
01280,3,55.0,1,Aucun
01280,4,37.0,2,Aucun
01280,5,58.0,1,Secondaire
01281,1,38.0,1,Primaire
01282,1,38.0,1,Aucun
01282,2,49.0,2,Primaire
01282,3,64.0,1,Aucun
01282,4,64.0,2,Aucun
01282,5,44.0,2,Aucun
01282,6,61.0,1,Aucun
01282,7,74.0,2,Aucun
01283,1,38.0,1,Secondaire
01283,2,60.0,2,Primaire
01283,3,60.0,2,Aucun
01283,4,22.0,2,Primaire
01283,5,26.0,2,Aucun
01283,6,28.0,1,Aucun
01283,7,12.0,1,Aucun
01284,1,38.0,1,Secondaire
01284,2,,1,Primaire
01284,3,48.0,2,Secondaire
01284,4,37.0,2,Primaire
01284,5,34.0,2,Primaire
01284,6,51.0,1,Aucun
01284,7,41.0,2,Aucun
01285,1,41.0,1,Primaire
01285,2,1.0,1,Aucun
01285,3,36.0,1,Secondaire
01285,4,55.0,2,Superieur
01285,5,26.0,1,Secondaire
01286,1,39.0,1,Aucun
01286,2,54.0,1,Aucun
01286,3,53.0,1,Secondaire
01286,4,62.0,1,Aucun
01286,5,28.0,1,Aucun
01286,6,56.0,2,Aucun
01287,1,20.0,2,Secondaire
01287,2,27.0,2,Primaire
01287,3,6.0,2,Primaire
01287,4,1.0,1,Aucun
01287,5,70.0,1,Primaire
01287,6,39.0,1,Aucun
01287,7,,2,Aucun
01287,8,70.0,2,Primaire
01288,1,22.0,2,Aucun
01288,2,40.0,2,
01288,3,68.0,1,Secondaire
01288,4,10.0,1,Secondaire
01288,5,34.0,1,Secondaire
01288,6,17.0,2,Aucun
01288,7,44.0,2,Primaire
01288,8,70.0,1,Primaire
01288,9,33.0,1,Secondaire
01289,1,57.0,1,Aucun
01289,2,13.0,2,Secondaire
01289,3,0.0,2,Aucun
01289,4,17.0,2,Secondaire
01290,1,47.0,1,Secondaire
01290,2,6.0,1,Aucun
01290,3,,1,Aucun
01290,4,51.0,1,Primaire
01290,5,38.0,2,Primaire
01290,6,34.0,1,Aucun
01290,7,59.0,1,Aucun
01290,8,20.0,2,Aucun
01290,9,14.0,1,
01290,10,11.0,2,Primaire
01290,11,49.0,1,Superieur
01291,1,50.0,1,Aucun
01291,2,28.0,1,Aucun
01291,3,33.0,1,Primaire
01291,4,6.0,1,Aucun
01292,1,65.0,1,Aucun
01292,2,27.0,1,Primaire
01292,3,20.0,2,Aucun
01292,4,41.0,2,Aucun
01292,5,53.0,2,Aucun
01292,6,73.0,2,Primaire
01292,7,47.0,1,Primaire
01292,8,36.0,1,Secondaire
01292,9,31.0,1,Primaire
01292,10,72.0,1,Aucun
01292,11,58.0,1,Secondaire
01292,12,27.0,2,Primaire
01293,1,47.0,2,Aucun
01293,2,39.0,2,Aucun
01293,3,21.0,2,Aucun
01293,4,32.0,1,Secondaire
01293,5,61.0,2,Aucun
01293,6,20.0,1,Secondaire
01293,7,14.0,1,Secondaire
01294,1,41.0,1,Secondaire
01294,2,59.0,2,Aucun
01294,3,25.0,1,
01295,1,35.0,1,Aucun
01295,2,58.0,1,Aucun
01295,3,56.0,1,Secondaire
01295,4,55.0,2,Primaire
01295,5,24.0,1,Aucun
01296,1,28.0,1,Aucun
01296,2,28.0,2,Secondaire
01296,3,21.0,2,Primaire
01296,4,24.0,1,Aucun
01296,5,35.0,1,Aucun
01296,6,11.0,1,Secondaire
01296,7,34.0,1,Secondaire
01296,8,63.0,2,Primaire
01296,9,5.0,2,Aucun
01296,10,74.0,2,Secondaire
01296,11,71.0,2,
01297,1,41.0,1,Aucun
01297,2,24.0,1,Aucun
01297,3,62.0,1,Primaire
01297,4,18.0,2,Primaire
01297,5,63.0,2,Primaire
01298,1,41.0,1,Aucun
01298,2,26.0,2,Primaire
01298,3,12.0,1,Aucun
01298,4,54.0,1,
01298,5,70.0,2,Secondaire
01299,1,39.0,2,Primaire
01299,2,72.0,1,Secondaire
01299,3,14.0,2,Aucun
01299,4,72.0,2,Aucun
01299,5,73.0,2,Primaire
01299,6,30.0,2,Secondaire
01299,7,36.0,1,Secondaire
01300,1,41.0,1,Secondaire
01300,2,4.0,2,Aucun
01300,3,48.0,1,Aucun
01300,4,20.0,2,Aucun
01300,5,9.0,1,Aucun
01300,6,16.0,1,Primaire
01300,7,55.0,2,Aucun
01301,1,61.0,2,Secondaire
01301,2,13.0,2,Aucun
01301,3,48.0,1,Primaire
01301,4,69.0,1,Primaire
01302,1,43.0,1,Aucun
01302,2,74.0,2,Primaire
01302,3,53.0,2,Aucun
01302,4,3.0,1,Aucun
01302,5,58.0,1,Aucun
01302,6,66.0,1,Aucun
01302,7,5.0,1,Aucun
01302,8,53.0,2,
01303,1,42.0,1,Aucun
01303,2,29.0,1,Primaire
01303,3,42.0,1,Primaire
01303,4,74.0,1,Aucun
01303,5,21.0,2,Secondaire
01304,1,50.0,1,Aucun
01304,2,,1,Primaire
01304,3,13.0,1,Aucun
01304,4,3.0,2,
01304,5,43.0,1,Aucun
01304,6,45.0,1,Secondaire
01304,7,44.0,2,Primaire
01304,8,71.0,2,Aucun
01305,1,48.0,1,Aucun
01305,2,70.0,2,Secondaire
01305,3,30.0,1,Aucun
01305,4,36.0,2,Aucun
01305,5,20.0,2,Aucun
01306,1,25.0,1,Primaire
01306,2,50.0,2,Secondaire
01306,3,53.0,2,Secondaire
01306,4,29.0,2,Aucun
01306,5,15.0,1,Primaire
01306,6,66.0,2,Aucun
01306,7,19.0,2,Aucun
01306,8,28.0,2,Primaire
01307,1,43.0,1,Aucun
01307,2,26.0,1,Aucun
01307,3,22.0,1,Aucun
01307,4,41.0,1,Primaire
01307,5,22.0,2,Aucun
01307,6,68.0,2,Primaire
01307,7,4.0,2,Aucun
01308,1,42.0,1,Aucun
01308,2,68.0,2,Aucun
01308,3,51.0,1,Secondaire
01308,4,67.0,1,Aucun
01308,5,60.0,1,Aucun
01308,6,6.0,2,Primaire
01308,7,67.0,2,Primaire
01308,8,4.0,2,Aucun
01308,9,16.0,1,Aucun
01309,1,53.0,1,Aucun
01309,2,59.0,2,Aucun
01309,3,16.0,1,Aucun
01309,4,74.0,2,Secondaire
01309,5,72.0,1,Secondaire
01309,6,22.0,2,
01309,7,30.0,2,Secondaire
01310,1,47.0,2,Primaire
01310,2,70.0,2,Secondaire
01310,3,60.0,2,Secondaire
01310,4,0.0,1,Aucun
01310,5,28.0,2,Aucun
01310,6,7.0,2,
01311,1,43.0,1,Aucun
01311,2,70.0,2,Aucun
01311,3,8.0,1,Aucun
01311,4,64.0,2,Aucun
01311,5,0.0,2,Aucun
01311,6,21.0,1,Aucun
01311,7,55.0,2,Primaire
01311,8,28.0,1,Aucun
01312,1,43.0,1,Secondaire
01312,2,32.0,2,Aucun
01312,3,18.0,1,Primaire
01313,1,31.0,1,Aucun
01313,2,53.0,2,Aucun
01313,3,7.0,1,Secondaire
01313,4,24.0,1,Primaire
01313,5,19.0,1,Primaire
01313,6,33.0,1,Aucun
01313,7,52.0,2,Aucun
01313,8,54.0,1,Secondaire
01313,9,12.0,2,
01313,10,42.0,1,Primaire
01313,11,73.0,1,Superieur
01313,12,,2,Primaire
01314,1,42.0,1,Primaire
01314,2,42.0,2,Aucun
01314,3,45.0,2,Secondaire
01314,4,60.0,1,Primaire
01315,1,39.0,1,Primaire
01315,2,38.0,2,Aucun
01315,3,51.0,1,Aucun
01316,1,51.0,1,Aucun
01316,2,16.0,2,Primaire
01316,3,50.0,2,Aucun
01316,4,62.0,2,Primaire
01316,5,33.0,1,Superieur
01316,6,29.0,1,Secondaire
01317,1,62.0,1,Aucun
01317,2,36.0,2,Aucun
01318,1,26.0,1,Aucun
01318,2,24.0,1,Aucun
01318,3,73.0,1,Primaire
01318,4,64.0,1,Aucun
01318,5,66.0,2,Secondaire
01318,6,29.0,1,Secondaire
01318,7,57.0,1,Aucun
01319,1,38.0,1,Aucun
01319,2,44.0,1,Aucun
01319,3,69.0,2,Aucun
01319,4,72.0,2,Secondaire
01319,5,56.0,2,Primaire
01319,6,41.0,1,Aucun
01319,7,73.0,2,Primaire
01319,8,24.0,1,Aucun
01319,9,17.0,2,Aucun
01319,10,47.0,2,Primaire
01319,11,36.0,1,Secondaire
01320,1,49.0,2,Aucun
01320,2,61.0,1,Aucun
01321,1,38.0,1,Primaire
01321,2,32.0,2,Primaire
01321,3,34.0,1,Primaire
01321,4,13.0,2,Aucun
01321,5,59.0,1,Aucun
01321,6,48.0,1,Secondaire
01321,7,13.0,1,Superieur
01321,8,21.0,2,Primaire
01321,9,72.0,2,Aucun
01322,1,44.0,1,Primaire
01322,2,58.0,2,Primaire
01322,3,5.0,2,Aucun
01322,4,12.0,2,Primaire
01322,5,28.0,2,Primaire
01322,6,56.0,1,Secondaire
01322,7,49.0,2,Primaire
01322,8,20.0,1,Aucun
01323,1,47.0,1,Primaire
01323,2,68.0,1,Aucun
01323,3,68.0,2,Primaire
01323,4,10.0,1,Secondaire
01323,5,26.0,2,
01323,6,6.0,1,Secondaire
01324,1,38.0,1,Aucun
01325,1,36.0,2,Aucun
01325,2,18.0,2,Aucun
01325,3,37.0,1,Aucun
01325,4,6.0,1,Primaire
01325,5,0.0,1,Aucun
01325,6,14.0,2,
01325,7,44.0,1,Primaire
01325,8,53.0,1,Superieur
01326,1,48.0,1,Primaire
01326,2,40.0,1,Primaire
01326,3,17.0,1,Primaire
01326,4,74.0,2,Aucun
01326,5,59.0,1,Primaire
01327,1,51.0,1,Aucun
01327,2,5.0,2,Aucun
01327,3,42.0,2,Aucun
01327,4,32.0,1,Aucun
01327,5,65.0,2,Primaire
01327,6,12.0,1,Primaire
01327,7,45.0,2,Primaire
01328,1,37.0,1,Aucun
01328,2,0.0,1,Aucun
01328,3,28.0,2,Aucun
01328,4,8.0,2,Secondaire
01328,5,44.0,2,Aucun
01328,6,45.0,2,Primaire
01329,1,38.0,1,Primaire
01329,2,73.0,1,Aucun
01329,3,49.0,1,
01329,4,46.0,1,Aucun
01329,5,38.0,1,Primaire
01330,1,23.0,1,Secondaire
01330,2,15.0,1,Aucun
01330,3,0.0,2,Aucun
01330,4,0.0,2,Aucun
01331,1,40.0,2,Aucun
01331,2,18.0,1,Secondaire
01331,3,64.0,2,Aucun
01331,4,25.0,1,Primaire
01331,5,5.0,2,Aucun
01331,6,50.0,1,
01331,7,31.0,1,Aucun
01332,1,54.0,1,Secondaire
01332,2,73.0,2,Primaire
01332,3,59.0,2,Aucun
01332,4,41.0,1,Primaire
01332,5,22.0,2,Secondaire
01333,1,57.0,1,Aucun
01333,2,54.0,2,Aucun
01333,3,2.0,1,Aucun
01333,4,8.0,2,Primaire
01333,5,15.0,2,Primaire
01334,1,47.0,1,Aucun
01334,2,57.0,1,Primaire
01334,3,35.0,1,Secondaire
01334,4,31.0,2,Aucun
01334,5,60.0,2,Aucun
01334,6,16.0,2,Superieur
01334,7,20.0,2,Aucun
01334,8,54.0,2,Primaire
01334,9,30.0,1,Primaire
01335,1,38.0,1,Primaire
01335,2,54.0,1,Aucun
01335,3,11.0,1,Secondaire
01335,4,59.0,1,Primaire
01335,5,61.0,2,Superieur
01335,6,36.0,2,Primaire
01335,7,,1,Primaire
01335,8,1.0,2,Aucun
01335,9,70.0,1,
01336,1,51.0,1,Aucun
01336,2,46.0,2,Primaire
01336,3,67.0,1,Secondaire
01336,4,37.0,1,Primaire
01336,5,4.0,2,Aucun
01336,6,0.0,1,Aucun
01337,1,21.0,1,Primaire
01337,2,5.0,1,Aucun
01337,3,35.0,2,Primaire
01337,4,70.0,2,Secondaire
01337,5,65.0,2,Aucun
01337,6,4.0,1,
01337,7,25.0,1,Secondaire
01337,8,29.0,2,Primaire
01338,1,36.0,2,Aucun
01338,2,61.0,1,Primaire
01338,3,10.0,1,Primaire
01339,1,32.0,2,Primaire
01339,2,16.0,1,
01339,3,18.0,1,Primaire
01339,4,53.0,2,Aucun
01339,5,6.0,2,Primaire
01339,6,1.0,2,Aucun
01339,7,8.0,1,Aucun
01339,8,49.0,2,Aucun
01340,1,46.0,1,Aucun
01340,2,56.0,2,Aucun
01340,3,65.0,2,Primaire
01340,4,43.0,2,
01340,5,10.0,2,Secondaire
01340,6,43.0,1,Secondaire
01341,1,38.0,2,Aucun
01341,2,48.0,1,Aucun
01341,3,19.0,1,Aucun
01341,4,27.0,2,Primaire
01341,5,15.0,1,Primaire
01341,6,55.0,2,Secondaire
01341,7,41.0,1,Primaire
01341,8,71.0,1,Primaire
01342,1,44.0,1,Aucun
01342,2,37.0,1,Primaire
01342,3,2.0,2,Aucun
01342,4,32.0,1,Aucun
01342,5,20.0,1,Aucun
01342,6,48.0,2,Aucun
01343,1,59.0,1,Secondaire
01343,2,26.0,1,Secondaire
01343,3,40.0,2,Aucun
01343,4,9.0,2,Aucun
01343,5,11.0,2,Primaire
01344,1,61.0,1,Aucun
01344,2,67.0,2,Aucun
01345,1,28.0,1,Aucun
01345,2,24.0,2,Secondaire
01345,3,49.0,2,Aucun
01345,4,33.0,1,Aucun
01345,5,49.0,2,Secondaire
01345,6,41.0,2,Aucun
01345,7,18.0,2,
01345,8,62.0,1,
01345,9,41.0,1,Aucun
01346,1,34.0,1,Aucun
01346,2,34.0,1,Primaire
01346,3,70.0,1,
01346,4,10.0,1,Aucun
01346,5,8.0,2,Secondaire
01346,6,10.0,2,Superieur
01346,7,34.0,1,Aucun
01347,1,32.0,1,Secondaire
01347,2,25.0,2,Aucun
01347,3,22.0,2,Secondaire
01347,4,33.0,1,Primaire
01347,5,2.0,1,Aucun
01348,1,30.0,1,Primaire
01348,2,47.0,1,Aucun
01348,3,40.0,2,Aucun
01349,1,28.0,1,Primaire
01349,2,27.0,2,Primaire
01349,3,12.0,2,Aucun
01349,4,60.0,2,Primaire
01349,5,36.0,1,
01349,6,45.0,2,Aucun
01349,7,30.0,1,Primaire
01349,8,21.0,1,Primaire
01349,9,27.0,1,Primaire
01349,10,4.0,1,Aucun
01350,1,54.0,1,Primaire
01350,2,15.0,1,Aucun
01350,3,65.0,1,Primaire
01350,4,14.0,2,Primaire
01350,5,58.0,1,Aucun
01350,6,9.0,2,Secondaire
01350,7,49.0,2,Aucun
01350,8,32.0,1,Aucun
01350,9,32.0,2,Primaire
01350,10,22.0,1,Aucun
01350,11,57.0,2,Secondaire
01350,12,31.0,2,Secondaire
01350,13,58.0,2,Secondaire
01351,1,42.0,1,Aucun
01351,2,24.0,2,Primaire
01351,3,58.0,2,Secondaire
01352,1,35.0,2,Secondaire
01352,2,60.0,2,Primaire
01352,3,48.0,1,Primaire
01352,4,72.0,1,Secondaire
01352,5,19.0,2,Primaire
01353,1,39.0,1,Primaire
01353,2,49.0,2,Secondaire
01353,3,7.0,1,Primaire
01353,4,64.0,2,Superieur
01354,1,42.0,1,Aucun
01354,2,43.0,1,Aucun
01354,3,72.0,1,Aucun
01354,4,33.0,2,Superieur
01354,5,50.0,2,Aucun
01354,6,12.0,2,Aucun
01354,7,,1,Secondaire
01355,1,48.0,1,
01355,2,17.0,2,Secondaire
01355,3,7.0,1,Secondaire
01355,4,67.0,2,Secondaire
01356,1,36.0,1,Aucun
01356,2,56.0,1,Aucun
01357,1,49.0,1,Primaire
01357,2,73.0,1,Secondaire
01357,3,65.0,1,Primaire
01357,4,35.0,1,Aucun
01357,5,69.0,1,Aucun
01357,6,42.0,1,Secondaire
01357,7,22.0,1,Secondaire
01357,8,54.0,2,Aucun
01358,1,37.0,2,Aucun
01358,2,73.0,1,Secondaire
01358,3,68.0,1,Aucun
01358,4,48.0,2,Secondaire
01358,5,54.0,2,Aucun
01358,6,7.0,1,Aucun
01358,7,71.0,2,Primaire
01359,1,45.0,1,Secondaire
01359,2,,1,
01359,3,23.0,1,Secondaire
01359,4,16.0,2,Secondaire
01359,5,17.0,1,Aucun
01359,6,9.0,2,Aucun
01359,7,44.0,2,Aucun
01360,1,36.0,1,Aucun
01360,2,1.0,2,Aucun
01360,3,9.0,1,Aucun
01360,4,33.0,2,Primaire
01360,5,26.0,1,Superieur
01360,6,42.0,2,Aucun
01360,7,,2,Aucun
01360,8,4.0,1,Aucun
01360,9,42.0,1,Aucun
01361,1,54.0,2,Superieur
01361,2,62.0,2,Aucun
01361,3,20.0,1,Primaire
01361,4,26.0,2,Aucun
01361,5,63.0,1,Primaire
01361,6,67.0,2,Primaire
01361,7,49.0,2,Primaire
01362,1,22.0,1,Aucun
01362,2,72.0,1,Primaire
01362,3,71.0,1,Aucun
01362,4,28.0,2,Secondaire
01362,5,26.0,1,Primaire
01363,1,35.0,2,Aucun
01363,2,73.0,2,
01363,3,50.0,1,
01364,1,23.0,1,Aucun
01364,2,46.0,1,Primaire
01364,3,10.0,1,Aucun
01364,4,72.0,2,
01364,5,67.0,1,Primaire
01365,1,48.0,1,Primaire
01365,2,51.0,2,Aucun
01366,1,32.0,1,Secondaire
01366,2,40.0,1,Secondaire
01366,3,18.0,1,Primaire
01366,4,,1,Secondaire
01366,5,68.0,2,
01366,6,14.0,2,Aucun
01366,7,40.0,1,Aucun
01366,8,48.0,1,Primaire
01367,1,25.0,1,Secondaire
01367,2,29.0,1,Aucun
01367,3,14.0,2,Aucun
01367,4,29.0,1,Aucun
01367,5,5.0,1,Aucun
01367,6,37.0,1,Secondaire
01367,7,0.0,1,Aucun
01367,8,,1,Aucun
01368,1,36.0,1,Aucun
01368,2,24.0,2,
01368,3,29.0,1,Secondaire
01368,4,28.0,1,Primaire
01368,5,26.0,1,Primaire
01368,6,11.0,2,Secondaire
01368,7,21.0,1,Primaire
01369,1,60.0,2,Secondaire
01369,2,,1,Secondaire
01369,3,46.0,2,Aucun
01370,1,50.0,2,Primaire
01370,2,35.0,1,Aucun
01370,3,13.0,1,Aucun
01370,4,61.0,1,Primaire
01370,5,26.0,1,Secondaire
01370,6,48.0,1,Primaire
01370,7,25.0,2,Secondaire
01370,8,34.0,1,Aucun
01370,9,34.0,1,Secondaire
01371,1,74.0,1,Secondaire
01371,2,1.0,2,Aucun
01371,3,50.0,1,Aucun
01371,4,8.0,1,Secondaire
01371,5,29.0,1,Primaire
01372,1,54.0,1,Secondaire
01372,2,48.0,2,Primaire
01372,3,5.0,2,Aucun
01372,4,23.0,2,Aucun
01372,5,19.0,2,Secondaire
01372,6,46.0,1,Aucun
01372,7,24.0,2,Primaire
01372,8,55.0,1,Primaire
01372,9,21.0,1,Primaire
01372,10,1.0,1,Aucun
01373,1,42.0,1,Primaire
01373,2,65.0,2,Aucun
01373,3,29.0,2,Aucun
01373,4,13.0,2,Secondaire
01373,5,70.0,1,Primaire
01373,6,24.0,2,Aucun
01373,7,35.0,1,Secondaire
01373,8,1.0,2,Aucun
01374,1,49.0,2,Primaire
01374,2,69.0,1,Primaire
01374,3,67.0,1,Primaire
01375,1,47.0,1,Aucun
01375,2,6.0,1,Primaire
01375,3,33.0,1,Secondaire
01376,1,64.0,1,Secondaire
01376,2,39.0,2,Primaire
01376,3,16.0,2,Aucun
01376,4,41.0,2,Aucun
01376,5,46.0,2,Aucun
01376,6,15.0,2,Primaire
01376,7,14.0,2,Secondaire
01377,1,55.0,1,Aucun
01377,2,,1,Secondaire
01377,3,46.0,1,Aucun
01378,1,27.0,2,Primaire
01378,2,43.0,2,Aucun
01378,3,28.0,1,Aucun
01378,4,64.0,1,Secondaire
01378,5,,1,Secondaire
01378,6,68.0,1,Secondaire
01378,7,20.0,1,Superieur
01379,1,51.0,2,Secondaire
01379,2,57.0,1,
01379,3,59.0,2,Aucun
01379,4,5.0,2,Aucun
01379,5,30.0,2,Secondaire
01379,6,29.0,2,Secondaire
01380,1,49.0,1,Aucun
01380,2,55.0,1,Primaire
01380,3,15.0,2,Secondaire
01381,1,26.0,2,Aucun
01381,2,0.0,1,Aucun
01381,3,26.0,2,Aucun
01381,4,49.0,2,Secondaire
01382,1,42.0,1,Aucun
01382,2,16.0,1,Aucun
01382,3,14.0,2,Secondaire
01382,4,47.0,2,Aucun
01382,5,47.0,2,Primaire
01382,6,22.0,1,Aucun
01382,7,49.0,2,Aucun
01382,8,,1,Aucun
01382,9,25.0,2,Aucun
01382,10,34.0,2,Aucun
01382,11,22.0,1,Aucun
01383,1,41.0,1,Aucun
01383,2,72.0,2,Primaire
01383,3,22.0,1,Primaire
01383,4,31.0,2,Primaire
01383,5,12.0,2,Secondaire
01383,6,32.0,1,Aucun
01383,7,58.0,2,Aucun
01383,8,37.0,1,Secondaire
01383,9,39.0,1,Secondaire
01384,1,44.0,1,Aucun
01384,2,12.0,1,Aucun
01384,3,59.0,1,Primaire
01384,4,35.0,2,Secondaire
01384,5,48.0,1,Aucun
01385,1,21.0,2,Aucun
01385,2,54.0,2,
01385,3,10.0,1,Aucun
01385,4,39.0,2,Primaire
01385,5,,1,Primaire
01385,6,26.0,1,Primaire
01386,1,46.0,1,Aucun
01386,2,52.0,1,Primaire
01386,3,3.0,2,Aucun
01387,1,55.0,1,Aucun
01387,2,16.0,2,Primaire
01387,3,44.0,2,Aucun
01387,4,,1,Aucun
01387,5,62.0,2,Primaire
01387,6,18.0,1,Primaire
01387,7,52.0,2,Primaire
01388,1,39.0,1,Primaire
01388,2,42.0,2,Aucun
01388,3,46.0,2,Aucun
01388,4,16.0,1,Aucun
01388,5,66.0,1,Secondaire
01388,6,39.0,2,Secondaire
01389,1,43.0,1,Aucun
01389,2,73.0,1,Aucun
01389,3,3.0,2,
01389,4,3.0,2,Aucun
01389,5,28.0,1,Aucun
01389,6,3.0,2,Aucun
01390,1,51.0,1,Aucun
01390,2,2.0,2,Aucun
01390,3,26.0,1,
01390,4,39.0,1,Primaire
01390,5,2.0,2,Aucun
01390,6,63.0,2,Primaire
01390,7,43.0,1,Aucun
01390,8,47.0,1,Secondaire
01390,9,62.0,2,Aucun
01391,1,53.0,1,Primaire
01391,2,12.0,2,Aucun
01391,3,25.0,2,Aucun
01391,4,68.0,1,Secondaire
01392,1,45.0,2,Secondaire
01392,2,11.0,2,Aucun
01392,3,19.0,2,Aucun
01392,4,52.0,1,Primaire
01392,5,62.0,1,Aucun
01392,6,53.0,2,Secondaire
01392,7,63.0,1,Aucun
01392,8,37.0,1,Aucun
01392,9,53.0,2,Aucun
01393,1,46.0,1,Primaire
01393,2,19.0,1,Aucun
01393,3,32.0,1,Superieur
01393,4,71.0,2,Secondaire
01394,1,42.0,2,Aucun
01394,2,52.0,2,Aucun
01394,3,25.0,1,Primaire
01394,4,61.0,2,Primaire
01394,5,33.0,2,Primaire
01394,6,22.0,2,Secondaire
01394,7,55.0,2,Secondaire
01395,1,47.0,1,Secondaire
01395,2,30.0,2,Secondaire
01395,3,3.0,2,Aucun
01395,4,50.0,2,Aucun
01395,5,16.0,1,Aucun
01395,6,51.0,1,Secondaire
01395,7,71.0,2,Secondaire
01395,8,56.0,2,Aucun
01395,9,35.0,2,Aucun
01395,10,16.0,1,Secondaire
01395,11,52.0,1,Aucun
01395,12,73.0,1,Secondaire
01396,1,20.0,2,Aucun
01396,2,6.0,2,Secondaire
01396,3,66.0,1,Primaire
01396,4,,1,Primaire
01396,5,52.0,2,Primaire
01397,1,23.0,1,Aucun
01397,2,62.0,2,Secondaire
01397,3,66.0,2,Primaire
01397,4,65.0,2,Primaire
01397,5,6.0,1,Primaire
01397,6,70.0,2,Primaire
01397,7,60.0,2,Aucun
01397,8,2.0,1,Aucun
01398,1,47.0,2,Aucun
01398,2,0.0,1,Aucun
01398,3,10.0,2,Primaire
01398,4,67.0,1,Aucun
01398,5,12.0,1,Aucun
01398,6,26.0,1,Aucun
01398,7,49.0,1,Primaire
01399,1,28.0,2,Superieur
01399,2,64.0,2,Secondaire
01400,1,59.0,1,Secondaire
01400,2,21.0,1,Primaire
01400,3,39.0,1,Aucun
01400,4,7.0,1,Aucun
01401,1,47.0,1,Primaire
01401,2,33.0,1,Secondaire
01401,3,,2,Aucun
01401,4,63.0,2,Secondaire
01401,5,18.0,2,Primaire
01402,1,53.0,1,Aucun
01402,2,53.0,2,Primaire
01402,3,61.0,2,Primaire
01402,4,73.0,1,Aucun
01403,1,34.0,2,Aucun
01404,1,30.0,2,Primaire
01404,2,61.0,1,Secondaire
01404,3,49.0,2,Primaire
01404,4,0.0,2,Aucun
01404,5,65.0,1,Aucun
01405,1,27.0,1,Aucun
01405,2,28.0,1,
01405,3,6.0,2,Primaire
01405,4,58.0,2,
01406,1,40.0,1,Secondaire
01406,2,26.0,1,Aucun
01406,3,64.0,1,Secondaire
01406,4,27.0,1,Aucun
01406,5,29.0,2,Secondaire
01406,6,6.0,2,Secondaire
01406,7,34.0,1,Aucun
01407,1,31.0,2,Primaire
01407,2,37.0,2,Aucun
01407,3,41.0,2,Secondaire
01407,4,33.0,1,
01407,5,23.0,1,Aucun
01407,6,1.0,1,Aucun
01408,1,50.0,2,Aucun
01408,2,2.0,2,Aucun
01408,3,22.0,2,Primaire
01408,4,70.0,1,Primaire
01408,5,64.0,2,Secondaire
01408,6,10.0,2,Aucun
01408,7,7.0,2,Secondaire
01408,8,32.0,1,Aucun
01408,9,42.0,1,Secondaire
01409,1,46.0,1,Aucun
01409,2,55.0,1,Aucun
01409,3,61.0,1,Primaire
01409,4,61.0,1,Secondaire
01409,5,47.0,2,Secondaire
01409,6,20.0,1,Aucun
01409,7,65.0,1,Aucun
01410,1,43.0,1,Aucun
01410,2,50.0,1,Secondaire
01410,3,63.0,2,Primaire
01410,4,9.0,2,Primaire
01410,5,24.0,2,Secondaire
01410,6,5.0,1,Aucun
01411,1,53.0,1,Aucun
01411,2,4.0,2,Aucun
01411,3,16.0,2,Primaire
01411,4,22.0,1,Primaire
01411,5,56.0,2,Superieur
01411,6,5.0,2,Aucun
01412,1,40.0,1,
01412,2,34.0,2,Aucun
01412,3,8.0,2,Primaire
01412,4,44.0,2,Secondaire
01412,5,48.0,2,Secondaire
01412,6,56.0,1,Primaire
01413,1,62.0,2,Aucun
01413,2,20.0,1,Secondaire
01413,3,63.0,2,Superieur
01413,4,28.0,2,Aucun
01413,5,62.0,2,Secondaire
01413,6,1.0,1,Aucun
01414,1,40.0,2,Aucun
01414,2,51.0,2,Aucun
01415,1,36.0,1,Primaire
01415,2,16.0,2,Primaire
01415,3,60.0,1,Secondaire
01415,4,7.0,2,Primaire
01415,5,25.0,1,Aucun
01415,6,62.0,1,Aucun
01416,1,28.0,1,Aucun
01416,2,39.0,2,Aucun
01416,3,2.0,1,Aucun
01416,4,21.0,2,Secondaire
01416,5,66.0,2,Aucun
01416,6,,1,Aucun
01416,7,31.0,2,Aucun
01416,8,69.0,2,Superieur
01416,9,64.0,2,Primaire
01417,1,45.0,1,Secondaire
01417,2,57.0,1,Primaire
01417,3,12.0,1,Aucun
01417,4,53.0,2,Secondaire
01417,5,9.0,1,Primaire
01417,6,72.0,1,Aucun
01417,7,47.0,1,Secondaire
01417,8,24.0,1,Aucun
01417,9,64.0,1,Secondaire
01417,10,67.0,2,Secondaire
01418,1,40.0,1,Aucun
01418,2,70.0,1,Aucun
01418,3,42.0,2,Primaire
01418,4,36.0,2,Secondaire
01418,5,27.0,1,Aucun
01418,6,45.0,1,Aucun
01418,7,55.0,1,Superieur
01418,8,42.0,2,Primaire
01419,1,71.0,1,Secondaire
01419,2,66.0,2,Primaire
01419,3,23.0,1,Primaire
01419,4,23.0,1,Aucun
01419,5,32.0,2,Aucun
01420,1,36.0,1,Secondaire
01420,2,28.0,1,Primaire
01420,3,14.0,1,Aucun
01420,4,70.0,2,Secondaire
01420,5,53.0,2,Aucun
01420,6,51.0,1,Primaire
01420,7,1.0,1,Aucun
01421,1,,1,Aucun
01421,2,51.0,1,Secondaire
01422,1,38.0,1,
01422,2,33.0,2,Secondaire
01422,3,61.0,1,Secondaire
01422,4,6.0,2,Secondaire
01422,5,28.0,2,Secondaire
01422,6,11.0,1,Primaire
01422,7,36.0,1,Primaire
01423,1,27.0,1,Secondaire
01423,2,50.0,2,Primaire
01423,3,39.0,2,Aucun
01423,4,18.0,1,Secondaire
01423,5,3.0,2,Aucun
01423,6,42.0,2,Secondaire
01424,1,26.0,2,Secondaire
01424,2,4.0,1,Aucun
01424,3,36.0,1,Primaire
01424,4,68.0,1,Primaire
01424,5,69.0,2,Superieur
01424,6,54.0,1,Primaire
01424,7,30.0,2,Secondaire
01425,1,40.0,1,Secondaire
01425,2,64.0,1,Primaire
01425,3,12.0,2,Aucun
01426,1,34.0,1,Aucun
01426,2,58.0,2,Primaire
01426,3,,1,Aucun
01426,4,61.0,2,Aucun
01426,5,31.0,1,Primaire
01427,1,52.0,1,Secondaire
01427,2,49.0,1,Aucun
01427,3,36.0,2,Secondaire
01427,4,14.0,1,Aucun
01427,5,45.0,1,Primaire
01427,6,18.0,1,Primaire
01427,7,26.0,2,Primaire
01428,1,26.0,1,Primaire
01428,2,62.0,1,Primaire
01428,3,30.0,1,Secondaire
01428,4,26.0,1,Secondaire
01428,5,10.0,2,Secondaire
01429,1,31.0,2,Aucun
01429,2,41.0,1,
01429,3,10.0,2,Primaire
01429,4,65.0,1,Primaire
01429,5,45.0,2,Secondaire
01429,6,33.0,2,Primaire
01429,7,58.0,2,Secondaire
01429,8,62.0,1,Secondaire
01430,1,64.0,2,Primaire
01430,2,59.0,2,Aucun
01430,3,41.0,1,Aucun
01430,4,7.0,1,Secondaire
01430,5,9.0,2,Aucun
01430,6,30.0,2,Secondaire
01430,7,58.0,1,Aucun
01430,8,29.0,1,Primaire
01430,9,56.0,1,Superieur
01430,10,,1,Secondaire
01430,11,70.0,1,Primaire
01430,12,28.0,1,Aucun
01431,1,53.0,2,Aucun
01431,2,42.0,2,Secondaire
01431,3,50.0,2,Aucun
01432,1,62.0,1,Secondaire
01432,2,10.0,2,Primaire
01432,3,10.0,2,Primaire
01432,4,,2,Aucun
01432,5,73.0,2,Aucun
01432,6,36.0,1,Primaire
01433,1,35.0,2,Secondaire
01433,2,3.0,2,Aucun
01433,3,,2,Secondaire
01433,4,43.0,2,Aucun
01433,5,71.0,2,Secondaire
01434,1,46.0,1,Aucun
01434,2,55.0,1,Primaire
01434,3,73.0,2,Primaire
01435,1,41.0,2,Primaire
01435,2,23.0,1,Primaire
01435,3,48.0,2,Aucun
01435,4,37.0,1,Primaire
01435,5,11.0,2,Superieur
01435,6,58.0,2,Secondaire
01435,7,5.0,2,Aucun
01435,8,8.0,1,Primaire
01435,9,42.0,2,
01436,1,34.0,1,Aucun
01436,2,9.0,2,Primaire
01436,3,1.0,1,Aucun
01436,4,41.0,2,Superieur
01436,5,21.0,2,Primaire
01436,6,59.0,2,Secondaire
01436,7,64.0,2,Secondaire
01436,8,56.0,2,Aucun
01437,1,51.0,1,Aucun
01437,2,6.0,2,Primaire
01437,3,8.0,2,Primaire
01438,1,50.0,1,Primaire
01438,2,24.0,1,Aucun
01438,3,13.0,1,Aucun
01438,4,70.0,2,Primaire
01438,5,2.0,2,Aucun
01438,6,23.0,1,Aucun
01438,7,42.0,2,Primaire
01439,1,39.0,1,Primaire
01439,2,41.0,1,Secondaire
01439,3,0.0,2,Aucun
01439,4,6.0,2,Primaire
01439,5,5.0,2,Aucun
01439,6,8.0,2,Primaire
01439,7,,1,Aucun
01440,1,34.0,2,Aucun
01440,2,17.0,1,Primaire
01440,3,49.0,2,
01440,4,19.0,1,Primaire
01441,1,63.0,1,Aucun
01441,2,71.0,1,Primaire
01441,3,,1,Secondaire
01441,4,18.0,2,Primaire
01441,5,0.0,2,Aucun
01441,6,69.0,1,Primaire
01442,1,35.0,1,Secondaire
01442,2,13.0,2,Primaire
01442,3,47.0,2,Primaire
01442,4,27.0,1,Aucun
01442,5,66.0,2,Aucun
01442,6,6.0,1,Secondaire
01442,7,26.0,2,Aucun
01442,8,65.0,1,Secondaire
01442,9,51.0,2,Primaire
01442,10,23.0,1,Aucun
01442,11,8.0,2,Aucun
01443,1,51.0,1,Primaire
01443,2,70.0,2,Secondaire
01443,3,35.0,2,Primaire
01443,4,38.0,2,Secondaire
01443,5,39.0,2,Aucun
01443,6,67.0,1,Secondaire
01443,7,58.0,2,Primaire
01444,1,49.0,1,Aucun
01444,2,36.0,2,Primaire
01444,3,37.0,1,Aucun
01445,1,42.0,1,Aucun
01445,2,6.0,1,Aucun
01445,3,17.0,2,Secondaire
01445,4,6.0,2,Aucun
01445,5,59.0,2,Aucun
01446,1,35.0,2,Primaire
01446,2,31.0,1,Primaire
01446,3,11.0,1,Aucun
01446,4,29.0,1,Primaire
01447,1,40.0,1,Aucun
01447,2,63.0,1,Primaire
01447,3,3.0,2,Aucun
01447,4,73.0,1,Primaire
01447,5,71.0,2,Secondaire
01447,6,23.0,2,Aucun
01447,7,23.0,1,Aucun
01447,8,27.0,1,Secondaire
01447,9,54.0,1,Aucun
01447,10,17.0,1,Primaire
01447,11,3.0,1,Aucun
01448,1,36.0,1,Aucun
01448,2,22.0,2,Primaire
01448,3,7.0,2,Secondaire
01448,4,3.0,1,Aucun
01448,5,44.0,2,Aucun
01448,6,16.0,2,Aucun
01448,7,11.0,1,Secondaire
01448,8,21.0,1,Secondaire
01449,1,38.0,1,Primaire
01449,2,23.0,2,Primaire
01449,3,0.0,1,Aucun
01449,4,68.0,1,Aucun
01450,1,33.0,1,Superieur
01450,2,38.0,2,Primaire
01450,3,74.0,2,Aucun
01450,4,64.0,2,Aucun
01450,5,58.0,2,Aucun
01451,1,43.0,2,Secondaire
01451,2,56.0,2,Primaire
01451,3,27.0,2,Primaire
01451,4,53.0,1,Secondaire
01451,5,49.0,1,Primaire
01452,1,35.0,1,Primaire
01452,2,61.0,1,Secondaire
01453,1,24.0,1,Aucun
01453,2,72.0,1,Aucun
01453,3,71.0,1,Aucun
01453,4,73.0,2,Primaire
01453,5,20.0,1,Secondaire
01453,6,,2,Primaire
01453,7,72.0,1,Primaire
01453,8,51.0,1,Secondaire
01454,1,41.0,1,Aucun
01454,2,1.0,2,Aucun
01454,3,21.0,1,Aucun
01454,4,64.0,1,Primaire
01454,5,17.0,1,Primaire
01454,6,65.0,1,Primaire
01455,1,43.0,1,Aucun
01455,2,70.0,2,Aucun
01455,3,27.0,1,Secondaire
01455,4,21.0,2,Aucun
01455,5,55.0,1,Primaire
01455,6,64.0,1,Aucun
01455,7,27.0,2,Secondaire
01456,1,26.0,1,Superieur
01456,2,51.0,2,Aucun
01456,3,28.0,1,
01456,4,66.0,1,Secondaire
01456,5,47.0,2,Secondaire
01456,6,25.0,2,Primaire
01456,7,46.0,1,Primaire
01456,8,4.0,2,Aucun
01457,1,58.0,1,
01457,2,42.0,2,Primaire
01457,3,1.0,1,Aucun
01457,4,30.0,2,Secondaire
01457,5,2.0,1,Aucun
01457,6,28.0,1,Aucun
01457,7,14.0,2,Aucun
01457,8,8.0,1,Primaire
01457,9,57.0,1,Secondaire
01457,10,56.0,1,Primaire
01458,1,27.0,1,Aucun
01458,2,60.0,2,Secondaire
01458,3,25.0,1,Secondaire
01458,4,58.0,1,Primaire
01459,1,52.0,1,Primaire
01459,2,49.0,1,Primaire
01459,3,22.0,1,Aucun
01459,4,32.0,2,Primaire
01459,5,34.0,2,Primaire
01459,6,57.0,2,Primaire
01460,1,46.0,1,Aucun
01460,2,69.0,1,Aucun
01460,3,42.0,1,Primaire
01460,4,4.0,1,
01460,5,,2,Secondaire
01460,6,9.0,2,Primaire
01461,1,51.0,1,Primaire
01461,2,10.0,1,Primaire
01461,3,13.0,1,Primaire
01461,4,4.0,1,Aucun
01461,5,72.0,2,
01462,1,39.0,1,Aucun
01462,2,52.0,2,Primaire
01462,3,64.0,2,Aucun
01462,4,9.0,1,Aucun
01463,1,42.0,1,Primaire
01463,2,63.0,2,Primaire
01463,3,14.0,2,Aucun
01463,4,66.0,1,Secondaire
01463,5,25.0,1,Primaire
01463,6,58.0,1,Primaire
01463,7,14.0,2,Secondaire
01463,8,11.0,1,Superieur
01464,1,43.0,1,Primaire
01464,2,43.0,2,Aucun
01464,3,66.0,1,Primaire
01465,1,56.0,1,Secondaire
01465,2,7.0,2,Secondaire
01465,3,31.0,1,Secondaire
01465,4,4.0,2,Aucun
01465,5,50.0,2,
01465,6,8.0,1,Primaire
01465,7,48.0,2,Aucun
01465,8,70.0,2,Secondaire
01465,9,74.0,2,Aucun
01466,1,59.0,1,Aucun
01466,2,73.0,2,Secondaire
01466,3,54.0,2,Aucun
01467,1,,1,Aucun
01467,2,30.0,2,Aucun
01467,3,67.0,1,Superieur
01468,1,54.0,2,Primaire
01468,2,65.0,1,Secondaire
01468,3,18.0,1,Primaire
01468,4,31.0,1,Aucun
01468,5,39.0,2,Aucun
01468,6,41.0,1,Primaire
01468,7,66.0,2,Aucun
01469,1,33.0,1,Primaire
01469,2,49.0,1,Aucun
01469,3,31.0,2,Aucun
01469,4,49.0,2,Secondaire
01469,5,41.0,1,Aucun
01469,6,40.0,1,Secondaire
01469,7,68.0,1,Aucun
01469,8,29.0,2,Secondaire
01470,1,40.0,1,Aucun
01470,2,23.0,2,Aucun
01471,1,31.0,1,Aucun
01471,2,41.0,2,Primaire
01471,3,74.0,2,
01471,4,40.0,1,Primaire
01471,5,42.0,1,Aucun
01471,6,2.0,1,Aucun
01471,7,24.0,2,Primaire
01471,8,,2,Aucun
01471,9,1.0,1,Aucun
01471,10,71.0,1,Primaire
01471,11,31.0,1,Aucun
01472,1,42.0,1,Secondaire
01472,2,9.0,2,Primaire
01472,3,10.0,1,Secondaire
01472,4,53.0,2,Aucun
01473,1,50.0,1,Aucun
01473,2,5.0,1,Aucun
01473,3,46.0,2,Primaire
01473,4,50.0,1,Primaire
01473,5,69.0,2,Primaire
01473,6,3.0,1,Aucun
01474,1,28.0,1,Primaire
01474,2,21.0,2,Aucun
01474,3,70.0,2,Primaire
01474,4,62.0,1,Aucun
01474,5,74.0,1,Primaire
01474,6,71.0,1,Aucun
01474,7,11.0,2,Primaire
01474,8,74.0,2,Primaire
01474,9,40.0,1,Superieur
01474,10,9.0,2,Aucun
01475,1,32.0,2,Superieur
01476,1,45.0,1,Aucun
01476,2,63.0,1,Aucun
01476,3,74.0,1,Aucun
01477,1,47.0,2,Aucun
01477,2,68.0,2,
01477,3,63.0,1,Aucun
01477,4,24.0,2,Primaire
01477,5,6.0,1,Secondaire
01477,6,52.0,2,Primaire
01477,7,49.0,1,Aucun
01477,8,55.0,2,Aucun
01478,1,57.0,1,Aucun
01478,2,68.0,2,Secondaire
01478,3,3.0,2,Aucun
01478,4,22.0,1,Primaire
01479,1,46.0,1,Secondaire
01479,2,11.0,2,Aucun
01479,3,69.0,1,Primaire
01479,4,4.0,1,Aucun
01479,5,9.0,1,Aucun
01479,6,53.0,1,Primaire
01480,1,33.0,1,Aucun
01480,2,21.0,1,Primaire
01480,3,41.0,2,Primaire
01480,4,53.0,1,Aucun
01480,5,33.0,2,Primaire
01480,6,7.0,2,Aucun
01480,7,5.0,1,Aucun
01480,8,38.0,1,Primaire
01480,9,34.0,2,Aucun
01480,10,38.0,1,Primaire
01480,11,28.0,1,Primaire
01480,12,16.0,1,
01481,1,34.0,1,Aucun
01481,2,26.0,2,Aucun
01481,3,0.0,2,Aucun
01481,4,18.0,1,Primaire
01481,5,65.0,1,Primaire
01481,6,26.0,2,Secondaire
01481,7,38.0,1,Aucun
01481,8,12.0,2,Secondaire
01482,1,35.0,1,Secondaire
01483,1,49.0,1,Aucun
01483,2,16.0,1,Secondaire
01483,3,26.0,1,Aucun
01483,4,56.0,2,Superieur
01483,5,42.0,1,Superieur
01483,6,51.0,1,Primaire
01483,7,3.0,1,Aucun
01484,1,30.0,1,Aucun
01484,2,10.0,2,Aucun
01484,3,53.0,1,Primaire
01484,4,38.0,2,Primaire
01484,5,54.0,2,Secondaire
01484,6,74.0,1,Aucun
01484,7,6.0,2,Primaire
01484,8,59.0,1,Aucun
01485,1,,1,Primaire
01485,2,21.0,2,Aucun
01485,3,17.0,2,Primaire
01485,4,70.0,2,Aucun
01485,5,48.0,1,Superieur
01485,6,34.0,2,Secondaire
01485,7,51.0,2,Primaire
01486,1,25.0,1,Superieur
01486,2,71.0,2,Secondaire
01486,3,55.0,1,Aucun
01486,4,59.0,2,Primaire
01486,5,16.0,1,Secondaire
01486,6,2.0,2,Aucun
01486,7,65.0,1,
01486,8,7.0,2,Aucun
01487,1,46.0,1,Secondaire
01487,2,34.0,2,Primaire
01487,3,51.0,2,Aucun
01488,1,54.0,1,Aucun
01488,2,39.0,1,Aucun
01488,3,50.0,1,Aucun
01488,4,14.0,1,Primaire
01488,5,52.0,1,Primaire
01488,6,67.0,1,Primaire
01488,7,25.0,2,Superieur
01488,8,66.0,2,Primaire
01488,9,67.0,1,Secondaire
01489,1,31.0,1,Primaire
01489,2,67.0,1,Superieur
01489,3,37.0,2,Aucun
01489,4,36.0,1,Primaire
01489,5,9.0,2,Primaire
01489,6,12.0,2,Primaire
01489,7,45.0,2,Primaire
01490,1,,2,Primaire
01490,2,57.0,1,Primaire
01490,3,53.0,1,Aucun
01491,1,38.0,1,Secondaire
01491,2,11.0,1,Primaire
01491,3,14.0,1,Aucun
01491,4,16.0,1,Aucun
01491,5,72.0,2,Aucun
01491,6,46.0,2,
01492,1,46.0,1,Aucun
01492,2,10.0,2,Aucun
01492,3,68.0,2,Primaire
01492,4,11.0,1,Secondaire
01492,5,5.0,1,Aucun
01493,1,39.0,2,Secondaire
01493,2,50.0,1,Primaire
01493,3,45.0,1,Aucun
01493,4,3.0,2,Aucun
01493,5,45.0,2,Primaire
01493,6,21.0,1,Secondaire
01493,7,40.0,2,Secondaire
01493,8,43.0,1,Primaire
01493,9,10.0,2,Aucun
01493,10,44.0,2,Primaire
01493,11,31.0,2,Aucun
01494,1,65.0,1,Primaire
01494,2,55.0,1,Secondaire
01494,3,11.0,2,
01494,4,68.0,2,Primaire
01495,1,56.0,1,Aucun
01495,2,59.0,1,Primaire
01495,3,16.0,2,Aucun
01495,4,34.0,1,Primaire
01496,1,46.0,1,Primaire
01496,2,19.0,1,Aucun
01496,3,42.0,2,
01496,4,5.0,1,Aucun
01496,5,65.0,1,Primaire
01496,6,25.0,2,Secondaire
01497,1,33.0,1,Aucun
01497,2,46.0,2,Aucun
01497,3,30.0,2,Aucun
01497,4,1.0,1,Aucun
01497,5,,2,Primaire
01497,6,70.0,2,Primaire
01497,7,42.0,1,Secondaire
01497,8,44.0,1,Aucun
01498,1,70.0,1,Aucun
01498,2,64.0,1,Primaire
01498,3,35.0,1,Secondaire
01498,4,58.0,2,Aucun
01498,5,45.0,1,Secondaire
01498,6,68.0,1,Secondaire
01498,7,27.0,2,
01498,8,59.0,1,Primaire
01498,9,21.0,2,Secondaire
01498,10,62.0,1,Aucun
01499,1,43.0,1,
01499,2,5.0,2,Aucun
01499,3,32.0,2,Secondaire
01499,4,37.0,2,Aucun
01499,5,33.0,1,Secondaire
01499,6,61.0,1,Primaire
01499,7,1.0,2,Aucun
01499,8,2.0,1,Aucun
01500,1,41.0,1,Primaire
01500,2,13.0,1,
01500,3,4.0,2,Aucun
01500,4,54.0,2,Aucun
01500,5,1.0,1,Aucun
01500,6,52.0,1,Secondaire
01500,7,21.0,1,Secondaire
01500,8,73.0,2,Primaire
01500,9,10.0,2,Aucun
01500,10,60.0,1,Primaire
01500,11,42.0,2,Primaire
01501,1,63.0,1,Primaire
01501,2,18.0,2,Primaire
01501,3,0.0,1,Aucun
01501,4,67.0,1,Superieur
01501,5,45.0,1,Secondaire
01501,6,53.0,1,Secondaire
01501,7,41.0,2,Primaire
01501,8,22.0,1,Primaire
01502,1,35.0,1,Superieur
01502,2,4.0,2,Aucun
01502,3,11.0,1,Aucun
01502,4,47.0,2,Primaire
01502,5,35.0,1,Secondaire
01502,6,72.0,1,Primaire
01502,7,33.0,2,Secondaire
01502,8,42.0,1,Secondaire
01502,9,55.0,1,Superieur
01502,10,38.0,1,Aucun
01503,1,34.0,1,Primaire
01503,2,27.0,2,Aucun
01503,3,11.0,1,Aucun
01503,4,62.0,1,Secondaire
01503,5,2.0,1,Aucun
01503,6,50.0,1,Secondaire
01503,7,10.0,2,Primaire
01503,8,60.0,2,Secondaire
01504,1,20.0,1,Aucun
01504,2,58.0,1,Aucun
01504,3,62.0,1,Primaire
01504,4,30.0,2,Secondaire
01504,5,50.0,2,Secondaire
01504,6,74.0,1,
01505,1,34.0,1,Aucun
01505,2,58.0,2,Primaire
01505,3,4.0,1,Aucun
01505,4,22.0,2,Primaire
01506,1,45.0,1,Aucun
01506,2,51.0,2,Primaire
01506,3,15.0,2,Superieur
01506,4,,1,Primaire
01506,5,44.0,1,Secondaire
01507,1,29.0,1,
01507,2,3.0,2,Aucun
01507,3,51.0,1,Primaire
01507,4,4.0,2,Aucun
01507,5,3.0,2,Aucun
01507,6,30.0,1,Primaire
01507,7,68.0,2,Aucun
01507,8,15.0,2,Aucun
01507,9,69.0,1,Secondaire
01507,10,52.0,1,Primaire
01508,1,51.0,1,Primaire
01508,2,29.0,1,Aucun
01508,3,4.0,1,
01508,4,56.0,2,Aucun
01508,5,6.0,2,Aucun
01508,6,62.0,2,Primaire
01508,7,65.0,2,Primaire
01509,1,26.0,1,Aucun
01509,2,64.0,1,Aucun
01509,3,53.0,2,Aucun
01509,4,15.0,1,Primaire
01509,5,19.0,1,Aucun
01509,6,30.0,1,Secondaire
01509,7,3.0,2,Aucun
01509,8,21.0,2,Aucun
01509,9,30.0,2,Primaire
01509,10,32.0,1,Secondaire
01509,11,41.0,1,Secondaire
01510,1,40.0,1,Aucun
01510,2,28.0,2,Primaire
01510,3,39.0,2,Primaire
01510,4,67.0,1,Primaire
01510,5,35.0,1,Aucun
01511,1,45.0,1,Primaire
01511,2,3.0,2,Aucun
01511,3,16.0,2,Superieur
01511,4,21.0,2,Secondaire
01511,5,23.0,1,Primaire
01511,6,55.0,1,Primaire
01511,7,14.0,2,Secondaire
01512,1,49.0,1,Aucun
01512,2,0.0,1,Aucun
01512,3,0.0,1,Aucun
01512,4,35.0,1,Primaire
01512,5,38.0,1,Primaire
01512,6,3.0,2,Aucun
01513,1,34.0,1,Aucun
01513,2,66.0,2,Aucun
01514,1,53.0,1,Aucun
01514,2,42.0,2,Aucun
01514,3,24.0,1,Aucun
01514,4,52.0,1,Primaire
01514,5,65.0,2,Primaire
01515,1,61.0,1,Superieur
01515,2,39.0,1,Primaire
01515,3,54.0,2,Primaire
01515,4,73.0,2,Secondaire
01515,5,61.0,1,Primaire
01515,6,48.0,1,Primaire
01515,7,0.0,1,Aucun
01515,8,45.0,2,Aucun
01516,1,41.0,1,
01516,2,44.0,1,Secondaire
01516,3,55.0,1,
01516,4,56.0,1,Primaire
01516,5,0.0,1,Aucun
01516,6,24.0,2,Primaire
01517,1,46.0,1,Secondaire
01517,2,1.0,2,Aucun
01517,3,55.0,2,Primaire
01517,4,28.0,1,Aucun
01517,5,20.0,2,Secondaire
01518,1,50.0,1,Superieur
01518,2,58.0,1,Aucun
01518,3,42.0,1,Primaire
01518,4,48.0,2,Primaire
01519,1,26.0,1,Superieur
01519,2,68.0,2,Primaire
01519,3,44.0,2,Primaire
01520,1,54.0,1,Primaire
01520,2,69.0,2,Secondaire
01520,3,39.0,2,Secondaire
01520,4,32.0,1,Aucun
01520,5,49.0,2,Aucun
01520,6,73.0,1,Primaire
01520,7,9.0,2,Aucun
01520,8,46.0,2,Aucun
01520,9,18.0,1,Primaire
01520,10,70.0,1,Primaire
01521,1,53.0,1,Aucun
01521,2,48.0,1,Aucun
01521,3,25.0,2,Primaire
01521,4,67.0,1,Aucun
01521,5,30.0,1,Aucun
01521,6,65.0,1,Aucun
01521,7,28.0,1,
01521,8,32.0,2,Primaire
01522,1,27.0,1,Primaire
01522,2,3.0,2,Aucun
01522,3,27.0,1,Primaire
01522,4,31.0,1,Aucun
01522,5,7.0,2,Primaire
01522,6,34.0,2,Aucun
01523,1,28.0,1,Superieur
01523,2,42.0,2,Aucun
01523,3,46.0,1,Primaire
01523,4,66.0,2,Aucun
01523,5,28.0,1,Primaire
01523,6,39.0,1,Aucun
01524,1,54.0,1,Secondaire
01524,2,72.0,2,Primaire
01524,3,35.0,1,Aucun
01524,4,60.0,1,Aucun
01524,5,62.0,2,Aucun
01524,6,1.0,1,
01524,7,4.0,2,Aucun
01524,8,23.0,1,Aucun
01524,9,26.0,2,Primaire
01524,10,7.0,1,Aucun
01524,11,42.0,1,Aucun
01525,1,40.0,2,Primaire
01525,2,33.0,2,Secondaire
01525,3,1.0,2,Aucun
01525,4,68.0,1,Aucun
01525,5,31.0,2,Primaire
01526,1,44.0,1,Aucun
01526,2,70.0,1,Superieur
01526,3,22.0,2,Secondaire
01527,1,36.0,2,Superieur
01527,2,39.0,1,Primaire
01527,3,20.0,1,Secondaire
01527,4,46.0,2,Primaire
01527,5,9.0,1,Primaire
01527,6,29.0,2,Primaire
01527,7,22.0,2,Aucun
01527,8,10.0,1,Superieur
01528,1,39.0,1,Superieur
01528,2,11.0,2,Aucun
01528,3,66.0,2,Aucun
01528,4,58.0,1,Secondaire
01528,5,25.0,1,Superieur
01528,6,9.0,1,Primaire
01529,1,34.0,1,Aucun
01529,2,48.0,1,Aucun
01529,3,72.0,2,Primaire
01529,4,13.0,2,Aucun
01529,5,43.0,2,Primaire
01529,6,27.0,2,Primaire
01529,7,37.0,1,Secondaire
01529,8,18.0,1,Aucun
01529,9,46.0,1,Aucun
01529,10,40.0,1,Aucun
01529,11,41.0,1,Aucun
01529,12,35.0,1,Aucun
01529,13,24.0,2,Aucun
01529,14,28.0,2,Secondaire
01530,1,26.0,1,Secondaire
01530,2,38.0,1,
01530,3,51.0,1,Aucun
01530,4,71.0,1,Primaire
01530,5,22.0,2,Aucun
01530,6,12.0,2,Aucun
01531,1,52.0,1,Secondaire
01531,2,51.0,1,Primaire
01531,3,71.0,2,Secondaire
01531,4,62.0,2,Primaire
01531,5,69.0,2,Aucun
01531,6,64.0,2,Primaire
01531,7,61.0,2,Secondaire
01531,8,44.0,1,Aucun
01531,9,10.0,2,Primaire
01531,10,17.0,1,Superieur
01531,11,31.0,2,Primaire
01532,1,44.0,1,Aucun
01532,2,48.0,1,Aucun
01532,3,24.0,2,Primaire
01532,4,60.0,2,Aucun
01533,1,32.0,2,
01533,2,21.0,1,Primaire
01533,3,64.0,1,Aucun
01533,4,10.0,1,Aucun
01533,5,30.0,1,Aucun
01533,6,22.0,2,Aucun
01533,7,14.0,1,Secondaire
01533,8,57.0,1,Superieur
01534,1,29.0,1,Primaire
01534,2,16.0,2,Aucun
01534,3,52.0,1,Secondaire
01534,4,29.0,1,Primaire
01534,5,48.0,1,
01534,6,6.0,1,Primaire
01534,7,38.0,2,
01535,1,43.0,2,Primaire
01535,2,0.0,1,Aucun
01535,3,33.0,1,Aucun
01535,4,56.0,2,Primaire
01535,5,41.0,2,Primaire
01536,1,20.0,1,Primaire
01536,2,56.0,2,Secondaire
01536,3,2.0,1,Aucun
01536,4,48.0,1,Aucun
01536,5,46.0,1,Primaire
01537,1,48.0,2,Aucun
01537,2,72.0,1,Aucun
01537,3,56.0,1,Secondaire
01538,1,52.0,1,Aucun
01538,2,13.0,1,Primaire
01538,3,64.0,1,Secondaire
01538,4,58.0,1,Primaire
01538,5,47.0,1,Primaire
01538,6,3.0,1,Aucun
01538,7,19.0,1,Secondaire
01539,1,47.0,2,Aucun
01539,2,69.0,2,Aucun
01539,3,21.0,2,Primaire
01539,4,62.0,1,Primaire
01539,5,57.0,1,Primaire
01539,6,2.0,1,Aucun
01539,7,46.0,2,Primaire
01539,8,68.0,2,Secondaire
01539,9,0.0,2,Aucun
01539,10,65.0,1,Primaire
01539,11,74.0,1,Primaire
01539,12,54.0,1,Secondaire
01540,1,43.0,1,Aucun
01540,2,34.0,1,Secondaire
01540,3,73.0,1,Aucun
01540,4,28.0,2,Primaire
01540,5,45.0,2,Superieur
01540,6,50.0,1,Primaire
01540,7,5.0,2,Aucun
01541,1,32.0,1,Superieur
01541,2,11.0,1,Secondaire
01541,3,22.0,1,Aucun
01541,4,24.0,2,Aucun
01541,5,25.0,1,Aucun
01541,6,66.0,2,Aucun
01541,7,31.0,1,Aucun
01541,8,14.0,1,
01541,9,66.0,1,Aucun
01541,10,63.0,2,Aucun
01541,11,29.0,2,Aucun
01542,1,58.0,1,Aucun
01542,2,74.0,2,Primaire
01542,3,46.0,1,Primaire
01542,4,49.0,2,Primaire
01543,1,41.0,2,Aucun
01543,2,0.0,1,Aucun
01543,3,11.0,1,Primaire
01543,4,24.0,1,Secondaire
01543,5,27.0,2,Aucun
01543,6,53.0,2,Primaire
01544,1,45.0,1,
01544,2,60.0,1,Secondaire
01544,3,56.0,1,Primaire
01544,4,9.0,1,Primaire
01544,5,61.0,2,Aucun
01544,6,13.0,2,Aucun
01545,1,52.0,1,Primaire
01545,2,43.0,2,Primaire
01545,3,68.0,1,Secondaire
01545,4,40.0,2,Secondaire
01545,5,41.0,2,Secondaire
01545,6,38.0,2,Primaire
01545,7,44.0,1,Primaire
01546,1,47.0,1,Superieur
01546,2,1.0,2,Aucun
01546,3,55.0,2,Secondaire
01546,4,21.0,2,Secondaire
01546,5,44.0,1,Primaire
01546,6,30.0,2,Superieur
01547,1,41.0,1,Primaire
01548,1,50.0,1,Secondaire
01548,2,27.0,2,Primaire
01548,3,14.0,2,Superieur
01548,4,45.0,2,Aucun
01548,5,74.0,2,Secondaire
01549,1,48.0,1,Primaire
01549,2,27.0,2,Secondaire
01549,3,37.0,2,Superieur
01549,4,44.0,2,Primaire
01549,5,25.0,2,Primaire
01549,6,43.0,1,Aucun
01549,7,69.0,2,Secondaire
01550,1,46.0,1,Aucun
01550,2,55.0,2,Primaire
01550,3,,1,Aucun
01551,1,28.0,1,Primaire
01551,2,52.0,2,Secondaire
01551,3,51.0,1,Aucun
01552,1,34.0,1,Primaire
01552,2,20.0,2,Aucun
01552,3,4.0,1,Aucun
01552,4,40.0,1,Secondaire
01552,5,16.0,1,
01552,6,32.0,1,Superieur
01552,7,24.0,2,Aucun
01553,1,52.0,1,Primaire
01553,2,70.0,1,Aucun
01553,3,72.0,1,Secondaire
01553,4,50.0,2,Primaire
01553,5,42.0,1,Secondaire
01553,6,12.0,1,Primaire
01553,7,29.0,1,Aucun
01553,8,5.0,1,Aucun
01553,9,5.0,2,Aucun
01554,1,23.0,2,Aucun
01554,2,54.0,2,Primaire
01554,3,52.0,2,Secondaire
01554,4,40.0,1,Aucun
01555,1,29.0,1,Secondaire
01555,2,52.0,2,Aucun
01555,3,9.0,1,Aucun
01555,4,14.0,2,Secondaire
01556,1,54.0,1,Aucun
01556,2,51.0,1,Aucun
01556,3,8.0,2,Aucun
01557,1,38.0,1,Aucun
01557,2,57.0,1,Primaire
01557,3,57.0,1,Primaire
01557,4,59.0,2,Aucun
01557,5,43.0,1,Aucun
01557,6,47.0,2,Aucun
01557,7,72.0,1,Secondaire
01558,1,70.0,1,Aucun
01558,2,27.0,1,Primaire
01558,3,63.0,2,Primaire
01559,1,25.0,1,Secondaire
01559,2,72.0,1,Aucun
01559,3,6.0,2,Primaire
01559,4,0.0,1,Aucun
01559,5,64.0,2,Aucun
01560,1,26.0,2,Secondaire
01560,2,70.0,2,Superieur
01560,3,59.0,1,Aucun
01560,4,65.0,2,Primaire
01560,5,18.0,2,Aucun
01560,6,13.0,2,Secondaire
01560,7,8.0,1,Secondaire
01560,8,6.0,1,Primaire
01561,1,41.0,1,Primaire
01561,2,21.0,2,Aucun
01561,3,49.0,2,
01561,4,59.0,1,Primaire
01561,5,73.0,1,Primaire
01561,6,40.0,1,Primaire
01561,7,0.0,2,Aucun
01561,8,25.0,2,Aucun
01561,9,23.0,2,Primaire
01562,1,49.0,1,Aucun
01562,2,31.0,2,Aucun
01562,3,17.0,1,Aucun
01562,4,57.0,1,Primaire
01562,5,7.0,2,Secondaire
01562,6,0.0,2,Aucun
01562,7,12.0,1,
01562,8,61.0,1,Primaire
01562,9,65.0,1,Aucun
01563,1,37.0,1,Secondaire
01563,2,34.0,2,Aucun
01563,3,23.0,2,Superieur
01563,4,55.0,2,Secondaire
01563,5,54.0,1,Secondaire
01563,6,20.0,2,Primaire
01563,7,59.0,2,Aucun
01563,8,56.0,1,Primaire
01563,9,74.0,2,Aucun
01563,10,21.0,1,Primaire
01563,11,62.0,2,Aucun
01563,12,14.0,2,Aucun
01563,13,18.0,1,
01563,14,45.0,1,Aucun
01564,1,20.0,1,Primaire
01564,2,45.0,2,Secondaire
01564,3,11.0,1,Secondaire
01564,4,64.0,1,Secondaire
01564,5,54.0,1,Primaire
01564,6,62.0,1,Primaire
01564,7,41.0,1,Primaire
01564,8,32.0,2,Secondaire
01564,9,72.0,2,Aucun
01564,10,38.0,1,
01565,1,28.0,1,Aucun
01565,2,70.0,2,Aucun
01565,3,14.0,2,Secondaire
01565,4,49.0,2,Primaire
01566,1,39.0,1,Aucun
01566,2,65.0,1,Aucun
01566,3,32.0,2,Aucun
01566,4,10.0,1,
01566,5,22.0,2,Aucun
01566,6,69.0,2,Aucun
01567,1,52.0,2,
01567,2,34.0,1,Secondaire
01567,3,49.0,1,Aucun
01567,4,39.0,1,Secondaire
01568,1,36.0,1,Aucun
01568,2,43.0,1,Primaire
01568,3,36.0,2,Aucun
01568,4,22.0,1,Superieur
01568,5,35.0,1,Aucun
01568,6,50.0,1,
01568,7,18.0,2,Superieur
01568,8,,1,Secondaire
01568,9,37.0,2,Aucun
01569,1,46.0,1,Aucun
01569,2,57.0,1,Aucun
01569,3,51.0,1,Secondaire
01569,4,43.0,1,Aucun
01569,5,24.0,2,Primaire
01569,6,28.0,1,Aucun
01569,7,61.0,2,Primaire
01569,8,69.0,2,Secondaire
01569,9,39.0,1,Primaire
01569,10,41.0,2,Primaire
01570,1,32.0,2,Aucun
01570,2,38.0,1,Aucun
01570,3,24.0,2,Primaire
01570,4,41.0,1,Superieur
01570,5,13.0,2,
01570,6,63.0,2,Aucun
01570,7,18.0,1,Aucun
01570,8,30.0,1,Secondaire
01570,9,39.0,2,
01570,10,8.0,1,Primaire
01570,11,40.0,1,
01570,12,48.0,1,Primaire
01570,13,40.0,1,Aucun
01570,14,46.0,2,Aucun
01571,1,34.0,1,Secondaire
01571,2,73.0,1,Aucun
01571,3,52.0,2,Primaire
01572,1,43.0,1,Aucun
01572,2,34.0,2,Secondaire
01572,3,66.0,1,Aucun
01572,4,1.0,2,Aucun
01572,5,65.0,2,Secondaire
01572,6,13.0,1,Primaire
01573,1,58.0,1,Aucun
01573,2,10.0,2,Aucun
01574,1,49.0,2,Primaire
01574,2,20.0,2,Superieur
01574,3,68.0,1,Aucun
01574,4,20.0,2,Aucun
01574,5,18.0,1,Aucun
01574,6,67.0,2,Primaire
01574,7,31.0,1,Primaire
01574,8,28.0,2,Primaire
01575,1,39.0,2,Aucun
01575,2,67.0,2,Secondaire
01575,3,4.0,1,Aucun
01575,4,52.0,1,Secondaire
01576,1,42.0,1,Aucun
01576,2,74.0,2,Aucun
01576,3,28.0,2,Primaire
01576,4,,1,Aucun
01576,5,0.0,2,Aucun
01576,6,,1,Aucun
01576,7,15.0,1,Primaire
01577,1,20.0,2,Primaire
01577,2,67.0,2,Primaire
01577,3,70.0,2,Secondaire
01577,4,58.0,2,Aucun
01577,5,44.0,1,Primaire
01577,6,50.0,1,Aucun
01577,7,57.0,1,Primaire
01578,1,38.0,1,
01578,2,38.0,2,Secondaire
01578,3,27.0,2,Secondaire
01578,4,22.0,1,Aucun
01578,5,27.0,2,Secondaire
01578,6,70.0,1,Primaire
01578,7,41.0,2,Secondaire
01578,8,32.0,1,
01578,9,55.0,2,
01578,10,41.0,1,Primaire
01579,1,55.0,1,Secondaire
01579,2,0.0,2,Aucun
01579,3,10.0,1,Secondaire
01579,4,0.0,1,Aucun
01579,5,72.0,1,Primaire
01579,6,66.0,2,Aucun
01580,1,43.0,2,Aucun
01580,2,7.0,2,Secondaire
01580,3,31.0,2,Primaire
01580,4,0.0,1,Aucun
01580,5,43.0,2,Aucun
01580,6,62.0,2,Aucun
01581,1,49.0,1,Primaire
01581,2,20.0,1,Primaire
01581,3,13.0,2,Primaire
01581,4,59.0,1,Aucun
01582,1,39.0,1,Primaire
01582,2,69.0,1,Secondaire
01582,3,62.0,1,Secondaire
01582,4,53.0,2,Primaire
01583,1,60.0,2,Primaire
01583,2,40.0,1,Aucun
01583,3,35.0,1,Aucun
01584,1,50.0,2,Aucun
01584,2,21.0,1,Primaire
01584,3,71.0,2,Aucun
01584,4,12.0,2,Primaire
01584,5,5.0,1,Aucun
01584,6,2.0,1,Aucun
01584,7,34.0,1,Primaire
01584,8,69.0,1,
01584,9,42.0,2,Primaire
01584,10,47.0,1,Aucun
01584,11,67.0,2,Aucun
01584,12,6.0,2,Primaire
01585,1,63.0,1,Secondaire
01585,2,13.0,2,Aucun
01585,3,37.0,2,Secondaire
01585,4,31.0,1,Secondaire
01585,5,73.0,1,Aucun
01586,1,44.0,1,Secondaire
01586,2,61.0,2,Primaire
01586,3,20.0,2,Primaire
01586,4,61.0,1,Primaire
01586,5,21.0,1,Primaire
01586,6,33.0,1,Primaire
01586,7,33.0,1,Secondaire
01586,8,0.0,1,Aucun
01586,9,41.0,2,Aucun
01587,1,48.0,1,Aucun
01587,2,,2,Primaire
01587,3,51.0,1,Primaire
01587,4,25.0,2,Primaire
01587,5,62.0,2,
01587,6,5.0,1,Aucun
01587,7,51.0,2,Superieur
01588,1,27.0,1,Primaire
01588,2,18.0,2,Aucun
01588,3,,2,Aucun
01588,4,47.0,2,Primaire
01588,5,10.0,2,Primaire
01588,6,3.0,1,Aucun
01588,7,21.0,1,Primaire
01588,8,68.0,2,Aucun
01589,1,55.0,2,Primaire
01589,2,31.0,2,Primaire
01589,3,2.0,1,Aucun
01589,4,61.0,2,Aucun
01589,5,25.0,2,Aucun
01589,6,52.0,1,Primaire
01590,1,36.0,1,Secondaire
01590,2,35.0,1,Aucun
01590,3,11.0,2,Secondaire
01590,4,27.0,2,Secondaire
01590,5,47.0,1,Primaire
01590,6,34.0,2,Aucun
01590,7,40.0,1,Primaire
01590,8,60.0,2,Primaire
01591,1,29.0,1,Aucun
01591,2,70.0,2,Aucun
01591,3,42.0,2,Secondaire
01591,4,73.0,2,Primaire
01591,5,2.0,1,Aucun
01591,6,,2,Primaire
01591,7,72.0,1,Primaire
01592,1,44.0,1,Primaire
01592,2,31.0,1,Primaire
01592,3,,2,Aucun
01592,4,63.0,2,Primaire
01592,5,28.0,2,
01593,1,49.0,1,Aucun
01593,2,35.0,1,Secondaire
01593,3,57.0,2,Aucun
01593,4,13.0,1,Primaire
01593,5,48.0,1,Aucun
01593,6,31.0,1,Aucun
01593,7,63.0,2,Secondaire
01593,8,69.0,2,Primaire
01593,9,55.0,1,Primaire
01593,10,61.0,1,
01593,11,44.0,2,Primaire
01593,12,3.0,2,Aucun
01593,13,56.0,1,Primaire
01593,14,27.0,1,Aucun
01594,1,37.0,1,Secondaire
01594,2,8.0,1,Aucun
01594,3,40.0,2,Aucun
01594,4,14.0,1,Primaire
01594,5,10.0,2,Aucun
01594,6,62.0,1,Aucun
01595,1,54.0,1,Aucun
01595,2,3.0,1,Aucun
01595,3,37.0,2,Superieur
01595,4,14.0,1,Primaire
01596,1,30.0,2,Secondaire
01596,2,8.0,2,Primaire
01597,1,46.0,1,Primaire
01597,2,1.0,2,Aucun
01597,3,8.0,1,Secondaire
01597,4,27.0,2,Aucun
01597,5,48.0,2,Primaire
01597,6,13.0,2,Primaire
01598,1,39.0,1,Superieur
01598,2,64.0,1,Primaire
01598,3,54.0,2,Aucun
01598,4,8.0,1,Aucun
01598,5,22.0,1,Aucun
01598,6,42.0,1,Primaire
01598,7,41.0,1,Aucun
01598,8,61.0,2,Aucun
01598,9,31.0,2,Aucun
01598,10,29.0,1,Primaire
01598,11,41.0,2,Primaire
01599,1,39.0,1,Aucun
01599,2,39.0,1,Secondaire
01599,3,51.0,1,Primaire
01600,1,25.0,2,Secondaire
01600,2,40.0,1,Aucun
01601,1,42.0,1,Primaire
01601,2,56.0,2,Secondaire
01601,3,56.0,2,Aucun
01601,4,20.0,2,Secondaire
01601,5,60.0,2,Secondaire
01601,6,28.0,1,Aucun
01602,1,56.0,1,Aucun
01602,2,72.0,1,Primaire
01602,3,56.0,1,Aucun
01602,4,23.0,2,Aucun
01603,1,64.0,1,Aucun
01603,2,51.0,2,Secondaire
01603,3,34.0,2,Secondaire
01604,1,38.0,1,Primaire
01604,2,17.0,2,Primaire
01604,3,6.0,1,Aucun
01604,4,55.0,1,Aucun
01604,5,3.0,1,Aucun
01604,6,42.0,1,Primaire
01604,7,54.0,2,Aucun
01604,8,29.0,1,Superieur
01604,9,50.0,2,Primaire
01604,10,14.0,1,Aucun
01604,11,47.0,1,Aucun
01604,12,67.0,1,Aucun
01604,13,62.0,1,Aucun
01604,14,67.0,1,Aucun
01605,1,51.0,1,Secondaire
01605,2,56.0,2,Aucun
01605,3,33.0,1,Aucun
01605,4,39.0,2,Aucun
01605,5,20.0,1,Primaire
01605,6,43.0,2,Secondaire
01605,7,47.0,1,Primaire
01605,8,73.0,2,Aucun
01606,1,51.0,1,Primaire
01606,2,39.0,2,Aucun
01607,1,37.0,1,Aucun
01607,2,35.0,2,Aucun
01607,3,74.0,1,Superieur
01607,4,61.0,1,Primaire
01607,5,55.0,1,Secondaire
01607,6,11.0,2,Secondaire
01608,1,36.0,1,Secondaire
01608,2,22.0,1,Aucun
01608,3,6.0,2,Primaire
01608,4,46.0,1,Secondaire
01608,5,52.0,2,Primaire
01608,6,71.0,2,Superieur
01608,7,17.0,2,Primaire
01608,8,29.0,2,Primaire
01608,9,,1,Aucun
01609,1,46.0,2,
01609,2,,1,Secondaire
01609,3,62.0,1,Aucun
01609,4,51.0,1,Primaire
01609,5,11.0,2,Primaire
01609,6,5.0,1,Aucun
01609,7,55.0,1,Secondaire
01610,1,70.0,2,Aucun
01610,2,24.0,2,Aucun
01610,3,1.0,1,Aucun
01610,4,20.0,1,Secondaire
01611,1,43.0,1,Aucun
01611,2,62.0,2,
01611,3,30.0,1,
01611,4,1.0,1,Aucun
01611,5,19.0,1,Primaire
01612,1,56.0,1,Aucun
01612,2,50.0,1,Secondaire
01612,3,21.0,2,Aucun
01612,4,60.0,1,Aucun
01612,5,27.0,1,Primaire
01612,6,58.0,1,Primaire
01612,7,27.0,1,Secondaire
01612,8,37.0,2,Primaire
01612,9,16.0,1,Superieur
01612,10,12.0,2,Primaire
01612,11,19.0,1,Aucun
01613,1,29.0,1,Aucun
01613,2,43.0,2,Aucun
01613,3,46.0,2,Primaire
01614,1,59.0,1,Aucun
01614,2,13.0,1,Secondaire
01614,3,30.0,2,Aucun
01615,1,64.0,2,Aucun
01615,2,14.0,2,Primaire
01615,3,43.0,2,Primaire
01615,4,21.0,1,Aucun
01616,1,31.0,2,Secondaire
01616,2,,1,Aucun
01616,3,41.0,2,Aucun
01616,4,6.0,1,Aucun
01616,5,18.0,1,Secondaire
01616,6,73.0,1,Aucun
01616,7,36.0,1,Aucun
01617,1,67.0,1,Primaire
01617,2,50.0,2,Primaire
01617,3,40.0,1,Primaire
01617,4,66.0,2,Secondaire
01617,5,43.0,1,Aucun
01617,6,71.0,2,Secondaire
01617,7,16.0,2,Aucun
01617,8,20.0,2,Primaire
01618,1,42.0,2,Primaire
01618,2,67.0,1,Aucun
01618,3,11.0,1,Aucun
01618,4,17.0,1,Primaire
01618,5,3.0,1,Aucun
01619,1,32.0,1,Aucun
01619,2,22.0,2,Aucun
01619,3,30.0,2,Primaire
01619,4,57.0,2,Aucun
01619,5,2.0,2,
01620,1,33.0,1,Primaire
01620,2,55.0,2,Secondaire
01620,3,41.0,2,Secondaire
01620,4,0.0,1,Aucun
01620,5,71.0,1,Secondaire
01620,6,16.0,1,Aucun
01620,7,56.0,2,Aucun
01620,8,20.0,1,Aucun
01621,1,45.0,1,Aucun
01621,2,70.0,2,Primaire
01621,3,49.0,1,Primaire
01621,4,73.0,2,Aucun
01621,5,34.0,2,Primaire
01621,6,73.0,2,Primaire
01622,1,36.0,1,Primaire
01622,2,22.0,2,Secondaire
01622,3,19.0,1,Primaire
01622,4,21.0,1,Primaire
01622,5,40.0,1,Primaire
01622,6,41.0,1,Primaire
01622,7,53.0,2,Secondaire
01622,8,10.0,1,Secondaire
01623,1,49.0,1,Secondaire
01623,2,73.0,1,Primaire
01623,3,45.0,2,Aucun
01623,4,27.0,1,Aucun
01623,5,63.0,1,Aucun
01624,1,57.0,1,Aucun
01624,2,13.0,1,Primaire
01624,3,,2,Aucun
01624,4,35.0,2,Secondaire
01624,5,40.0,2,Secondaire
01624,6,30.0,2,Secondaire
01625,1,,1,Aucun
01625,2,60.0,2,Secondaire
01625,3,,2,Secondaire
01625,4,6.0,1,Primaire
01625,5,67.0,2,Aucun
01625,6,56.0,2,Primaire
01626,1,55.0,1,Primaire
01626,2,74.0,1,Secondaire
01626,3,54.0,1,Primaire
01626,4,9.0,1,Secondaire
01626,5,36.0,2,Aucun
01626,6,45.0,2,Secondaire
01626,7,8.0,1,Primaire
01627,1,48.0,1,Secondaire
01627,2,7.0,1,Secondaire
01627,3,47.0,1,
01627,4,68.0,2,Primaire
01627,5,71.0,2,Secondaire
01627,6,39.0,1,Primaire
01627,7,8.0,1,Aucun
01627,8,57.0,1,Primaire
01627,9,19.0,1,
01627,10,20.0,1,Aucun
01627,11,21.0,1,Secondaire
01627,12,70.0,1,Secondaire
01628,1,42.0,1,Primaire
01628,2,16.0,2,Aucun
01628,3,16.0,2,Aucun
01628,4,57.0,1,Secondaire
01628,5,22.0,1,Secondaire
01629,1,42.0,2,Aucun
01629,2,45.0,1,Superieur
01629,3,,1,Aucun
01629,4,2.0,2,Aucun
01629,5,3.0,2,Aucun
01630,1,44.0,1,Aucun
01630,2,35.0,1,Primaire
01630,3,29.0,2,Secondaire
01630,4,15.0,1,Aucun
01630,5,34.0,2,Primaire
01630,6,66.0,2,Aucun
01630,7,25.0,2,Primaire
01630,8,33.0,1,
01631,1,28.0,1,Aucun
01631,2,22.0,2,Secondaire
01631,3,8.0,2,Aucun
01631,4,56.0,2,Primaire
01631,5,31.0,2,Secondaire
01631,6,12.0,1,Aucun
01631,7,6.0,1,
01631,8,40.0,2,Superieur
01632,1,34.0,1,
01632,2,58.0,1,Aucun
01632,3,7.0,1,Aucun
01632,4,45.0,1,Aucun
01632,5,8.0,2,Aucun
01632,6,2.0,1,Aucun
01633,1,43.0,1,Secondaire
01633,2,17.0,2,Primaire
01633,3,37.0,1,Primaire
01634,1,20.0,1,Aucun
01634,2,14.0,2,Aucun
01634,3,20.0,2,Aucun
01634,4,64.0,1,Primaire
01634,5,42.0,2,Superieur
01635,1,44.0,1,Secondaire
01635,2,17.0,2,Aucun
01635,3,18.0,1,Secondaire
01635,4,25.0,2,Primaire
01635,5,17.0,1,Aucun
01635,6,9.0,2,Primaire
01636,1,39.0,1,Aucun
01636,2,46.0,1,Primaire
01637,1,56.0,1,Secondaire
01637,2,44.0,2,Superieur
01637,3,26.0,2,Primaire
01637,4,9.0,2,Aucun
01637,5,46.0,1,Aucun
01637,6,42.0,2,Primaire
01638,1,53.0,1,Primaire
01638,2,70.0,2,Aucun
01638,3,61.0,2,Primaire
01639,1,55.0,1,Primaire
01639,2,13.0,2,Primaire
01639,3,40.0,1,
01639,4,69.0,2,Secondaire
01639,5,34.0,2,
01639,6,9.0,1,
01639,7,64.0,2,
01640,1,50.0,1,Secondaire
01640,2,39.0,2,Primaire
01640,3,13.0,1,Aucun
01641,1,20.0,1,Primaire
01641,2,62.0,1,Primaire
01641,3,48.0,2,Secondaire
01641,4,48.0,1,
01641,5,65.0,1,Primaire
01641,6,30.0,1,Primaire
01641,7,29.0,1,Primaire
01641,8,24.0,1,Primaire
01641,9,4.0,1,Aucun
01641,10,51.0,2,Aucun
01642,1,30.0,1,
01642,2,18.0,1,Primaire
01642,3,3.0,2,Aucun
01642,4,58.0,2,Primaire
01643,1,55.0,1,
01643,2,60.0,1,Secondaire
01643,3,39.0,1,Primaire
01643,4,16.0,2,Primaire
01643,5,53.0,1,Secondaire
01643,6,9.0,2,Aucun
01643,7,65.0,2,Primaire
01643,8,40.0,1,Secondaire
01643,9,65.0,1,Primaire
01644,1,46.0,1,Aucun
01644,2,9.0,2,Primaire
01644,3,56.0,2,Aucun
01644,4,16.0,2,Primaire
01644,5,22.0,2,Primaire
01644,6,41.0,1,Primaire
01644,7,15.0,1,Primaire
01645,1,33.0,2,Aucun
01645,2,28.0,2,Secondaire
01645,3,3.0,2,Aucun
01645,4,31.0,2,Secondaire
01645,5,1.0,2,Aucun
01645,6,10.0,2,Primaire
01645,7,7.0,1,Secondaire
01646,1,48.0,1,Secondaire
01646,2,48.0,2,Secondaire
01646,3,36.0,2,Aucun
01647,1,47.0,1,Superieur
01647,2,22.0,2,Aucun
01647,3,74.0,2,Primaire
01647,4,62.0,1,Aucun
01647,5,39.0,1,Primaire
01647,6,45.0,2,Primaire
01647,7,35.0,2,Primaire
01647,8,0.0,2,Aucun
01648,1,56.0,1,Primaire
01648,2,68.0,1,Aucun
01648,3,15.0,2,Secondaire
01648,4,42.0,2,Secondaire
01648,5,29.0,2,Primaire
01648,6,43.0,2,Aucun
01648,7,50.0,2,Primaire
01648,8,63.0,2,Primaire
01649,1,,1,Aucun
01649,2,70.0,1,Primaire
01649,3,72.0,1,Primaire
01649,4,47.0,2,Aucun
01649,5,32.0,1,Secondaire
01649,6,33.0,1,Aucun
01649,7,0.0,1,Aucun
01649,8,15.0,2,
01649,9,9.0,1,Primaire
01650,1,57.0,1,Primaire
01650,2,20.0,2,Aucun
01650,3,21.0,2,Aucun
01650,4,,2,Secondaire
01651,1,49.0,1,Primaire
01651,2,50.0,2,Secondaire
01651,3,44.0,1,Primaire
01651,4,65.0,1,Primaire
01651,5,32.0,1,Aucun
01651,6,37.0,1,Aucun
01651,7,45.0,1,Aucun
01652,1,33.0,1,Aucun
01653,1,50.0,1,Secondaire
01653,2,70.0,1,Secondaire
01653,3,63.0,2,Aucun
01653,4,17.0,1,Aucun
01653,5,15.0,2,Aucun
01653,6,71.0,1,Primaire
01653,7,67.0,2,Aucun
01653,8,72.0,2,Aucun
01654,1,,1,Aucun
01654,2,19.0,2,Aucun
01654,3,6.0,2,Aucun
01654,4,55.0,2,Primaire
01655,1,33.0,1,Secondaire
01655,2,51.0,2,Aucun
01655,3,57.0,1,Superieur
01655,4,35.0,1,Aucun
01655,5,60.0,1,Secondaire
01655,6,68.0,2,Aucun
01656,1,35.0,1,Secondaire
01656,2,32.0,1,Primaire
01656,3,18.0,2,Primaire
01656,4,69.0,1,Secondaire
01656,5,62.0,1,Aucun
01656,6,0.0,1,Aucun
01656,7,41.0,1,Aucun
01656,8,43.0,2,Secondaire
01657,1,43.0,1,Aucun
01657,2,6.0,2,Aucun
01657,3,18.0,2,Aucun
01657,4,69.0,1,Aucun
01658,1,40.0,1,Aucun
01658,2,14.0,1,Aucun
01658,3,60.0,1,Primaire
01658,4,45.0,1,Aucun
01658,5,74.0,1,Primaire
01658,6,5.0,2,Aucun
01658,7,44.0,2,Aucun
01658,8,55.0,2,Secondaire
01658,9,13.0,2,Secondaire
01659,1,45.0,1,
01659,2,65.0,1,Superieur
01659,3,56.0,1,Secondaire
01659,4,22.0,1,Secondaire
01659,5,14.0,2,Secondaire
01659,6,74.0,2,Secondaire
01660,1,56.0,2,Primaire
01660,2,2.0,1,Aucun
01660,3,47.0,1,Aucun
01660,4,22.0,1,Superieur
01660,5,41.0,1,Aucun
01660,6,58.0,2,Secondaire
01661,1,46.0,1,Aucun
01661,2,10.0,2,Aucun
01661,3,38.0,1,Aucun
01661,4,69.0,1,Secondaire
01661,5,27.0,1,Aucun
01661,6,21.0,2,Aucun
01661,7,63.0,1,Secondaire
01661,8,45.0,2,Aucun
01661,9,38.0,1,Aucun
01661,10,8.0,2,Primaire
01661,11,47.0,2,Aucun
01662,1,39.0,1,
01662,2,50.0,2,Secondaire
01662,3,4.0,2,Aucun
01662,4,38.0,2,Aucun
01662,5,1.0,2,Aucun
01662,6,56.0,2,Aucun
01663,1,55.0,1,
01663,2,53.0,2,Aucun
01663,3,11.0,2,Primaire
01663,4,48.0,2,
01663,5,69.0,2,Primaire
01663,6,23.0,2,Primaire
01663,7,23.0,1,Secondaire
01663,8,1.0,2,Aucun
01663,9,12.0,2,Primaire
01663,10,55.0,2,Primaire
01663,11,48.0,1,Secondaire
01664,1,43.0,1,
01664,2,38.0,2,Secondaire
01664,3,33.0,1,Primaire
01664,4,8.0,2,Primaire
01665,1,56.0,1,
01665,2,54.0,2,Secondaire
01665,3,9.0,1,Secondaire
01665,4,60.0,2,Aucun
01665,5,64.0,2,Primaire
01665,6,40.0,1,Secondaire
01666,1,40.0,1,Aucun
01666,2,34.0,2,Primaire
01666,3,22.0,1,Aucun
01666,4,19.0,1,Aucun
01666,5,63.0,2,Secondaire
01666,6,23.0,1,Aucun
01667,1,22.0,1,Primaire
01667,2,63.0,2,Aucun
01667,3,35.0,2,Primaire
01667,4,50.0,1,Secondaire
01667,5,24.0,1,Primaire
01668,1,58.0,1,Secondaire
01668,2,69.0,2,Aucun
01668,3,72.0,1,Aucun
01668,4,39.0,1,Secondaire
01668,5,55.0,2,Secondaire
01668,6,4.0,1,Aucun
01668,7,1.0,1,Aucun
01668,8,18.0,1,Aucun
01668,9,26.0,1,Primaire
01669,1,29.0,1,
01669,2,60.0,2,Secondaire
01669,3,67.0,1,Aucun
01669,4,51.0,2,Primaire
01669,5,63.0,2,Secondaire
01669,6,51.0,1,Secondaire
01669,7,21.0,1,Secondaire
01669,8,64.0,1,Aucun
01669,9,21.0,2,Primaire
01670,1,43.0,2,Superieur
01670,2,2.0,2,Aucun
01670,3,61.0,1,Aucun
01670,4,37.0,1,Aucun
01670,5,34.0,1,
01670,6,29.0,1,Aucun
01670,7,68.0,2,Aucun
01670,8,71.0,2,Secondaire
01671,1,38.0,2,Aucun
01671,2,71.0,1,Aucun
01671,3,22.0,2,Primaire
01671,4,5.0,2,Aucun
01671,5,39.0,1,Secondaire
01671,6,63.0,2,Aucun
01672,1,32.0,1,Primaire
01672,2,56.0,2,Primaire
01672,3,12.0,2,Aucun
01672,4,4.0,2,Aucun
01672,5,17.0,1,Aucun
01672,6,47.0,2,Superieur
01672,7,31.0,1,Secondaire
01672,8,17.0,1,Primaire
01672,9,60.0,2,Superieur
01672,10,9.0,1,Primaire
01673,1,,2,Secondaire
01673,2,15.0,1,Aucun
01673,3,2.0,2,Aucun
01673,4,1.0,2,Aucun
01673,5,16.0,2,Aucun
01673,6,13.0,1,Aucun
01673,7,52.0,1,Secondaire
01674,1,28.0,2,Aucun
01674,2,68.0,2,Aucun
01674,3,,2,Secondaire
01674,4,12.0,1,Primaire
01674,5,31.0,2,Secondaire
01674,6,5.0,1,Aucun
01674,7,52.0,2,Superieur
01674,8,13.0,1,Secondaire
01675,1,55.0,1,Primaire
01675,2,59.0,1,Secondaire
01675,3,4.0,2,Aucun
01675,4,50.0,1,Primaire
01676,1,44.0,2,Primaire
01676,2,47.0,1,Primaire
01676,3,39.0,1,Superieur
01676,4,48.0,1,Aucun
01676,5,38.0,1,Aucun
01676,6,33.0,1,Secondaire
01676,7,17.0,1,Secondaire
01677,1,55.0,1,
01677,2,33.0,2,
01677,3,60.0,2,Aucun
01678,1,58.0,1,Primaire
01678,2,24.0,1,Primaire
01678,3,13.0,1,Aucun
01678,4,73.0,2,Secondaire
01678,5,72.0,2,Superieur
01678,6,15.0,1,Superieur
01678,7,13.0,1,Aucun
01678,8,4.0,1,Aucun
01679,1,42.0,1,Aucun
01679,2,16.0,1,Primaire
01679,3,48.0,2,Superieur
01679,4,46.0,2,Aucun
01679,5,20.0,1,Primaire
01679,6,15.0,1,Aucun
01680,1,52.0,1,Aucun
01680,2,74.0,1,Secondaire
01680,3,28.0,2,Primaire
01680,4,2.0,1,Aucun
01680,5,74.0,2,
01680,6,0.0,2,Aucun
01680,7,60.0,1,Aucun
01680,8,31.0,2,
01680,9,48.0,1,Primaire
01681,1,41.0,1,Primaire
01681,2,58.0,1,Aucun
01681,3,48.0,1,Primaire
01681,4,39.0,2,Aucun
01681,5,70.0,2,Primaire
01681,6,0.0,1,Aucun
01681,7,74.0,1,Secondaire
01681,8,18.0,1,Primaire
01682,1,39.0,1,Secondaire
01682,2,38.0,2,Aucun
01682,3,45.0,2,Aucun
01682,4,58.0,2,Aucun
01682,5,62.0,2,Aucun
01682,6,21.0,1,Secondaire
01683,1,27.0,1,Superieur
01683,2,34.0,2,Primaire
01683,3,0.0,1,Aucun
01683,4,26.0,1,Secondaire
01683,5,37.0,1,Primaire
01683,6,55.0,2,Secondaire
01683,7,37.0,1,Secondaire
01683,8,3.0,1,
01684,1,39.0,1,Primaire
01684,2,9.0,1,Secondaire
01684,3,30.0,2,Aucun
01684,4,24.0,1,Aucun
01684,5,17.0,1,Aucun
01684,6,32.0,2,
01684,7,,2,Primaire
01685,1,62.0,1,Aucun
01685,2,70.0,2,Aucun
01686,1,51.0,1,Primaire
01686,2,36.0,1,Primaire
01686,3,8.0,1,Secondaire
01686,4,3.0,1,Aucun
01686,5,10.0,1,Secondaire
01686,6,0.0,2,Aucun
01687,1,45.0,1,Secondaire
01687,2,74.0,2,Primaire
01687,3,21.0,2,Primaire
01687,4,67.0,2,Primaire
01687,5,27.0,2,
01687,6,,1,Superieur
01687,7,58.0,2,Primaire
01687,8,39.0,2,Primaire
01687,9,56.0,2,Aucun
01688,1,60.0,1,Secondaire
01688,2,51.0,1,Aucun
01688,3,8.0,1,Primaire
01688,4,29.0,1,Secondaire
01688,5,35.0,1,Primaire
01689,1,55.0,1,Primaire
01689,2,34.0,2,Primaire
01689,3,54.0,1,Primaire
01689,4,42.0,1,Superieur
01689,5,36.0,1,Secondaire
01689,6,13.0,1,Secondaire
01689,7,24.0,1,Aucun
01689,8,24.0,1,Superieur
01690,1,43.0,1,Primaire
01690,2,29.0,1,Secondaire
01690,3,17.0,1,
01690,4,33.0,1,Primaire
01690,5,22.0,2,Primaire
01690,6,59.0,2,Aucun
01690,7,32.0,2,Primaire
01691,1,39.0,1,Aucun
01691,2,65.0,2,Primaire
01691,3,5.0,1,Aucun
01691,4,26.0,2,Aucun
01691,5,9.0,2,Secondaire
01691,6,3.0,1,Aucun
01691,7,38.0,2,Superieur
01691,8,25.0,1,Aucun
01691,9,9.0,2,Aucun
01692,1,30.0,1,Primaire
01692,2,9.0,2,Aucun
01692,3,3.0,2,Aucun
01692,4,45.0,1,Primaire
01692,5,47.0,2,Secondaire
01692,6,37.0,2,Aucun
01692,7,18.0,1,Aucun
01692,8,20.0,2,Aucun
01692,9,38.0,2,Primaire
01693,1,45.0,1,Aucun
01693,2,35.0,1,Aucun
01693,3,6.0,1,Aucun
01693,4,16.0,2,Aucun
01693,5,46.0,1,Aucun
01694,1,48.0,2,Primaire
01694,2,11.0,2,
01694,3,1.0,1,Aucun
01694,4,0.0,2,Aucun
01694,5,60.0,1,Primaire
01694,6,47.0,2,Primaire
01694,7,43.0,1,Primaire
01695,1,47.0,1,Superieur
01695,2,65.0,2,Secondaire
01695,3,50.0,2,Aucun
01695,4,22.0,1,Primaire
01695,5,4.0,2,Aucun
01695,6,49.0,2,Primaire
01696,1,54.0,1,Aucun
01696,2,69.0,1,Aucun
01696,3,44.0,1,Primaire
01696,4,28.0,1,Aucun
01696,5,16.0,2,Aucun
01696,6,62.0,1,Primaire
01696,7,74.0,2,Primaire
01696,8,50.0,2,Primaire
01696,9,22.0,2,Primaire
01697,1,53.0,2,Aucun
01697,2,28.0,1,Primaire
01697,3,33.0,2,Secondaire
01697,4,30.0,1,Aucun
01697,5,22.0,2,
01697,6,8.0,1,Aucun
01698,1,51.0,1,Primaire
01698,2,37.0,1,Secondaire
01698,3,32.0,1,Primaire
01698,4,17.0,1,Aucun
01698,5,61.0,2,Secondaire
01699,1,47.0,1,Primaire
01699,2,45.0,1,Aucun
01699,3,73.0,1,Aucun
01699,4,74.0,2,Secondaire
01700,1,40.0,1,Aucun
01700,2,24.0,1,Aucun
01700,3,29.0,1,Primaire
01701,1,68.0,1,Primaire
01701,2,42.0,1,Secondaire
01701,3,58.0,2,
01701,4,72.0,1,Primaire
01701,5,47.0,2,Aucun
01702,1,20.0,1,Aucun
01702,2,67.0,2,Secondaire
01702,3,67.0,1,Primaire
01702,4,4.0,1,
01702,5,56.0,2,Secondaire
01702,6,28.0,1,Superieur
01702,7,33.0,2,Aucun
01703,1,48.0,1,Primaire
01703,2,68.0,1,Primaire
01703,3,45.0,1,Aucun
01703,4,34.0,2,Primaire
01704,1,46.0,1,Aucun
01704,2,72.0,2,Aucun
01704,3,1.0,1,Aucun
01704,4,55.0,1,Primaire
01704,5,71.0,1,Primaire
01704,6,34.0,1,Aucun
01704,7,22.0,1,Aucun
01704,8,26.0,2,
01704,9,39.0,1,Primaire
01704,10,69.0,1,
01705,1,46.0,1,Secondaire
01705,2,2.0,2,Aucun
01705,3,22.0,1,Aucun
01705,4,68.0,2,Aucun
01705,5,0.0,2,Aucun
01706,1,20.0,1,Secondaire
01706,2,11.0,1,Aucun
01706,3,47.0,1,Primaire
01706,4,21.0,1,Superieur
01706,5,5.0,2,Aucun
01706,6,22.0,2,Aucun
01707,1,41.0,1,Aucun
01707,2,54.0,1,Primaire
01707,3,23.0,2,Secondaire
01707,4,35.0,1,Secondaire
01707,5,42.0,2,Primaire
01707,6,6.0,2,Aucun
01708,1,41.0,1,Aucun
01708,2,71.0,2,Aucun
01708,3,,1,Secondaire
01708,4,,2,
01708,5,19.0,2,Secondaire
01708,6,49.0,2,Secondaire
01708,7,33.0,1,Primaire
01708,8,22.0,1,Primaire
01708,9,8.0,2,Aucun
01708,10,40.0,1,Aucun
01708,11,71.0,1,Secondaire
01709,1,37.0,1,Aucun
01709,2,37.0,2,Secondaire
01709,3,28.0,2,Aucun
01709,4,4.0,2,Aucun
01709,5,14.0,1,Aucun
01709,6,,1,Aucun
01709,7,37.0,1,Secondaire
01710,1,58.0,2,Primaire
01710,2,4.0,2,Aucun
01710,3,69.0,1,Secondaire
01710,4,6.0,1,Aucun
01710,5,4.0,1,Aucun
01711,1,49.0,2,Aucun
01711,2,36.0,2,Secondaire
01711,3,19.0,2,Aucun
01711,4,67.0,2,Aucun
01711,5,71.0,1,Primaire
01711,6,60.0,2,Aucun
01711,7,53.0,1,Aucun
01711,8,47.0,1,Primaire
01711,9,30.0,2,Primaire
01711,10,40.0,2,Primaire
01711,11,67.0,1,Secondaire
01712,1,35.0,1,Secondaire
01712,2,73.0,2,Secondaire
01712,3,43.0,1,Primaire
01712,4,12.0,2,Primaire
01712,5,55.0,2,Secondaire
01713,1,38.0,1,
01713,2,43.0,2,Aucun
01713,3,10.0,2,Aucun
01713,4,26.0,2,Primaire
01713,5,28.0,2,Secondaire
01714,1,50.0,1,Aucun
01714,2,61.0,2,Aucun
01714,3,65.0,1,Aucun
01714,4,65.0,2,Primaire
01714,5,45.0,1,Primaire
01715,1,38.0,1,Superieur
01715,2,45.0,2,Primaire
01715,3,64.0,2,Primaire
01715,4,71.0,1,Primaire
01715,5,34.0,1,Aucun
01715,6,62.0,2,Primaire
01716,1,44.0,1,Aucun
01717,1,44.0,1,Secondaire
01717,2,5.0,2,Aucun
01717,3,3.0,1,Aucun
01717,4,51.0,2,Secondaire
01717,5,7.0,2,Secondaire
01717,6,15.0,1,Aucun
01718,1,31.0,1,Primaire
01718,2,13.0,1,Primaire
01718,3,60.0,1,Aucun
01719,1,36.0,1,Primaire
01719,2,20.0,1,Primaire
01719,3,30.0,2,Secondaire
01719,4,41.0,1,
01719,5,71.0,1,Primaire
01719,6,7.0,1,
01719,7,56.0,2,Secondaire
01720,1,20.0,2,Aucun
01720,2,57.0,2,Secondaire
01720,3,12.0,1,Secondaire
01721,1,49.0,1,Secondaire
01721,2,73.0,2,Aucun
01721,3,49.0,2,Primaire
01721,4,1.0,1,Aucun
01721,5,52.0,1,Secondaire
01721,6,30.0,2,Aucun
01722,1,31.0,2,Primaire
01722,2,13.0,2,Primaire
01722,3,28.0,2,Primaire
01722,4,13.0,1,Primaire
01722,5,57.0,1,Aucun
01722,6,36.0,2,Aucun
01722,7,5.0,1,Aucun
01722,8,63.0,1,Primaire
01722,9,50.0,2,Secondaire
01722,10,10.0,1,Aucun
01723,1,35.0,1,Primaire
01723,2,30.0,2,Primaire
01723,3,41.0,1,Aucun
01723,4,34.0,2,Secondaire
01723,5,35.0,1,Secondaire
01724,1,59.0,1,Aucun
01724,2,33.0,2,Aucun
01724,3,63.0,1,Primaire
01724,4,65.0,2,Aucun
01724,5,19.0,1,Aucun
01724,6,18.0,2,Primaire
01725,1,,1,Aucun
01725,2,23.0,2,Primaire
01725,3,69.0,1,
01725,4,13.0,1,Secondaire
01725,5,69.0,2,Aucun
01725,6,48.0,1,Primaire
01726,1,20.0,1,Secondaire
01726,2,71.0,2,Primaire
01726,3,0.0,2,Aucun
01727,1,41.0,1,Primaire
01727,2,10.0,2,Aucun
01727,3,28.0,1,Aucun
01727,4,67.0,2,Secondaire
01727,5,21.0,2,Primaire
01728,1,42.0,1,Primaire
01728,2,2.0,2,Aucun
01728,3,15.0,1,Primaire
01728,4,26.0,2,Aucun
01728,5,52.0,2,Primaire
01728,6,22.0,2,Primaire
01728,7,60.0,2,Aucun
01728,8,51.0,1,Aucun
01729,1,36.0,1,Aucun
01729,2,58.0,1,Superieur
01729,3,66.0,2,Secondaire
01729,4,31.0,2,Aucun
01729,5,3.0,2,Aucun
01729,6,62.0,1,Primaire
01730,1,26.0,1,Superieur
01730,2,62.0,2,Primaire
01730,3,40.0,1,Aucun
01730,4,5.0,2,Aucun
01730,5,46.0,2,Secondaire
01731,1,28.0,1,Aucun
01731,2,28.0,2,Aucun
01731,3,55.0,1,Aucun
01731,4,20.0,1,Secondaire
01731,5,33.0,2,Primaire
01731,6,4.0,2,Aucun
01731,7,45.0,2,Aucun
01732,1,49.0,2,Secondaire
01732,2,61.0,1,Primaire
01732,3,,1,Aucun
01732,4,17.0,1,Secondaire
01732,5,13.0,2,Secondaire
01732,6,18.0,1,Secondaire
01733,1,41.0,2,Aucun
01733,2,44.0,1,Primaire
01733,3,,1,Secondaire
01733,4,49.0,2,
01734,1,48.0,1,Aucun
01734,2,42.0,2,Aucun
01734,3,16.0,2,Secondaire
01734,4,3.0,1,Aucun
01734,5,6.0,2,Aucun
01734,6,46.0,2,Primaire
01734,7,70.0,1,Primaire
01734,8,49.0,2,Secondaire
01735,1,39.0,1,Aucun
01735,2,69.0,2,Aucun
01735,3,29.0,2,Aucun
01735,4,62.0,1,Aucun
01735,5,26.0,1,Primaire
01735,6,63.0,1,Primaire
01735,7,53.0,1,Aucun
01735,8,0.0,2,
01736,1,29.0,1,Superieur
01736,2,2.0,1,Aucun
01736,3,27.0,1,Aucun
01736,4,22.0,2,Superieur
01737,1,39.0,1,Aucun
01737,2,50.0,1,Superieur
01738,1,20.0,1,Aucun
01738,2,,2,Primaire
01738,3,72.0,1,Aucun
01738,4,29.0,2,Secondaire
01739,1,57.0,1,Aucun
01739,2,56.0,1,Secondaire
01739,3,28.0,1,Secondaire
01739,4,52.0,1,Aucun
01740,1,56.0,1,Aucun
01740,2,18.0,2,Primaire
01740,3,25.0,1,Aucun
01740,4,3.0,1,Aucun
01740,5,6.0,2,Secondaire
01741,1,52.0,1,Aucun
01741,2,8.0,2,Primaire
01741,3,65.0,1,Secondaire
01741,4,63.0,2,Primaire
01741,5,14.0,2,Primaire
01741,6,23.0,1,Secondaire
01741,7,32.0,1,Primaire
01742,1,50.0,1,Primaire
01742,2,29.0,2,Primaire
01742,3,41.0,2,Primaire
01742,4,9.0,2,Aucun
01743,1,53.0,1,Secondaire
01743,2,68.0,2,Primaire
01743,3,25.0,2,Aucun
01743,4,51.0,1,Secondaire
01743,5,27.0,1,Aucun
01743,6,6.0,1,Secondaire
01744,1,20.0,1,Primaire
01744,2,42.0,1,Aucun
01744,3,59.0,1,Primaire
01744,4,49.0,2,Aucun
01744,5,13.0,2,Superieur
01744,6,56.0,1,Primaire
01745,1,44.0,1,Aucun
01745,2,64.0,2,Secondaire
01745,3,67.0,1,
01745,4,39.0,2,Aucun
01745,5,66.0,1,Primaire
01745,6,22.0,1,Primaire
01745,7,65.0,1,Secondaire
01745,8,34.0,1,Aucun
01745,9,60.0,1,Secondaire
01745,10,65.0,1,Aucun
01746,1,56.0,1,Primaire
01746,2,18.0,1,Primaire
01746,3,74.0,1,Primaire
01746,4,45.0,2,Aucun
01747,1,35.0,1,Aucun
01747,2,21.0,1,Primaire
01747,3,,2,Primaire
01747,4,59.0,2,Primaire
01747,5,22.0,1,Aucun
01747,6,16.0,1,Secondaire
01747,7,19.0,2,Primaire
01748,1,40.0,1,Aucun
01748,2,23.0,1,Primaire
01748,3,45.0,1,Secondaire
01748,4,48.0,1,Aucun
01748,5,59.0,1,Aucun
01748,6,24.0,2,Aucun
01748,7,24.0,2,Primaire
01749,1,37.0,1,Aucun
01749,2,54.0,1,Aucun
01749,3,57.0,1,Primaire
01749,4,54.0,2,Primaire
01749,5,35.0,2,Secondaire
01750,1,41.0,2,Superieur
01750,2,6.0,1,Aucun
01750,3,1.0,2,Aucun
01750,4,55.0,2,Primaire
01750,5,39.0,1,Superieur
01750,6,64.0,2,Primaire
01751,1,,1,Primaire
01751,2,37.0,1,Secondaire
01751,3,60.0,1,Superieur
01751,4,47.0,2,Aucun
01751,5,11.0,2,Primaire
01751,6,31.0,2,
01751,7,70.0,2,Secondaire
01751,8,38.0,2,Primaire
01752,1,41.0,1,Secondaire
01752,2,48.0,2,Secondaire
01752,3,60.0,1,Secondaire
01752,4,31.0,2,Aucun
01752,5,55.0,1,Aucun
01752,6,52.0,2,Aucun
01753,1,43.0,1,Aucun
01753,2,8.0,1,Secondaire
01753,3,9.0,2,Primaire
01753,4,55.0,1,Primaire
01753,5,7.0,1,Secondaire
01753,6,28.0,1,Superieur
01753,7,50.0,2,Aucun
01753,8,64.0,2,Aucun
01753,9,43.0,1,Secondaire
01753,10,73.0,2,Aucun
01754,1,57.0,1,Secondaire
01754,2,1.0,1,Aucun
01754,3,,1,Aucun
01754,4,4.0,2,Aucun
01754,5,69.0,1,Secondaire
01755,1,29.0,1,Primaire
01755,2,46.0,1,Aucun
01755,3,18.0,1,
01756,1,36.0,2,Primaire
01756,2,16.0,2,Secondaire
01756,3,45.0,2,Aucun
01757,1,43.0,2,Secondaire
01757,2,48.0,2,Aucun
01757,3,3.0,2,Aucun
01757,4,32.0,1,Superieur
01757,5,6.0,1,Primaire
01758,1,40.0,1,Aucun
01758,2,3.0,2,Aucun
01758,3,58.0,1,Superieur
01758,4,9.0,2,
01758,5,52.0,2,Superieur
01759,1,46.0,1,Secondaire
01759,2,33.0,1,Aucun
01759,3,26.0,1,Primaire
01759,4,56.0,2,Secondaire
01760,1,31.0,1,Secondaire
01760,2,57.0,2,Aucun
01760,3,3.0,2,Aucun
01760,4,12.0,2,Primaire
01760,5,30.0,2,Secondaire
01760,6,0.0,1,Aucun
01760,7,19.0,2,Superieur
01760,8,51.0,2,Secondaire
01760,9,39.0,2,Aucun
01761,1,52.0,1,Aucun
01761,2,43.0,1,Primaire
01761,3,12.0,2,Primaire
01761,4,73.0,1,Aucun
01761,5,49.0,2,Aucun
01761,6,18.0,2,Primaire
01761,7,25.0,1,Secondaire
01761,8,26.0,1,Primaire
01762,1,43.0,2,Superieur
01762,2,44.0,1,
01762,3,11.0,1,Aucun
01762,4,25.0,2,Aucun
01762,5,8.0,1,
01763,1,22.0,1,Aucun
01763,2,65.0,1,Secondaire
01763,3,3.0,1,Aucun
01763,4,,2,Aucun
01763,5,27.0,2,Primaire
01764,1,45.0,2,Aucun
01764,2,68.0,1,Secondaire
01764,3,45.0,1,Aucun
01764,4,39.0,1,Secondaire
01764,5,59.0,1,Primaire
01764,6,8.0,1,Primaire
01764,7,7.0,1,Primaire
01765,1,28.0,1,Secondaire
01765,2,15.0,1,Aucun
01765,3,26.0,1,Primaire
01765,4,68.0,1,Secondaire
01765,5,39.0,1,Aucun
01765,6,60.0,2,Aucun
01765,7,24.0,2,Primaire
01766,1,29.0,1,Primaire
01766,2,49.0,2,Primaire
01766,3,57.0,2,Aucun
01766,4,6.0,2,Aucun
01766,5,15.0,1,Aucun
01766,6,42.0,2,Secondaire
01766,7,61.0,2,Secondaire
01766,8,1.0,2,Aucun
01766,9,44.0,1,Aucun
01766,10,48.0,2,Secondaire
01766,11,74.0,2,Aucun
01767,1,69.0,2,
01767,2,37.0,2,Primaire
01767,3,12.0,1,Aucun
01767,4,49.0,1,Primaire
01767,5,69.0,1,Aucun
01767,6,30.0,2,Primaire
01767,7,19.0,1,Aucun
01767,8,27.0,2,Primaire
01767,9,10.0,1,Primaire
01767,10,46.0,2,Aucun
01767,11,34.0,1,Primaire
01767,12,31.0,2,Superieur
01767,13,20.0,1,Secondaire
01767,14,0.0,2,Aucun
01768,1,50.0,1,Secondaire
01768,2,58.0,1,Aucun
01768,3,24.0,1,Secondaire
01768,4,48.0,2,Secondaire
01768,5,19.0,1,Primaire
01768,6,10.0,2,Aucun
01768,7,41.0,1,
01768,8,29.0,1,Secondaire
01769,1,35.0,1,Aucun
01769,2,39.0,1,Aucun
01769,3,55.0,1,Primaire
01769,4,26.0,2,Aucun
01769,5,37.0,1,Aucun
01769,6,0.0,1,Aucun
01769,7,25.0,1,Primaire
01769,8,29.0,2,Primaire
01770,1,44.0,2,
01770,2,7.0,2,Secondaire
01770,3,13.0,2,Primaire
01770,4,65.0,2,Primaire
01771,1,53.0,1,Primaire
01771,2,56.0,2,Superieur
01771,3,62.0,2,Aucun
01771,4,46.0,2,Primaire
01771,5,1.0,1,Aucun
01771,6,59.0,1,Aucun
01771,7,57.0,1,Aucun
01771,8,7.0,2,Primaire
01771,9,6.0,1,
01771,10,38.0,1,Aucun
01772,1,45.0,1,Secondaire
01772,2,7.0,2,Aucun
01772,3,35.0,2,
01772,4,1.0,2,Aucun
01772,5,25.0,2,Aucun
01772,6,55.0,2,Secondaire
01772,7,74.0,2,Aucun
01772,8,71.0,2,Secondaire
01773,1,36.0,1,
01773,2,3.0,2,Aucun
01773,3,35.0,1,
01773,4,22.0,1,Aucun
01774,1,34.0,1,Aucun
01774,2,73.0,2,Secondaire
01774,3,7.0,2,Aucun
01774,4,44.0,1,Primaire
01774,5,,1,Primaire
01774,6,42.0,1,Superieur
01775,1,42.0,1,Secondaire
01775,2,17.0,2,Superieur
01775,3,10.0,1,Secondaire
01776,1,52.0,1,Aucun
01776,2,63.0,1,Secondaire
01776,3,63.0,2,
01776,4,63.0,2,Secondaire
01776,5,61.0,1,Aucun
01776,6,4.0,1,Aucun
01776,7,42.0,1,Primaire
01776,8,,1,Aucun
01776,9,14.0,1,Secondaire
01777,1,34.0,1,Secondaire
01777,2,1.0,1,Aucun
01777,3,25.0,1,Primaire
01777,4,69.0,2,Primaire
01777,5,29.0,2,Secondaire
01778,1,44.0,1,Aucun
01778,2,31.0,1,Aucun
01778,3,12.0,2,Aucun
01779,1,41.0,1,Secondaire
01779,2,43.0,2,Primaire
01779,3,15.0,2,Primaire
01779,4,69.0,2,Secondaire
01779,5,29.0,2,Aucun
01780,1,23.0,1,
01780,2,74.0,2,Primaire
01780,3,18.0,1,Aucun
01781,1,23.0,2,Aucun
01781,2,71.0,1,Aucun
01781,3,10.0,2,
01781,4,20.0,1,Primaire
01781,5,74.0,2,
01781,6,2.0,1,Aucun
01781,7,56.0,1,Aucun
01781,8,29.0,1,Aucun
01782,1,46.0,1,Superieur
01782,2,69.0,1,Secondaire
01782,3,52.0,1,Aucun
01782,4,53.0,2,Primaire
01783,1,52.0,1,Primaire
01783,2,25.0,2,
01783,3,57.0,2,Primaire
01783,4,28.0,2,Aucun
01783,5,68.0,1,Secondaire
01784,1,33.0,2,Primaire
01784,2,55.0,1,Primaire
01784,3,4.0,2,
01784,4,1.0,1,Aucun
01784,5,57.0,2,Primaire
01784,6,51.0,2,Superieur
01784,7,0.0,1,Aucun
01784,8,65.0,1,Aucun
01784,9,5.0,2,Aucun
01784,10,7.0,2,Aucun
01784,11,4.0,1,Aucun
01785,1,30.0,1,Aucun
01785,2,14.0,1,Secondaire
01785,3,59.0,2,Aucun
01785,4,72.0,2,Secondaire
01785,5,4.0,2,Aucun
01785,6,24.0,1,Secondaire
01785,7,21.0,2,Primaire
01786,1,41.0,1,Primaire
01786,2,63.0,2,Aucun
01786,3,33.0,2,Secondaire
01787,1,36.0,1,Aucun
01787,2,19.0,2,Primaire
01787,3,52.0,1,Primaire
01787,4,40.0,2,
01787,5,3.0,2,Aucun
01787,6,23.0,1,Secondaire
01788,1,54.0,1,Aucun
01788,2,67.0,1,Aucun
01788,3,54.0,2,Aucun
01788,4,21.0,1,Secondaire
01788,5,71.0,1,Aucun
01788,6,39.0,2,Primaire
01788,7,24.0,1,Aucun
01788,8,33.0,2,Secondaire
01788,9,61.0,1,Secondaire
01788,10,71.0,2,Primaire
01789,1,29.0,2,Secondaire
01789,2,43.0,2,Primaire
01789,3,74.0,2,Aucun
01789,4,0.0,1,
01789,5,35.0,2,Superieur
01790,1,60.0,1,Primaire
01790,2,36.0,2,Aucun
01790,3,62.0,2,Secondaire
01790,4,14.0,1,Primaire
01790,5,39.0,2,Secondaire
01791,1,49.0,1,
01791,2,57.0,2,Primaire
01791,3,50.0,2,Aucun
01791,4,61.0,2,Secondaire
01791,5,69.0,2,Aucun
01792,1,69.0,1,Aucun
01792,2,8.0,2,Primaire
01792,3,52.0,1,Aucun
01792,4,13.0,1,Primaire
01793,1,20.0,1,Secondaire
01793,2,29.0,1,Aucun
01793,3,13.0,1,Aucun
01793,4,1.0,1,Aucun
01793,5,13.0,1,Primaire
01793,6,67.0,2,Secondaire
01793,7,34.0,1,Aucun
01793,8,46.0,2,Primaire
01794,1,41.0,2,Aucun
01794,2,72.0,1,Aucun
01794,3,44.0,2,Aucun
01795,1,37.0,1,Secondaire
01795,2,67.0,1,Aucun
01795,3,52.0,2,Primaire
01796,1,57.0,1,Aucun
01796,2,73.0,1,Secondaire
01796,3,14.0,1,Superieur
01796,4,21.0,1,
01796,5,46.0,1,Primaire
01796,6,30.0,2,Aucun
01797,1,29.0,1,Aucun
01797,2,17.0,2,Secondaire
01797,3,74.0,2,Secondaire
01797,4,12.0,2,Aucun
01798,1,31.0,1,
01798,2,0.0,1,Aucun
01798,3,48.0,1,Secondaire
01798,4,56.0,2,Aucun
01798,5,35.0,2,Aucun
01798,6,67.0,1,Primaire
01798,7,34.0,1,Secondaire
01799,1,49.0,1,Primaire
01799,2,3.0,1,Aucun
01799,3,61.0,2,Secondaire
01799,4,7.0,2,Aucun
01799,5,39.0,2,Secondaire
01799,6,16.0,1,Primaire
01799,7,38.0,1,Aucun
01799,8,68.0,2,Secondaire
01800,1,41.0,1,Aucun
01800,2,26.0,1,Secondaire
01800,3,51.0,1,Primaire
01800,4,45.0,1,Secondaire
01800,5,64.0,1,Aucun
01801,1,44.0,2,Secondaire
01801,2,67.0,2,
01801,3,7.0,2,Secondaire
01801,4,17.0,2,Aucun
01801,5,66.0,2,Aucun
01802,1,41.0,1,Primaire
01802,2,20.0,1,Primaire
01802,3,33.0,1,Aucun
01802,4,42.0,2,Secondaire
01802,5,25.0,2,Primaire
01803,1,,1,Aucun
01803,2,65.0,2,Primaire
01803,3,41.0,1,Primaire
01803,4,61.0,1,Aucun
01803,5,37.0,1,Primaire
01804,1,48.0,1,Aucun
01804,2,8.0,1,Aucun
01804,3,35.0,2,Primaire
01804,4,36.0,1,Primaire
01804,5,72.0,2,Aucun
01804,6,58.0,1,Aucun
01805,1,33.0,2,Aucun
01805,2,60.0,1,Aucun
01805,3,12.0,2,
01805,4,36.0,1,Aucun
01805,5,5.0,2,Aucun
01805,6,5.0,1,Aucun
01805,7,37.0,1,Primaire
01805,8,29.0,2,Aucun
01805,9,24.0,2,Primaire
01806,1,33.0,2,Secondaire
01806,2,50.0,2,Aucun
01806,3,32.0,2,Secondaire
01806,4,19.0,2,Secondaire
01806,5,30.0,1,Aucun
01807,1,41.0,1,Aucun
01807,2,52.0,1,Aucun
01807,3,20.0,1,Primaire
01807,4,1.0,1,Aucun
01808,1,51.0,1,Aucun
01808,2,,2,Primaire
01808,3,62.0,1,Primaire
01808,4,71.0,2,Secondaire
01808,5,14.0,2,Aucun
01808,6,66.0,1,Aucun
01809,1,50.0,2,Aucun
01809,2,7.0,1,Secondaire
01809,3,18.0,1,Aucun
01809,4,17.0,1,Secondaire
01809,5,67.0,1,Aucun
01809,6,49.0,2,Superieur
01809,7,20.0,1,Secondaire
01809,8,2.0,1,Aucun
01809,9,28.0,1,Secondaire
01809,10,12.0,1,Secondaire
01809,11,74.0,2,
01810,1,43.0,2,Primaire
01810,2,26.0,1,Aucun
01810,3,15.0,2,Primaire
01810,4,60.0,1,Primaire
01810,5,35.0,1,Primaire
01811,1,53.0,2,Primaire
01811,2,47.0,1,Secondaire
01811,3,5.0,1,Aucun
01811,4,58.0,2,Aucun
01811,5,7.0,1,
01811,6,73.0,1,Primaire
01812,1,49.0,1,Primaire
01812,2,23.0,2,Primaire
01812,3,9.0,2,
01812,4,48.0,2,Superieur
01812,5,31.0,1,Secondaire
01812,6,51.0,1,Aucun
01813,1,56.0,1,Primaire
01813,2,63.0,1,Aucun
01813,3,68.0,1,Primaire
01813,4,7.0,2,Primaire
01813,5,34.0,1,Aucun
01813,6,53.0,1,Secondaire
01814,1,54.0,1,Superieur
01814,2,51.0,2,Aucun
01814,3,38.0,2,Aucun
01815,1,38.0,2,Aucun
01815,2,32.0,1,Secondaire
01815,3,18.0,2,Aucun
01815,4,1.0,1,Aucun
01815,5,69.0,1,Primaire
01815,6,31.0,2,Primaire
01815,7,23.0,2,Primaire
01815,8,13.0,1,Secondaire
01815,9,49.0,1,Secondaire
01815,10,74.0,2,Primaire
01816,1,42.0,1,Primaire
01816,2,37.0,1,Superieur
01816,3,49.0,1,Secondaire
01816,4,24.0,1,Primaire
01817,1,66.0,1,Superieur
01817,2,54.0,2,Primaire
01817,3,3.0,2,
01817,4,54.0,2,Primaire
01817,5,46.0,2,Primaire
01818,1,52.0,1,Secondaire
01818,2,58.0,2,Aucun
01818,3,24.0,1,Aucun
01819,1,57.0,1,Primaire
01819,2,63.0,2,Aucun
01819,3,14.0,1,Primaire
01819,4,38.0,1,Secondaire
01819,5,73.0,1,Secondaire
01819,6,53.0,2,Secondaire
01819,7,31.0,1,Primaire
01819,8,34.0,2,Secondaire
01820,1,36.0,1,Aucun
01820,2,56.0,2,Aucun
01820,3,23.0,2,Secondaire
01820,4,,2,Aucun
01820,5,47.0,1,Aucun
01820,6,60.0,1,Superieur
01821,1,30.0,1,Aucun
01821,2,60.0,2,Aucun
01821,3,32.0,1,Secondaire
01821,4,36.0,1,Superieur
01821,5,13.0,2,Aucun
01822,1,29.0,2,Primaire
01822,2,60.0,2,Aucun
01822,3,0.0,2,Aucun
01822,4,51.0,1,Secondaire
01822,5,53.0,2,Secondaire
01822,6,38.0,1,Aucun
01823,1,32.0,1,Aucun
01823,2,44.0,2,Aucun
01823,3,49.0,1,Primaire
01823,4,61.0,2,Aucun
01823,5,33.0,1,Aucun
01823,6,72.0,1,Aucun
01823,7,61.0,1,Aucun
01823,8,7.0,1,Superieur
01823,9,48.0,2,Aucun
01823,10,74.0,2,
01823,11,15.0,2,Aucun
01823,12,32.0,1,Primaire
01823,13,58.0,2,Aucun
01824,1,42.0,1,Secondaire
01824,2,31.0,1,Aucun
01824,3,60.0,1,Secondaire
01824,4,36.0,1,Aucun
01824,5,13.0,1,
01825,1,27.0,2,Primaire
01825,2,13.0,1,Primaire
01825,3,11.0,1,Aucun
01825,4,69.0,1,Aucun
01825,5,26.0,1,Superieur
01825,6,34.0,2,Primaire
01825,7,33.0,1,Primaire
01826,1,37.0,1,Aucun
01826,2,47.0,1,Secondaire
01826,3,49.0,1,Aucun
01826,4,26.0,2,Primaire
01826,5,37.0,1,Secondaire
01827,1,33.0,1,Aucun
01827,2,25.0,1,Aucun
01827,3,9.0,2,Primaire
01827,4,43.0,2,Aucun
01827,5,14.0,2,Secondaire
01828,1,36.0,2,Secondaire
01828,2,59.0,1,Secondaire
01828,3,67.0,1,Aucun
01828,4,17.0,2,Secondaire
01828,5,28.0,1,Primaire
01828,6,19.0,1,Primaire
01828,7,35.0,1,Secondaire
01829,1,30.0,2,Primaire
01829,2,57.0,2,Aucun
01829,3,46.0,1,Primaire
01829,4,20.0,1,
01829,5,58.0,1,Primaire
01829,6,7.0,1,Superieur
01829,7,47.0,2,Secondaire
01829,8,33.0,2,Secondaire
01830,1,53.0,1,Aucun
01830,2,57.0,1,Primaire
01830,3,47.0,1,Secondaire
01830,4,30.0,1,Primaire
01830,5,26.0,2,Aucun
01830,6,50.0,1,Primaire
01830,7,51.0,2,Aucun
01830,8,27.0,1,Aucun
01830,9,70.0,2,
01831,1,47.0,1,Primaire
01831,2,36.0,1,Secondaire
01831,3,36.0,2,Secondaire
01831,4,3.0,1,Aucun
01831,5,6.0,1,Primaire
01831,6,64.0,1,
01831,7,29.0,2,Aucun
01831,8,1.0,1,Aucun
01832,1,31.0,1,
01832,2,47.0,1,Aucun
01832,3,28.0,2,
01832,4,57.0,1,Aucun
01832,5,21.0,2,Superieur
01832,6,62.0,2,Aucun
01832,7,3.0,2,Aucun
01833,1,35.0,1,Secondaire
01833,2,45.0,2,Primaire
01833,3,35.0,1,Aucun
01833,4,43.0,1,Primaire
01833,5,46.0,1,Primaire
01833,6,9.0,2,Primaire
01833,7,31.0,1,Secondaire
01834,1,35.0,1,Secondaire
01834,2,47.0,1,Aucun
01834,3,39.0,1,Aucun
01834,4,51.0,2,Aucun
01834,5,74.0,2,
01834,6,33.0,1,Secondaire
01834,7,39.0,1,Primaire
01835,1,46.0,1,Aucun
01835,2,61.0,2,Aucun
01835,3,43.0,2,Aucun
01835,4,44.0,1,Aucun
01835,5,14.0,1,Secondaire
01835,6,15.0,1,Primaire
01835,7,24.0,1,Aucun
01836,1,45.0,1,Superieur
01836,2,6.0,1,Aucun
01837,1,40.0,2,Aucun
01837,2,53.0,2,Aucun
01837,3,12.0,1,Secondaire
01837,4,59.0,2,Aucun
01837,5,38.0,1,Primaire
01837,6,26.0,2,Primaire
01838,1,52.0,1,Primaire
01838,2,13.0,2,Secondaire
01838,3,3.0,2,Aucun
01838,4,71.0,2,Superieur
01839,1,46.0,1,Aucun
01839,2,8.0,2,Superieur
01839,3,46.0,1,Aucun
01839,4,57.0,2,Aucun
01839,5,32.0,1,Primaire
01840,1,71.0,1,Aucun
01840,2,59.0,2,Secondaire
01840,3,9.0,2,Secondaire
01840,4,31.0,1,Primaire
01840,5,46.0,1,Aucun
01840,6,14.0,2,Aucun
01840,7,63.0,2,Secondaire
01841,1,44.0,1,
01841,2,64.0,1,Primaire
01841,3,7.0,1,Primaire
01841,4,43.0,2,Primaire
01841,5,73.0,2,Aucun
01841,6,24.0,1,Primaire
01841,7,9.0,1,Aucun
01841,8,27.0,1,Primaire
01841,9,47.0,1,Aucun
01841,10,14.0,2,Superieur
01842,1,33.0,1,Aucun
01842,2,24.0,1,Secondaire
01842,3,,1,Secondaire
01842,4,55.0,1,Primaire
01842,5,51.0,2,Secondaire
01842,6,60.0,2,Primaire
01843,1,33.0,1,Secondaire
01843,2,72.0,1,Aucun
01843,3,47.0,1,Primaire
01843,4,35.0,2,Primaire
01843,5,30.0,1,Aucun
01843,6,7.0,1,Primaire
01844,1,35.0,1,Aucun
01844,2,43.0,1,Aucun
01844,3,71.0,2,Primaire
01844,4,36.0,1,Secondaire
01844,5,27.0,2,
01844,6,17.0,1,Aucun
01845,1,53.0,1,Aucun
01845,2,52.0,1,Primaire
01845,3,8.0,1,Secondaire
01845,4,69.0,1,Primaire
01845,5,3.0,1,Aucun
01845,6,25.0,2,Primaire
01845,7,42.0,2,Primaire
01845,8,66.0,2,Aucun
01846,1,29.0,2,Aucun
01846,2,38.0,2,Secondaire
01846,3,12.0,2,
01846,4,18.0,1,Primaire
01846,5,62.0,2,Secondaire
01846,6,68.0,1,Aucun
01846,7,34.0,1,Aucun
01846,8,5.0,1,Aucun
01846,9,24.0,1,Primaire
01846,10,44.0,2,Primaire
01847,1,42.0,2,Aucun
01847,2,69.0,2,Secondaire
01847,3,22.0,1,Secondaire
01847,4,42.0,1,Secondaire
01847,5,23.0,2,Aucun
01848,1,40.0,1,
01848,2,49.0,1,Secondaire
01848,3,4.0,2,Aucun
01848,4,37.0,1,Primaire
01848,5,52.0,1,Aucun
01848,6,26.0,2,Aucun
01848,7,65.0,2,Primaire
01848,8,46.0,2,Aucun
01848,9,25.0,2,Aucun
01848,10,28.0,1,Aucun
01848,11,46.0,1,Aucun
01848,12,16.0,1,Aucun
01848,13,12.0,1,Aucun
01849,1,46.0,1,Primaire
01849,2,6.0,1,Primaire
01849,3,25.0,2,Primaire
01850,1,45.0,2,Superieur
01850,2,27.0,1,Primaire
01850,3,54.0,2,Primaire
01850,4,30.0,2,Primaire
01850,5,5.0,2,Aucun
01850,6,20.0,1,Primaire
01850,7,10.0,2,Aucun
01851,1,31.0,1,Primaire
01851,2,67.0,1,Primaire
01851,3,27.0,2,Aucun
01851,4,,1,Secondaire
01851,5,71.0,2,Aucun
01851,6,20.0,1,Aucun
01851,7,60.0,1,Primaire
01851,8,60.0,1,Aucun
01851,9,22.0,1,Secondaire
01852,1,37.0,1,Aucun
01852,2,72.0,2,Aucun
01852,3,21.0,1,Aucun
01852,4,64.0,1,Secondaire
01852,5,7.0,2,Aucun
01852,6,17.0,2,Superieur
01853,1,25.0,1,Superieur
01853,2,43.0,1,Primaire
01853,3,55.0,1,Aucun
01853,4,34.0,1,Aucun
01853,5,41.0,2,Secondaire
01854,1,36.0,2,
01854,2,12.0,2,Aucun
01854,3,7.0,2,Secondaire
01854,4,67.0,2,Aucun
01854,5,21.0,1,Primaire
01855,1,47.0,1,Aucun
01855,2,23.0,1,Secondaire
01855,3,72.0,2,Secondaire
01855,4,63.0,2,Aucun
01855,5,39.0,2,Aucun
01855,6,21.0,1,Secondaire
01855,7,58.0,1,Primaire
01855,8,55.0,2,Aucun
01855,9,43.0,1,Secondaire
01855,10,38.0,1,Secondaire
01855,11,39.0,1,Aucun
01856,1,57.0,2,Secondaire
01856,2,57.0,1,Primaire
01856,3,2.0,1,Aucun
01856,4,21.0,2,Primaire
01856,5,58.0,2,Primaire
01857,1,42.0,1,Primaire
01857,2,45.0,2,Aucun
01857,3,6.0,2,Primaire
01857,4,11.0,1,Aucun
01857,5,56.0,2,Aucun
01857,6,74.0,1,Primaire
01858,1,36.0,1,Secondaire
01858,2,72.0,1,Secondaire
01858,3,29.0,2,Primaire
01858,4,0.0,2,Aucun
01858,5,64.0,2,Aucun
01859,1,59.0,1,Primaire
01859,2,61.0,1,Primaire
01859,3,60.0,1,Aucun
01859,4,44.0,1,Aucun
01859,5,20.0,2,Aucun
01859,6,66.0,2,Aucun
01859,7,27.0,1,Aucun
01860,1,42.0,2,Superieur
01860,2,18.0,2,Aucun
01860,3,10.0,2,Secondaire
01860,4,43.0,2,Primaire
01860,5,18.0,1,Secondaire
01860,6,9.0,2,Aucun
01861,1,37.0,2,Superieur
01861,2,18.0,2,Aucun
01861,3,1.0,2,Aucun
01861,4,16.0,2,Aucun
01861,5,69.0,1,Secondaire
01861,6,36.0,1,Aucun
01861,7,16.0,1,Primaire
01862,1,43.0,1,Secondaire
01862,2,12.0,1,Primaire
01862,3,44.0,2,Aucun
01862,4,15.0,1,Primaire
01863,1,33.0,1,Superieur
01863,2,61.0,1,Secondaire
01863,3,19.0,1,Primaire
01863,4,31.0,2,Secondaire
01863,5,16.0,2,Primaire
01864,1,43.0,1,Aucun
01864,2,34.0,2,Primaire
01864,3,63.0,2,Primaire
01864,4,54.0,2,Aucun
01864,5,16.0,1,Aucun
01864,6,29.0,1,Aucun
01864,7,24.0,2,Aucun
01865,1,34.0,1,Secondaire
01865,2,48.0,2,Secondaire
01865,3,11.0,2,Primaire
01865,4,49.0,1,Primaire
01865,5,19.0,2,Aucun
01865,6,54.0,2,Primaire
01866,1,27.0,1,Primaire
01866,2,39.0,1,Superieur
01866,3,7.0,1,Aucun
01866,4,33.0,1,Secondaire
01866,5,51.0,1,Aucun
01866,6,38.0,2,Superieur
01866,7,4.0,2,Aucun
01866,8,10.0,1,Primaire
01867,1,29.0,2,Aucun
01867,2,59.0,2,Primaire
01867,3,48.0,1,Aucun
01867,4,38.0,1,Aucun
01867,5,33.0,2,Primaire
01868,1,52.0,1,Aucun
01868,2,40.0,1,Primaire
01868,3,71.0,2,Primaire
01868,4,11.0,2,Primaire
01868,5,47.0,2,Primaire
01868,6,73.0,2,Secondaire
01868,7,72.0,1,Primaire
01869,1,61.0,1,Primaire
01869,2,56.0,2,Primaire
01869,3,69.0,1,Aucun
01869,4,38.0,2,Secondaire
01870,1,36.0,1,Aucun
01870,2,3.0,2,Aucun
01870,3,20.0,2,Secondaire
01870,4,58.0,2,Aucun
01870,5,28.0,2,Primaire
01870,6,9.0,1,Secondaire
01870,7,55.0,1,Secondaire
01870,8,33.0,1,Primaire
01871,1,27.0,1,Secondaire
01871,2,30.0,1,Secondaire
01871,3,49.0,1,Primaire
01872,1,30.0,1,Primaire
01872,2,41.0,1,Secondaire
01872,3,27.0,2,Aucun
01872,4,35.0,1,Primaire
01872,5,49.0,2,Aucun
01872,6,20.0,2,Secondaire
01872,7,1.0,2,
01873,1,41.0,1,Aucun
01873,2,57.0,2,Aucun
01873,3,21.0,1,Secondaire
01873,4,41.0,2,Primaire
01873,5,44.0,2,Aucun
01873,6,68.0,2,Primaire
01873,7,65.0,2,Aucun
01874,1,51.0,1,Primaire
01874,2,,2,Aucun
01874,3,67.0,1,Primaire
01874,4,3.0,1,Aucun
01875,1,32.0,1,Aucun
01875,2,74.0,1,Primaire
01875,3,12.0,1,Aucun
01875,4,72.0,1,Primaire
01876,1,40.0,2,Aucun
01876,2,40.0,2,Primaire
01876,3,65.0,1,Superieur
01876,4,0.0,2,Aucun
01877,1,31.0,1,Primaire
01877,2,57.0,2,Aucun
01878,1,37.0,1,Superieur
01879,1,54.0,1,Aucun
01879,2,53.0,2,Primaire
01879,3,55.0,2,Primaire
01879,4,52.0,2,Secondaire
01879,5,17.0,2,
01879,6,65.0,2,Primaire
01879,7,54.0,1,Primaire
01879,8,38.0,2,Secondaire
01880,1,42.0,1,Primaire
01880,2,39.0,2,Primaire
01880,3,25.0,1,Aucun
01880,4,40.0,1,
01880,5,30.0,2,Aucun
01880,6,36.0,2,Primaire
01880,7,12.0,1,Secondaire
01880,8,,1,Aucun
01880,9,36.0,1,Primaire
01880,10,15.0,1,Aucun
01880,11,17.0,1,Aucun
01881,1,70.0,1,Primaire
01881,2,58.0,2,Secondaire
01882,1,51.0,1,Secondaire
01882,2,47.0,1,Secondaire
01882,3,64.0,1,Primaire
01882,4,37.0,1,Secondaire
01883,1,36.0,1,Primaire
01883,2,57.0,2,Aucun
01883,3,28.0,1,Primaire
01883,4,44.0,2,Aucun
01883,5,34.0,1,Aucun
01884,1,33.0,1,Secondaire
01884,2,49.0,1,Primaire
01884,3,68.0,1,Aucun
01884,4,20.0,2,Primaire
01885,1,40.0,1,
01885,2,21.0,2,Aucun
01886,1,66.0,1,Primaire
01886,2,68.0,1,Aucun
01886,3,49.0,1,Aucun
01886,4,5.0,2,Aucun
01886,5,27.0,1,Primaire
01886,6,51.0,2,Secondaire
01887,1,37.0,2,Primaire
01887,2,3.0,2,Aucun
01887,3,26.0,1,Aucun
01887,4,11.0,1,Primaire
01887,5,22.0,2,Primaire
01887,6,39.0,1,Superieur
01888,1,21.0,1,Secondaire
01888,2,30.0,2,Aucun
01888,3,30.0,2,Primaire
01888,4,25.0,1,Primaire
01888,5,56.0,1,Aucun
01888,6,42.0,1,Primaire
01888,7,25.0,2,Superieur
01888,8,2.0,1,Aucun
01888,9,64.0,2,Primaire
01888,10,71.0,2,Aucun
01889,1,50.0,1,Aucun
01889,2,24.0,2,Aucun
01889,3,30.0,2,Primaire
01889,4,12.0,1,Secondaire
01889,5,70.0,2,Primaire
01890,1,34.0,1,Primaire
01890,2,73.0,2,Secondaire
01890,3,59.0,2,Aucun
01890,4,6.0,2,Aucun
01890,5,5.0,1,Aucun
01890,6,34.0,1,Primaire
01891,1,47.0,1,Primaire
01891,2,37.0,2,Primaire
01891,3,73.0,1,Secondaire
01891,4,20.0,1,Secondaire
01891,5,8.0,1,Secondaire
01891,6,68.0,1,Primaire
01891,7,0.0,1,Aucun
01891,8,7.0,2,Secondaire
01891,9,42.0,2,Primaire
01892,1,46.0,1,Aucun
01892,2,16.0,1,Secondaire
01892,3,68.0,1,Aucun
01892,4,57.0,2,Secondaire
01892,5,3.0,2,Aucun
01892,6,26.0,2,Primaire
01893,1,38.0,1,Aucun
01893,2,15.0,2,Primaire
01893,3,21.0,1,Primaire
01893,4,72.0,2,Aucun
01893,5,1.0,2,Aucun
01893,6,57.0,2,Secondaire
01893,7,20.0,1,Secondaire
01894,1,32.0,1,Secondaire
01894,2,51.0,2,
01894,3,51.0,2,Aucun
01894,4,62.0,2,Primaire
01894,5,68.0,2,Aucun
01894,6,53.0,1,Primaire
01894,7,11.0,1,Secondaire
01894,8,57.0,2,Secondaire
01895,1,47.0,1,Primaire
01895,2,58.0,2,Aucun
01895,3,44.0,1,Aucun
01895,4,38.0,2,Primaire
01895,5,70.0,1,Primaire
01895,6,53.0,1,Aucun
01895,7,47.0,2,Aucun
01896,1,48.0,1,Primaire
01896,2,,2,Aucun
01896,3,72.0,1,Secondaire
01896,4,66.0,1,
01896,5,62.0,1,Aucun
01896,6,1.0,2,Aucun
01896,7,65.0,1,Primaire
01896,8,29.0,1,Secondaire
01896,9,25.0,2,Secondaire
01897,1,32.0,2,Secondaire
01897,2,42.0,2,Secondaire
01897,3,58.0,2,Aucun
01897,4,57.0,2,Secondaire
01897,5,9.0,1,Aucun
01898,1,51.0,1,Primaire
01898,2,51.0,2,Aucun
01898,3,20.0,2,Aucun
01898,4,11.0,1,Primaire
01898,5,65.0,2,Primaire
01899,1,34.0,1,
01899,2,68.0,2,Secondaire
01899,3,13.0,1,Secondaire
01899,4,38.0,1,Primaire
01899,5,10.0,2,Secondaire
01899,6,72.0,1,Primaire
01899,7,34.0,2,Aucun
01899,8,52.0,1,Primaire
01899,9,,1,Secondaire
01899,10,74.0,1,Aucun
01900,1,49.0,1,Primaire
01900,2,61.0,1,Primaire
01900,3,46.0,2,Aucun
01900,4,66.0,1,Primaire
01900,5,52.0,2,Secondaire
01901,1,32.0,1,Aucun
01901,2,62.0,2,Superieur
01901,3,68.0,2,Aucun
01901,4,15.0,1,
01902,1,26.0,1,Primaire
01902,2,0.0,1,Aucun
01902,3,12.0,2,Primaire
01902,4,7.0,1,Aucun
01902,5,40.0,2,Aucun
01902,6,65.0,2,Aucun
01902,7,3.0,1,Aucun
01903,1,38.0,1,Aucun
01903,2,18.0,1,Aucun
01903,3,43.0,2,Secondaire
01903,4,68.0,1,Aucun
01904,1,56.0,1,Aucun
01904,2,31.0,2,Primaire
01904,3,61.0,2,Primaire
01904,4,58.0,1,Aucun
01904,5,15.0,2,Superieur
01904,6,64.0,1,Primaire
01904,7,68.0,2,
01904,8,8.0,1,Secondaire
01904,9,,2,Aucun
01904,10,24.0,2,Primaire
01904,11,24.0,1,Secondaire
01904,12,39.0,1,Secondaire
01905,1,44.0,1,
01905,2,37.0,2,Primaire
01905,3,73.0,2,Primaire
01905,4,31.0,1,Secondaire
01905,5,40.0,1,Aucun
01906,1,63.0,1,Primaire
01906,2,51.0,2,Aucun
01906,3,36.0,2,Aucun
01906,4,40.0,1,Superieur
01907,1,60.0,1,Aucun
01907,2,57.0,2,Aucun
01907,3,5.0,2,Aucun
01907,4,0.0,2,Aucun
01908,1,29.0,2,Secondaire
01908,2,30.0,2,Primaire
01908,3,26.0,1,Primaire
01908,4,4.0,2,Aucun
01908,5,16.0,1,Aucun
01908,6,52.0,2,Aucun
01909,1,44.0,1,Aucun
01909,2,8.0,2,Secondaire
01909,3,41.0,1,Primaire
01909,4,31.0,1,Aucun
01910,1,40.0,1,Aucun
01910,2,20.0,2,Primaire
01910,3,42.0,1,Aucun
01910,4,42.0,1,Primaire
01910,5,66.0,2,Primaire
01910,6,60.0,1,Primaire
01911,1,46.0,2,Primaire
01911,2,55.0,2,Aucun
01911,3,,1,Aucun
01911,4,35.0,2,Aucun
01911,5,30.0,2,Primaire
01911,6,59.0,1,Secondaire
01911,7,48.0,2,Secondaire
01911,8,2.0,1,Aucun
01912,1,47.0,1,Secondaire
01912,2,64.0,1,Primaire
01912,3,50.0,1,Aucun
01912,4,12.0,1,Aucun
01912,5,33.0,2,Primaire
01913,1,48.0,1,Primaire
01913,2,73.0,2,Aucun
01913,3,16.0,2,
01913,4,7.0,1,Aucun
01913,5,7.0,1,Aucun
01913,6,53.0,1,Aucun
01913,7,63.0,1,Superieur
01913,8,27.0,2,Secondaire
01913,9,72.0,1,Aucun
01914,1,58.0,2,Primaire
01914,2,69.0,2,Aucun
01914,3,69.0,2,Primaire
01914,4,24.0,2,Secondaire
01914,5,71.0,1,Aucun
01914,6,59.0,2,Aucun
01914,7,60.0,2,Aucun
01914,8,9.0,2,Primaire
01914,9,66.0,1,Secondaire
01915,1,61.0,2,Aucun
01915,2,26.0,2,Aucun
01915,3,45.0,2,Aucun
01915,4,32.0,1,Secondaire
01915,5,32.0,1,Aucun
01915,6,1.0,1,Aucun
01915,7,3.0,2,Aucun
01915,8,17.0,2,Primaire
01916,1,54.0,2,Aucun
01916,2,9.0,1,Primaire
01916,3,13.0,1,Superieur
01916,4,1.0,1,Aucun
01916,5,44.0,1,Aucun
01917,1,60.0,1,Aucun
01917,2,70.0,2,Secondaire
01917,3,54.0,1,Secondaire
01917,4,52.0,2,Superieur
01917,5,8.0,1,Secondaire
01917,6,45.0,1,Primaire
01917,7,14.0,2,Aucun
01917,8,73.0,2,Primaire
01917,9,29.0,1,Primaire
01917,10,73.0,1,Primaire
01917,11,63.0,2,Aucun
01917,12,58.0,1,Aucun
01918,1,47.0,2,Aucun
01918,2,13.0,2,Aucun
01918,3,36.0,1,Secondaire
01918,4,62.0,1,Aucun
01918,5,74.0,2,Secondaire
01918,6,0.0,1,
01918,7,30.0,2,Primaire
01918,8,42.0,2,Primaire
01918,9,48.0,2,Secondaire
01919,1,31.0,1,Primaire
01919,2,23.0,1,Primaire
01919,3,32.0,2,Secondaire
01920,1,20.0,1,Aucun
01920,2,,1,Primaire
01920,3,3.0,1,Aucun
01920,4,42.0,2,Aucun
01920,5,24.0,2,
01921,1,53.0,1,Primaire
01921,2,47.0,1,Primaire
01921,3,34.0,2,Aucun
01921,4,15.0,2,Primaire
01921,5,43.0,1,Aucun
01921,6,49.0,2,Aucun
01921,7,27.0,1,Secondaire
01921,8,50.0,1,Secondaire
01922,1,64.0,1,Superieur
01922,2,61.0,2,Primaire
01922,3,48.0,2,Secondaire
01922,4,68.0,2,Primaire
01922,5,51.0,2,Primaire
01922,6,47.0,2,
01923,1,27.0,1,Secondaire
01923,2,13.0,1,Secondaire
01923,3,71.0,1,Primaire
01923,4,63.0,2,Primaire
01923,5,74.0,1,Aucun
01923,6,15.0,2,Aucun
01924,1,47.0,2,Primaire
01924,2,33.0,1,Aucun
01924,3,19.0,2,Primaire
01924,4,47.0,1,Aucun
01924,5,0.0,2,Aucun
01924,6,65.0,2,Secondaire
01924,7,57.0,1,Aucun
01924,8,44.0,1,Secondaire
01925,1,20.0,1,Secondaire
01925,2,12.0,1,Secondaire
01925,3,56.0,1,Aucun
01925,4,42.0,1,Secondaire
01925,5,44.0,1,Aucun
01925,6,47.0,1,Primaire
01926,1,43.0,1,Primaire
01926,2,49.0,2,Aucun
01926,3,15.0,1,Primaire
01926,4,38.0,1,Primaire
01927,1,47.0,1,Aucun
01927,2,46.0,2,Superieur
01927,3,43.0,2,Aucun
01927,4,17.0,2,Secondaire
01927,5,73.0,1,Primaire
01927,6,41.0,1,Secondaire
01928,1,37.0,1,Secondaire
01928,2,74.0,2,Aucun
01928,3,36.0,2,
01929,1,45.0,1,Aucun
01929,2,11.0,1,Aucun
01929,3,63.0,2,Aucun
01930,1,36.0,1,Aucun
01930,2,46.0,1,
01930,3,23.0,2,Secondaire
01930,4,33.0,1,Primaire
01930,5,58.0,1,Secondaire
01930,6,52.0,2,Primaire
01931,1,28.0,1,Aucun
01931,2,64.0,2,Secondaire
01931,3,49.0,2,Secondaire
01932,1,43.0,1,Aucun
01932,2,30.0,1,Aucun
01932,3,14.0,1,
01932,4,59.0,1,
01932,5,36.0,2,Primaire
01932,6,27.0,2,Aucun
01932,7,38.0,2,Aucun
01932,8,19.0,1,Primaire
01932,9,61.0,2,Aucun
01933,1,45.0,1,Primaire
01933,2,73.0,1,Aucun
01933,3,50.0,2,Aucun
01933,4,42.0,1,Aucun
01933,5,72.0,2,Superieur
01933,6,8.0,2,Aucun
01933,7,4.0,1,Aucun
01933,8,37.0,1,Secondaire
01934,1,46.0,1,Aucun
01934,2,31.0,1,Aucun
01934,3,58.0,1,Aucun
01934,4,15.0,1,Primaire
01934,5,44.0,2,Aucun
01934,6,13.0,1,Primaire
01934,7,14.0,1,Primaire
01935,1,48.0,2,Primaire
01935,2,24.0,1,Aucun
01935,3,56.0,1,Primaire
01935,4,,2,
01935,5,35.0,2,Secondaire
01935,6,6.0,1,Secondaire
01936,1,42.0,1,Aucun
01936,2,42.0,1,Secondaire
01937,1,37.0,1,Aucun
01937,2,45.0,1,Aucun
01937,3,41.0,1,Primaire
01938,1,57.0,1,Primaire
01938,2,49.0,1,Secondaire
01938,3,57.0,2,Aucun
01938,4,13.0,2,Secondaire
01938,5,54.0,1,Secondaire
01938,6,61.0,1,Secondaire
01938,7,28.0,1,Aucun
01938,8,43.0,1,Primaire
01938,9,50.0,1,Secondaire
01939,1,37.0,1,Aucun
01939,2,70.0,1,Aucun
01939,3,7.0,1,Secondaire
01939,4,55.0,1,Primaire
01939,5,28.0,2,Aucun
01939,6,53.0,2,Aucun
01939,7,54.0,1,Primaire
01939,8,73.0,1,Aucun
01939,9,31.0,2,Primaire
01940,1,51.0,1,Aucun
01940,2,67.0,2,
01940,3,28.0,2,Secondaire
01940,4,66.0,2,Superieur
01940,5,37.0,1,Secondaire
01940,6,27.0,2,Aucun
01940,7,55.0,2,Aucun
01940,8,62.0,1,Secondaire
01941,1,33.0,1,Aucun
01941,2,37.0,1,Aucun
01941,3,19.0,2,Secondaire
01941,4,71.0,2,Aucun
01942,1,73.0,1,Secondaire
01942,2,45.0,2,Aucun
01942,3,32.0,1,Secondaire
01942,4,19.0,2,Secondaire
01942,5,52.0,2,Secondaire
01942,6,51.0,1,Secondaire
01943,1,30.0,1,Primaire
01943,2,69.0,2,Aucun
01943,3,36.0,1,Primaire
01943,4,12.0,1,Primaire
01943,5,17.0,1,Aucun
01943,6,64.0,2,Primaire
01943,7,50.0,2,Primaire
01943,8,68.0,1,Aucun
01943,9,67.0,2,Secondaire
01943,10,52.0,2,Secondaire
01943,11,43.0,2,Aucun
01944,1,44.0,2,Aucun
01944,2,50.0,2,Superieur
01944,3,39.0,2,Primaire
01944,4,37.0,2,Superieur
01944,5,7.0,1,Primaire
01944,6,58.0,1,Aucun
01944,7,6.0,2,Primaire
01944,8,,2,Aucun
01945,1,22.0,1,Aucun
01945,2,39.0,2,Primaire
01945,3,,2,Secondaire
01945,4,55.0,2,Secondaire
01945,5,2.0,2,Aucun
01945,6,68.0,2,Secondaire
01945,7,34.0,2,Aucun
01946,1,50.0,1,Secondaire
01946,2,74.0,1,Primaire
01946,3,41.0,2,Primaire
01946,4,56.0,2,Aucun
01947,1,35.0,2,Aucun
01947,2,17.0,2,Secondaire
01947,3,1.0,2,Aucun
01947,4,71.0,1,
01947,5,47.0,1,Aucun
01947,6,1.0,1,Aucun
01947,7,65.0,1,Secondaire
01947,8,69.0,2,Aucun
01947,9,72.0,2,Secondaire
01947,10,12.0,2,
01947,11,23.0,1,Aucun
01947,12,71.0,2,Secondaire
01948,1,,2,Aucun
01948,2,49.0,2,Primaire
01948,3,56.0,1,Secondaire
01948,4,63.0,2,Primaire
01948,5,7.0,1,Primaire
01948,6,35.0,2,Primaire
01948,7,13.0,2,Secondaire
01949,1,52.0,2,Aucun
01949,2,54.0,2,Secondaire
01949,3,42.0,2,Superieur
01949,4,39.0,1,Aucun
01949,5,30.0,1,Aucun
01949,6,42.0,2,Secondaire
01949,7,56.0,1,Primaire
01949,8,,2,Primaire
01949,9,7.0,1,Aucun
01949,10,50.0,2,Primaire
01949,11,7.0,1,Superieur
01950,1,50.0,1,Primaire
01950,2,,1,Secondaire
01950,3,53.0,1,Aucun
01950,4,65.0,1,Aucun
01950,5,32.0,2,Secondaire
01950,6,,2,Primaire
01950,7,17.0,2,Aucun
01951,1,45.0,1,Aucun
01951,2,10.0,1,Secondaire
01951,3,33.0,2,Aucun
01951,4,,1,Aucun
01951,5,,1,Primaire
01951,6,10.0,1,Aucun
01951,7,8.0,2,Aucun
01951,8,47.0,2,Primaire
01951,9,39.0,1,
01951,10,6.0,2,Aucun
01952,1,50.0,1,Aucun
01952,2,25.0,2,
01952,3,34.0,1,Aucun
01952,4,34.0,2,Aucun
01952,5,74.0,1,Primaire
01952,6,16.0,1,Secondaire
01953,1,45.0,1,Primaire
01954,1,42.0,1,
01954,2,39.0,2,Aucun
01954,3,23.0,1,Secondaire
01954,4,38.0,1,Primaire
01954,5,71.0,1,Primaire
01955,1,52.0,1,Aucun
01955,2,10.0,2,Aucun
01955,3,68.0,1,Primaire
01955,4,9.0,2,Secondaire
01955,5,10.0,2,Aucun
01955,6,14.0,1,Secondaire
01956,1,45.0,1,Primaire
01956,2,4.0,1,Aucun
01956,3,24.0,2,Primaire
01956,4,65.0,2,Secondaire
01956,5,40.0,1,Primaire
01956,6,46.0,2,Primaire
01956,7,47.0,2,Primaire
01956,8,65.0,2,Primaire
01956,9,25.0,2,
01956,10,27.0,1,Secondaire
01956,11,71.0,2,Primaire
01957,1,32.0,1,Aucun
01957,2,33.0,2,Aucun
01957,3,9.0,1,Primaire
01957,4,70.0,2,Aucun
01957,5,70.0,1,Primaire
01957,6,53.0,1,Secondaire
01958,1,45.0,1,Aucun
01958,2,56.0,1,Superieur
01958,3,32.0,1,Aucun
01959,1,55.0,1,Primaire
01959,2,66.0,1,Aucun
01959,3,0.0,1,Aucun
01959,4,36.0,1,Aucun
01959,5,10.0,2,Aucun
01959,6,58.0,2,Aucun
01959,7,45.0,2,Aucun
01959,8,25.0,1,Aucun
01959,9,64.0,2,Superieur
01959,10,40.0,2,
01960,1,33.0,1,Aucun
01960,2,68.0,1,Aucun
01960,3,32.0,2,Primaire
01960,4,46.0,2,Aucun
01961,1,40.0,1,Secondaire
01961,2,27.0,1,Aucun
01961,3,5.0,1,Aucun
01961,4,66.0,1,Primaire
01962,1,51.0,1,Secondaire
01962,2,65.0,2,Aucun
01962,3,26.0,2,Secondaire
01962,4,42.0,2,Superieur
01962,5,49.0,1,Aucun
01962,6,3.0,1,Aucun
01962,7,41.0,2,Secondaire
01962,8,56.0,1,Primaire
01962,9,74.0,2,Aucun
01963,1,39.0,1,Primaire
01963,2,31.0,2,Aucun
01963,3,41.0,1,
01963,4,40.0,2,Primaire
01963,5,40.0,1,
01963,6,56.0,1,Aucun
01963,7,38.0,2,Secondaire
01963,8,36.0,2,Primaire
01964,1,50.0,1,Aucun
01964,2,10.0,2,Primaire
01964,3,1.0,1,Aucun
01964,4,18.0,2,Primaire
01964,5,34.0,2,Secondaire
01964,6,5.0,1,Aucun
01965,1,49.0,1,Aucun
01965,2,3.0,2,Aucun
01965,3,34.0,1,Aucun
01965,4,69.0,2,Secondaire
01965,5,44.0,1,Primaire
01965,6,20.0,2,Primaire
01965,7,,1,Aucun
01965,8,21.0,1,Aucun
01965,9,11.0,2,Primaire
01966,1,20.0,1,Secondaire
01966,2,72.0,2,Secondaire
01966,3,47.0,2,Primaire
01966,4,63.0,2,Secondaire
01966,5,21.0,1,Primaire
01966,6,6.0,1,Primaire
01966,7,34.0,2,Aucun
01967,1,49.0,1,Aucun
01967,2,1.0,1,Aucun
01967,3,56.0,2,Aucun
01967,4,15.0,2,Aucun
01967,5,32.0,2,Secondaire
01967,6,30.0,1,
01967,7,14.0,2,Aucun
01968,1,,2,Secondaire
01968,2,72.0,1,Aucun
01968,3,24.0,2,Aucun
01968,4,63.0,2,Aucun
01968,5,1.0,1,Aucun
01968,6,33.0,2,Aucun
01968,7,50.0,2,Primaire
01969,1,43.0,1,Aucun
01969,2,22.0,2,Secondaire
01969,3,18.0,1,Primaire
01969,4,4.0,1,Aucun
01969,5,8.0,1,Secondaire
01969,6,,1,Secondaire
01969,7,33.0,2,Primaire
01969,8,49.0,2,Aucun
01969,9,9.0,2,Secondaire
01970,1,31.0,1,Aucun
01970,2,12.0,1,Primaire
01970,3,25.0,2,Secondaire
01970,4,74.0,2,Aucun
01970,5,34.0,1,Aucun
01970,6,37.0,2,Secondaire
01970,7,57.0,1,Secondaire
01970,8,59.0,1,Aucun
01970,9,43.0,1,Primaire
01971,1,41.0,1,Aucun
01972,1,20.0,1,Aucun
01972,2,12.0,2,Superieur
01972,3,17.0,1,Aucun
01972,4,,1,Secondaire
01972,5,37.0,2,Aucun
01972,6,22.0,1,Secondaire
01972,7,71.0,1,
01973,1,67.0,1,Primaire
01973,2,61.0,1,Primaire
01973,3,26.0,1,Primaire
01973,4,42.0,1,Primaire
01973,5,5.0,1,Aucun
01973,6,32.0,1,Secondaire
01973,7,3.0,1,Aucun
01973,8,72.0,2,Aucun
01974,1,56.0,1,Secondaire
01974,2,25.0,2,Secondaire
01974,3,38.0,1,
01974,4,66.0,1,Aucun
01975,1,30.0,2,Aucun
01975,2,25.0,2,Secondaire
01975,3,9.0,1,Primaire
01975,4,73.0,2,Primaire
01975,5,48.0,1,Aucun
01976,1,46.0,1,Aucun
01976,2,1.0,1,Aucun
01976,3,3.0,2,Aucun
01976,4,22.0,1,Aucun
01977,1,50.0,1,Aucun
01977,2,55.0,1,
01977,3,10.0,1,Secondaire
01977,4,,2,Aucun
01977,5,36.0,1,Primaire
01978,1,37.0,1,Aucun
01978,2,59.0,2,Aucun
01978,3,61.0,2,Primaire
01978,4,11.0,1,Secondaire
01978,5,50.0,2,Primaire
01978,6,4.0,2,Aucun
01978,7,63.0,2,
01979,1,64.0,1,Aucun
01979,2,4.0,2,Aucun
01979,3,45.0,1,Aucun
01979,4,57.0,2,Aucun
01979,5,3.0,1,Aucun
01979,6,56.0,2,Secondaire
01979,7,38.0,1,Aucun
01980,1,31.0,1,Secondaire
01980,2,6.0,2,Aucun
01980,3,62.0,2,Secondaire
01980,4,74.0,1,Aucun
01980,5,38.0,2,Secondaire
01980,6,21.0,2,Primaire
01981,1,45.0,1,Aucun
01981,2,6.0,2,Secondaire
01981,3,33.0,2,Secondaire
01981,4,2.0,2,Aucun
01981,5,0.0,2,Aucun
01981,6,5.0,2,Aucun
01981,7,60.0,2,Superieur
01981,8,41.0,2,Secondaire
01982,1,30.0,1,Aucun
01982,2,59.0,1,Aucun
01982,3,4.0,1,Aucun
01982,4,,1,Aucun
01982,5,55.0,1,
01983,1,40.0,1,Secondaire
01983,2,0.0,1,Aucun
01983,3,56.0,1,Secondaire
01983,4,24.0,1,Aucun
01983,5,,1,Secondaire
01983,6,31.0,2,Primaire
01983,7,53.0,2,Secondaire
01983,8,25.0,1,Secondaire
01983,9,49.0,2,Aucun
01984,1,55.0,1,Aucun
01984,2,59.0,2,Secondaire
01984,3,23.0,1,Primaire
01984,4,19.0,2,Aucun
01984,5,20.0,1,Secondaire
01984,6,62.0,2,Secondaire
01984,7,60.0,2,Aucun
01985,1,35.0,1,Secondaire
01985,2,37.0,1,Aucun
01985,3,,2,Aucun
01985,4,15.0,1,Aucun
01985,5,58.0,2,
01985,6,19.0,2,Aucun
01985,7,20.0,2,Aucun
01985,8,46.0,2,Aucun
01986,1,43.0,2,Aucun
01986,2,9.0,1,Primaire
01986,3,59.0,2,Superieur
01986,4,6.0,1,Primaire
01986,5,20.0,1,Secondaire
01986,6,59.0,1,Secondaire
01986,7,43.0,1,Aucun
01986,8,46.0,1,Aucun
01986,9,44.0,2,Aucun
01987,1,38.0,1,Aucun
01987,2,66.0,1,Secondaire
01987,3,24.0,2,
01987,4,66.0,2,Aucun
01987,5,54.0,1,Secondaire
01987,6,0.0,1,Aucun
01988,1,55.0,1,Aucun
01988,2,48.0,1,Aucun
01988,3,35.0,1,Primaire
01988,4,26.0,1,Primaire
01988,5,18.0,1,Secondaire
01988,6,53.0,1,Primaire
01988,7,41.0,2,Superieur
01988,8,70.0,2,Aucun
01988,9,23.0,1,Aucun
01988,10,48.0,2,Aucun
01988,11,44.0,1,Aucun
01989,1,47.0,1,Aucun
01989,2,26.0,2,Primaire
01989,3,71.0,2,Superieur
01989,4,20.0,2,Primaire
01990,1,46.0,1,Primaire
01990,2,46.0,1,Secondaire
01990,3,1.0,2,Aucun
01990,4,73.0,2,Aucun
01990,5,30.0,1,Primaire
01991,1,47.0,2,Aucun
01991,2,27.0,1,Secondaire
01991,3,45.0,1,Superieur
01991,4,56.0,2,
01991,5,12.0,1,Aucun
01991,6,21.0,1,Primaire
01991,7,70.0,2,Secondaire
01991,8,69.0,2,Primaire
01992,1,41.0,1,Secondaire
01992,2,15.0,2,Aucun
01992,3,15.0,2,Aucun
01992,4,73.0,1,Secondaire
01992,5,62.0,1,Secondaire
01992,6,68.0,1,Aucun
01992,7,39.0,1,Aucun
01993,1,37.0,1,
01993,2,57.0,1,Primaire
01993,3,51.0,2,Secondaire
01993,4,34.0,1,Primaire
01993,5,59.0,1,Primaire
01993,6,66.0,2,Secondaire
01993,7,53.0,2,
01993,8,33.0,1,Primaire
01993,9,55.0,2,Secondaire
01994,1,31.0,1,Primaire
01994,2,21.0,2,Primaire
01994,3,54.0,1,Primaire
01995,1,42.0,1,Secondaire
01995,2,32.0,2,Secondaire
01995,3,33.0,1,Superieur
01995,4,57.0,1,Aucun
01995,5,53.0,1,Primaire
01995,6,6.0,2,Secondaire
01995,7,35.0,1,Aucun
01996,1,41.0,1,Secondaire
01996,2,16.0,2,Aucun
01996,3,17.0,2,Aucun
01996,4,58.0,1,Primaire
01996,5,43.0,1,Primaire
01997,1,24.0,1,Primaire
01997,2,73.0,1,Aucun
01997,3,31.0,1,Aucun
01997,4,54.0,2,Aucun
01997,5,42.0,2,Primaire
01997,6,63.0,2,Aucun
01997,7,47.0,1,Superieur
01997,8,54.0,1,Primaire
01997,9,69.0,2,Primaire
01997,10,16.0,2,Aucun
01998,1,36.0,1,Secondaire
01998,2,37.0,2,Primaire
01998,3,4.0,2,Aucun
01998,4,19.0,2,Aucun
01998,5,71.0,2,Secondaire
01998,6,45.0,2,Primaire
01998,7,7.0,1,Primaire
01998,8,72.0,2,
01999,1,38.0,1,Aucun
01999,2,,2,Primaire
01999,3,12.0,1,Aucun
01999,4,1.0,2,Aucun
01999,5,14.0,1,Secondaire
02000,1,42.0,1,Superieur
02000,2,6.0,1,Primaire
02000,3,42.0,1,Aucun
02000,4,11.0,2,Aucun
02000,5,48.0,2,Aucun
02000,6,24.0,1,Secondaire
02001,1,43.0,1,Aucun
02001,2,4.0,2,Aucun
02001,3,56.0,1,Aucun
02001,4,56.0,1,Primaire
02001,5,24.0,1,Primaire
02002,1,31.0,1,Aucun
02002,2,32.0,1,Primaire
02002,3,3.0,1,Aucun
02002,4,56.0,1,Primaire
02002,5,62.0,2,Primaire
02002,6,15.0,1,Superieur
02003,1,38.0,1,Aucun
02003,2,36.0,2,Primaire
02003,3,54.0,1,Secondaire
02003,4,22.0,1,Aucun
02003,5,67.0,1,Aucun
02003,6,73.0,1,Aucun
02004,1,45.0,2,Secondaire
02004,2,27.0,2,Secondaire
02004,3,32.0,2,Superieur
02004,4,22.0,1,Secondaire
02004,5,65.0,2,Aucun
02004,6,69.0,2,Aucun
02004,7,23.0,2,Secondaire
02004,8,49.0,2,
02004,9,60.0,2,Primaire
02005,1,32.0,1,Primaire
02005,2,43.0,1,Aucun
02005,3,55.0,2,Primaire
02005,4,7.0,1,Aucun
02005,5,28.0,2,Aucun
02005,6,53.0,1,Primaire
02006,1,46.0,1,Aucun
02006,2,70.0,2,Secondaire
02006,3,23.0,1,Primaire
02006,4,8.0,1,
02006,5,,1,Secondaire
02006,6,62.0,1,Aucun
02007,1,49.0,2,Primaire
02007,2,70.0,1,Aucun
02007,3,69.0,2,Primaire
02007,4,32.0,1,
02007,5,23.0,2,Secondaire
02007,6,59.0,2,Secondaire
02008,1,41.0,1,Aucun
02008,2,35.0,2,Secondaire
02008,3,50.0,2,Aucun
02008,4,12.0,2,Aucun
02008,5,1.0,2,Aucun
02008,6,25.0,1,Aucun
02009,1,36.0,1,
02009,2,22.0,1,Secondaire
02009,3,62.0,1,Secondaire
02009,4,60.0,1,Aucun
02009,5,56.0,1,Secondaire
02009,6,52.0,2,Aucun
02009,7,48.0,1,Aucun
02009,8,28.0,1,Primaire
02009,9,45.0,1,Primaire
02009,10,71.0,1,Superieur
02009,11,55.0,1,Primaire
02009,12,62.0,1,Secondaire
02009,13,6.0,2,Secondaire
02009,14,65.0,2,Aucun
02009,15,16.0,1,Aucun
02010,1,46.0,2,Primaire
02010,2,46.0,1,Secondaire
02010,3,49.0,2,Primaire
02010,4,17.0,1,Aucun
02010,5,50.0,1,Primaire
02011,1,35.0,1,Primaire
02011,2,15.0,2,Primaire
02011,3,49.0,1,Aucun
02011,4,10.0,1,Primaire
02011,5,57.0,2,Primaire
02011,6,28.0,2,Aucun
02011,7,60.0,2,Secondaire
02012,1,23.0,1,Primaire
02012,2,71.0,2,Secondaire
02012,3,63.0,2,Secondaire
02012,4,55.0,2,Primaire
02012,5,5.0,1,Aucun
02013,1,45.0,1,Secondaire
02013,2,61.0,2,Superieur
02013,3,51.0,1,Aucun
02013,4,72.0,1,Secondaire
02013,5,18.0,1,Primaire
02013,6,12.0,1,Aucun
02013,7,12.0,2,Primaire
02013,8,39.0,2,Secondaire
02013,9,47.0,2,Secondaire
02014,1,48.0,2,
02014,2,61.0,1,Aucun
02014,3,30.0,1,Aucun
02014,4,44.0,1,Secondaire
02015,1,48.0,1,Aucun
02015,2,34.0,1,Aucun
02015,3,73.0,2,Secondaire
02015,4,33.0,1,Primaire
02015,5,4.0,1,Aucun
02016,1,24.0,2,
02016,2,33.0,1,Secondaire
02016,3,57.0,2,Aucun
02016,4,49.0,2,Secondaire
02016,5,4.0,1,Aucun
02016,6,1.0,1,Aucun
02016,7,11.0,1,Primaire
02017,1,55.0,1,Secondaire
02017,2,38.0,1,Aucun
02017,3,27.0,2,
02017,4,68.0,2,Primaire
02017,5,40.0,2,Secondaire
02017,6,59.0,1,Aucun
02017,7,40.0,2,Aucun
02017,8,6.0,1,Aucun
02017,9,61.0,1,Primaire
02017,10,62.0,2,Primaire
02017,11,29.0,2,Aucun
02018,1,44.0,1,Primaire
02018,2,24.0,2,Aucun
02018,3,30.0,1,Aucun
02018,4,4.0,1,Aucun
02019,1,51.0,1,Aucun
02019,2,34.0,2,Secondaire
02019,3,73.0,1,Aucun
02019,4,30.0,1,Aucun
02019,5,33.0,1,Primaire
02019,6,65.0,1,Superieur
02019,7,33.0,2,Aucun
02019,8,16.0,1,Secondaire
02019,9,7.0,1,Aucun
02019,10,9.0,2,Primaire
02020,1,55.0,1,Aucun
02020,2,19.0,2,Aucun
02020,3,41.0,2,Primaire
02020,4,2.0,2,Aucun
02020,5,49.0,2,Aucun
02020,6,50.0,2,Aucun
02021,1,38.0,1,Primaire
02021,2,71.0,1,Secondaire
02021,3,65.0,1,Aucun
02021,4,33.0,2,Primaire
02021,5,11.0,2,Secondaire
02022,1,39.0,1,Aucun
02022,2,38.0,2,
02022,3,14.0,1,Aucun
02022,4,0.0,2,Aucun
02022,5,51.0,1,Secondaire
02023,1,43.0,1,Aucun
02023,2,43.0,1,Secondaire
02023,3,42.0,2,Aucun
02023,4,67.0,2,Aucun
02023,5,56.0,1,Secondaire
02023,6,73.0,1,Superieur
02024,1,41.0,1,Aucun
02024,2,7.0,1,Primaire
02024,3,53.0,1,Primaire
02024,4,49.0,1,Primaire
02025,1,58.0,1,Aucun
02025,2,17.0,1,
02025,3,53.0,1,Primaire
02025,4,35.0,2,Primaire
02025,5,33.0,1,Secondaire
02025,6,13.0,1,Aucun
02026,1,31.0,1,Aucun
02026,2,30.0,1,Superieur
02026,3,62.0,2,Primaire
02027,1,37.0,1,Primaire
02027,2,23.0,1,Primaire
02027,3,9.0,1,Primaire
02027,4,12.0,2,Primaire
02027,5,44.0,1,Primaire
02027,6,58.0,1,Secondaire
02027,7,45.0,1,Primaire
02027,8,26.0,1,Primaire
02027,9,22.0,1,Secondaire
02028,1,51.0,2,Aucun
02028,2,59.0,1,Aucun
02028,3,7.0,2,Primaire
02028,4,20.0,2,Primaire
02028,5,50.0,1,Secondaire
02028,6,61.0,1,Aucun
02029,1,45.0,1,Secondaire
02029,2,23.0,2,Aucun
02029,3,71.0,1,Aucun
02029,4,57.0,1,Aucun
02029,5,7.0,1,Secondaire
02029,6,2.0,1,Aucun
02029,7,12.0,2,Primaire
02030,1,45.0,1,Primaire
02030,2,51.0,1,Secondaire
02030,3,57.0,2,Secondaire
02030,4,7.0,2,Aucun
02031,1,43.0,1,Secondaire
02031,2,33.0,1,Aucun
02031,3,56.0,2,Aucun
02031,4,,2,Aucun
02032,1,35.0,1,Superieur
02032,2,19.0,2,Secondaire
02032,3,66.0,2,Aucun
02032,4,55.0,2,Aucun
02033,1,49.0,1,Superieur
02033,2,42.0,1,Aucun
02033,3,14.0,1,Aucun
02033,4,74.0,1,Primaire
02033,5,71.0,1,Primaire
02034,1,57.0,1,Aucun
02034,2,42.0,2,Secondaire
02034,3,1.0,1,Aucun
02034,4,38.0,2,Aucun
02034,5,15.0,1,Aucun
02034,6,70.0,1,
02034,7,33.0,2,Aucun
02034,8,18.0,2,Secondaire
02034,9,66.0,2,Aucun
02034,10,47.0,1,
02034,11,,1,Aucun
02035,1,33.0,1,Secondaire
02035,2,58.0,1,Primaire
02035,3,65.0,2,Aucun
02035,4,25.0,2,Primaire
02035,5,25.0,1,Aucun
02036,1,26.0,1,Secondaire
02036,2,3.0,1,Aucun
02036,3,32.0,1,Secondaire
02036,4,22.0,1,Aucun
02036,5,74.0,1,Aucun
02036,6,53.0,1,Secondaire
02037,1,24.0,1,Aucun
02037,2,30.0,2,
02037,3,17.0,2,Primaire
02037,4,43.0,2,Aucun
02037,5,65.0,2,Secondaire
02037,6,26.0,1,Primaire
02038,1,50.0,1,Secondaire
02038,2,7.0,2,Secondaire
02038,3,12.0,2,Primaire
02038,4,53.0,1,Secondaire
02038,5,36.0,2,Aucun
02038,6,69.0,2,Secondaire
02038,7,41.0,1,Secondaire
02038,8,9.0,2,Primaire
02038,9,48.0,1,Primaire
02039,1,48.0,1,Secondaire
02039,2,73.0,1,Primaire
02039,3,70.0,2,Primaire
02039,4,10.0,1,Aucun
02039,5,72.0,1,Primaire
02039,6,35.0,2,Aucun
02039,7,24.0,1,Primaire
02039,8,43.0,2,Primaire
02040,1,49.0,1,Primaire
02040,2,41.0,2,Aucun
02040,3,61.0,1,Primaire
02040,4,17.0,1,Primaire
02040,5,29.0,2,Aucun
02040,6,33.0,1,Secondaire
02040,7,41.0,2,Secondaire
02040,8,30.0,1,Secondaire
02040,9,18.0,1,Aucun
02040,10,62.0,2,Primaire
02041,1,52.0,1,Aucun
02041,2,62.0,2,Secondaire
02041,3,66.0,2,Aucun
02041,4,38.0,1,Primaire
02041,5,72.0,2,Primaire
02041,6,70.0,2,Secondaire
02041,7,47.0,1,Aucun
02041,8,45.0,1,Aucun
02041,9,59.0,1,Secondaire
02041,10,52.0,1,Aucun
02041,11,54.0,1,Aucun
02041,12,18.0,1,Secondaire
02041,13,19.0,2,Aucun
02042,1,26.0,1,Secondaire
02042,2,23.0,2,Primaire
02042,3,52.0,1,Aucun
02042,4,72.0,2,Secondaire
02042,5,29.0,2,Primaire
02042,6,52.0,2,Aucun
02043,1,23.0,1,Primaire
02043,2,51.0,2,Secondaire
02043,3,71.0,2,Secondaire
02043,4,20.0,2,
02043,5,11.0,1,Aucun
02044,1,46.0,2,Aucun
02044,2,71.0,1,Aucun
02044,3,43.0,1,Secondaire
02044,4,61.0,1,Secondaire
02044,5,69.0,1,Aucun
02044,6,51.0,1,Secondaire
02045,1,34.0,1,Secondaire
02045,2,14.0,1,Aucun
02045,3,,1,Primaire
02046,1,48.0,1,Primaire
02046,2,6.0,1,Secondaire
02046,3,49.0,1,Secondaire
02046,4,32.0,2,Secondaire
02046,5,59.0,1,Superieur
02047,1,42.0,1,Aucun
02047,2,29.0,1,Aucun
02047,3,19.0,2,Secondaire
02047,4,69.0,2,
02047,5,4.0,1,Aucun
02047,6,0.0,1,Aucun
02047,7,0.0,1,Aucun
02048,1,37.0,1,
02048,2,74.0,2,Primaire
02048,3,5.0,1,Aucun
02048,4,46.0,2,Primaire
02048,5,30.0,2,Aucun
02048,6,22.0,1,Superieur
02049,1,51.0,1,Primaire
02049,2,39.0,2,Primaire
02050,1,48.0,2,Aucun
02050,2,65.0,1,Aucun
02050,3,18.0,2,Secondaire
02051,1,50.0,1,Aucun
02051,2,65.0,1,Primaire
02051,3,28.0,1,Aucun
02051,4,55.0,1,Aucun
02051,5,20.0,2,Aucun
02051,6,71.0,2,Aucun
02051,7,54.0,2,Aucun
02051,8,36.0,2,Secondaire
02051,9,23.0,1,Primaire
02051,10,12.0,1,Primaire
02052,1,37.0,1,Aucun
02052,2,29.0,1,Primaire
02053,1,59.0,2,
02054,1,43.0,2,Secondaire
02054,2,66.0,2,Aucun
02054,3,46.0,2,Primaire
02055,1,,2,Aucun
02055,2,3.0,1,Aucun
02055,3,24.0,1,Aucun
02055,4,53.0,2,Aucun
02055,5,3.0,1,Aucun
02055,6,44.0,1,Aucun
02055,7,40.0,2,Secondaire
02055,8,68.0,2,Secondaire
02055,9,71.0,1,
02055,10,72.0,2,Aucun
02055,11,7.0,1,Primaire
02056,1,41.0,2,Secondaire
02056,2,41.0,1,Aucun
02056,3,5.0,2,Aucun
02056,4,52.0,1,Aucun
02056,5,17.0,1,Primaire
02057,1,59.0,1,Aucun
02057,2,3.0,1,Aucun
02057,3,2.0,2,Aucun
02057,4,38.0,2,Secondaire
02057,5,22.0,2,Primaire
02057,6,25.0,2,Superieur
02057,7,68.0,2,Aucun
02058,1,40.0,2,Primaire
02058,2,35.0,2,Secondaire
02058,3,23.0,2,Aucun
02058,4,10.0,2,Aucun
02058,5,54.0,1,Aucun
02058,6,5.0,1,Aucun
02058,7,20.0,1,Secondaire
02058,8,59.0,1,Aucun
02058,9,13.0,2,Primaire
02059,1,53.0,1,Primaire
02059,2,66.0,2,Primaire
02059,3,,2,Primaire
02059,4,69.0,2,Primaire
02060,1,58.0,1,Superieur
02060,2,41.0,1,Primaire
02060,3,44.0,2,Primaire
02061,1,37.0,1,Secondaire
02061,2,8.0,1,Aucun
02061,3,73.0,2,Primaire
02061,4,64.0,1,Secondaire
02061,5,50.0,2,Primaire
02061,6,7.0,1,Primaire
02061,7,4.0,2,
02061,8,12.0,2,Aucun
02062,1,35.0,1,Primaire
02062,2,45.0,2,Secondaire
02062,3,2.0,2,Aucun
02063,1,,1,Aucun
02063,2,9.0,2,Primaire
02063,3,12.0,2,Aucun
02063,4,29.0,1,Primaire
02063,5,41.0,1,Aucun
02063,6,62.0,1,Secondaire
02063,7,42.0,2,Secondaire
02064,1,47.0,2,Aucun
02064,2,6.0,2,Secondaire
02064,3,27.0,1,Aucun
02064,4,51.0,2,Aucun
02065,1,27.0,1,Superieur
02065,2,63.0,2,Aucun
02065,3,41.0,1,
02065,4,49.0,2,Aucun
02066,1,49.0,1,Aucun
02066,2,53.0,2,Aucun
02066,3,38.0,1,Aucun
02067,1,40.0,1,Secondaire
02067,2,20.0,1,Secondaire
02067,3,51.0,1,Aucun
02067,4,62.0,1,Secondaire
02067,5,29.0,1,Secondaire
02068,1,66.0,1,Aucun
02068,2,71.0,2,Aucun
02068,3,29.0,1,Aucun
02068,4,45.0,1,
02068,5,57.0,1,Secondaire
02068,6,15.0,2,Secondaire
02068,7,4.0,1,Aucun
02068,8,21.0,2,Secondaire
02068,9,23.0,1,Primaire
02068,10,65.0,1,Aucun
02069,1,45.0,1,Aucun
02069,2,65.0,2,Primaire
02069,3,50.0,2,Aucun
02069,4,0.0,1,Aucun
02069,5,22.0,1,Aucun
02069,6,62.0,2,Aucun
02070,1,,1,Aucun
02070,2,53.0,1,Aucun
02070,3,0.0,1,Aucun
02070,4,15.0,2,Aucun
02070,5,45.0,2,Superieur
02070,6,0.0,2,Aucun
02070,7,12.0,2,Secondaire
02070,8,60.0,2,
02070,9,38.0,1,Primaire
02071,1,42.0,1,Aucun
02071,2,48.0,1,Aucun
02071,3,8.0,1,Aucun
02071,4,49.0,2,
02071,5,50.0,2,Primaire
02071,6,45.0,1,Secondaire
02072,1,,1,Primaire
02072,2,6.0,1,Primaire
02072,3,42.0,1,Aucun
02072,4,73.0,2,Secondaire
02072,5,19.0,2,Secondaire
02072,6,38.0,1,Primaire
02073,1,46.0,2,Aucun
02073,2,59.0,2,Secondaire
02073,3,10.0,2,
02073,4,16.0,1,Aucun
02073,5,55.0,2,Secondaire
02074,1,47.0,1,Primaire
02074,2,34.0,1,Secondaire
02075,1,36.0,2,Secondaire
02075,2,43.0,2,Superieur
02075,3,56.0,1,Aucun
02075,4,13.0,2,Primaire
02075,5,35.0,1,Aucun
02075,6,38.0,2,Aucun
02075,7,1.0,1,Aucun
02075,8,65.0,2,Secondaire
02075,9,61.0,2,Secondaire
02076,1,28.0,1,Aucun
02077,1,56.0,1,Primaire
02077,2,70.0,2,Aucun
02077,3,41.0,2,Aucun
02077,4,35.0,1,Secondaire
02077,5,73.0,1,Primaire
02078,1,46.0,2,Aucun
02078,2,12.0,1,Primaire
02078,3,18.0,1,Primaire
02078,4,13.0,2,Primaire
02079,1,52.0,1,Aucun
02079,2,65.0,2,Primaire
02079,3,33.0,1,Aucun
02079,4,,1,Secondaire
02079,5,8.0,1,Primaire
02079,6,67.0,1,Aucun
02079,7,17.0,1,Primaire
02080,1,20.0,1,Primaire
02080,2,19.0,2,Aucun
02080,3,34.0,2,Secondaire
02080,4,73.0,2,Primaire
02080,5,30.0,2,Secondaire
02080,6,38.0,1,Secondaire
02081,1,54.0,1,Primaire
02081,2,47.0,1,Secondaire
02081,3,36.0,2,Primaire
02081,4,42.0,2,Secondaire
02081,5,22.0,2,Primaire
02081,6,72.0,1,Primaire
02081,7,52.0,2,Primaire
02081,8,37.0,2,Primaire
02081,9,18.0,2,Aucun
02081,10,74.0,1,Primaire
02081,11,1.0,1,Aucun
02081,12,27.0,1,Primaire
02081,13,2.0,1,Aucun
02082,1,43.0,1,Primaire
02082,2,67.0,1,Aucun
02082,3,64.0,2,Aucun
02082,4,,1,Primaire
02082,5,29.0,2,Aucun
02082,6,21.0,1,Secondaire
02082,7,50.0,1,Aucun
02082,8,64.0,1,Aucun
02082,9,69.0,1,Primaire
02082,10,49.0,2,Secondaire
02083,1,49.0,2,Primaire
02083,2,61.0,1,Secondaire
02083,3,42.0,1,Aucun
02083,4,69.0,1,Aucun
02083,5,45.0,1,Primaire
02084,1,43.0,2,Secondaire
02084,2,57.0,1,Secondaire
02084,3,9.0,2,Aucun
02084,4,7.0,1,Aucun
02084,5,53.0,2,Secondaire
02085,1,34.0,2,Aucun
02085,2,11.0,2,Aucun
02085,3,26.0,2,Secondaire
02086,1,34.0,1,Aucun
02086,2,18.0,2,Primaire
02086,3,25.0,2,Primaire
02086,4,57.0,2,Primaire
02086,5,46.0,2,Primaire
02086,6,6.0,1,Aucun
02086,7,60.0,2,Primaire
02087,1,46.0,2,Aucun
02087,2,27.0,1,Secondaire
02087,3,53.0,1,
02087,4,5.0,2,Aucun
02087,5,60.0,1,Aucun
02088,1,45.0,1,Primaire
02088,2,36.0,1,Secondaire
02088,3,20.0,1,Aucun
02088,4,33.0,2,Superieur
02088,5,57.0,1,Aucun
02089,1,30.0,1,Primaire
02089,2,3.0,1,Aucun
02090,1,33.0,1,Aucun
02090,2,41.0,1,Aucun
02090,3,56.0,2,Secondaire
02090,4,3.0,2,Aucun
02090,5,59.0,2,Primaire
02090,6,67.0,2,Secondaire
02090,7,8.0,2,Aucun
02090,8,35.0,2,Primaire
02090,9,64.0,1,Aucun
02091,1,50.0,1,Aucun
02091,2,59.0,1,Primaire
02091,3,31.0,1,Aucun
02091,4,39.0,2,Primaire
02091,5,27.0,2,Secondaire
02091,6,35.0,1,Aucun
02092,1,59.0,2,Primaire
02092,2,25.0,1,Aucun
02092,3,11.0,2,Aucun
02092,4,59.0,2,Secondaire
02093,1,31.0,1,Aucun
02093,2,11.0,2,
02093,3,57.0,1,Aucun
02093,4,56.0,2,Aucun
02093,5,15.0,2,Aucun
02093,6,26.0,1,Aucun
02094,1,40.0,1,Primaire
02094,2,63.0,2,Secondaire
02094,3,61.0,1,Secondaire
02094,4,31.0,2,Primaire
02095,1,31.0,1,
02095,2,38.0,2,Aucun
02095,3,51.0,1,
02096,1,43.0,2,Primaire
02096,2,62.0,1,Superieur
02096,3,49.0,1,Aucun
02096,4,64.0,1,Aucun
02096,5,9.0,1,Primaire
02096,6,56.0,1,Aucun
02096,7,67.0,2,Primaire
02096,8,58.0,2,Aucun
02096,9,72.0,2,Aucun
02097,1,44.0,2,Aucun
02097,2,7.0,2,Aucun
02097,3,19.0,1,Aucun
02097,4,24.0,2,Aucun
02097,5,26.0,1,Aucun
02097,6,35.0,2,Secondaire
02097,7,21.0,1,Primaire
02098,1,33.0,1,Primaire
02098,2,40.0,1,Secondaire
02098,3,56.0,1,Secondaire
02098,4,31.0,2,Aucun
02098,5,16.0,2,Aucun
02098,6,24.0,1,Secondaire
02098,7,13.0,1,Aucun
02099,1,37.0,1,Superieur
02099,2,35.0,2,Primaire
02099,3,62.0,1,Primaire
02099,4,69.0,1,Secondaire
02099,5,46.0,2,Secondaire
02099,6,11.0,1,Aucun
02099,7,2.0,1,Aucun
02100,1,48.0,1,Primaire
02100,2,61.0,1,Aucun
02100,3,55.0,2,Aucun
02100,4,3.0,2,Aucun
02101,1,49.0,2,Aucun
02101,2,29.0,2,Secondaire
02101,3,14.0,2,Aucun
02101,4,21.0,2,Primaire
02101,5,43.0,1,Primaire
02101,6,8.0,1,Aucun
02101,7,33.0,2,Primaire
02101,8,44.0,1,Primaire
02101,9,49.0,1,Primaire
02101,10,30.0,1,Aucun
02101,11,8.0,1,Primaire
02102,1,49.0,1,Aucun
02102,2,42.0,2,Aucun
02102,3,52.0,1,Secondaire
02102,4,36.0,2,Primaire
02102,5,72.0,2,Secondaire
02102,6,10.0,2,Secondaire
02103,1,25.0,2,Aucun
02103,2,49.0,1,Secondaire
02103,3,1.0,1,Aucun
02103,4,,1,Primaire
02103,5,8.0,2,Secondaire
02104,1,45.0,1,Aucun
02104,2,11.0,1,Primaire
02104,3,32.0,1,Aucun
02104,4,44.0,1,Primaire
02105,1,48.0,1,Aucun
02105,2,48.0,2,
02105,3,30.0,1,Primaire
02105,4,46.0,2,Aucun
02106,1,46.0,1,Primaire
02106,2,55.0,2,Secondaire
02107,1,54.0,1,Primaire
02107,2,42.0,1,Superieur
02107,3,27.0,1,Secondaire
02107,4,33.0,1,Primaire
02107,5,33.0,1,Primaire
02107,6,13.0,1,Primaire
02107,7,65.0,1,Aucun
02108,1,44.0,1,Secondaire
02108,2,61.0,2,Primaire
02108,3,21.0,2,Secondaire
02108,4,63.0,2,Secondaire
02108,5,11.0,1,Aucun
02108,6,40.0,2,Aucun
02109,1,44.0,2,Secondaire
02109,2,64.0,1,Primaire
02109,3,68.0,2,Secondaire
02109,4,9.0,2,Aucun
02110,1,37.0,1,Primaire
02110,2,63.0,2,Secondaire
02110,3,47.0,2,Secondaire
02110,4,45.0,1,Superieur
02110,5,21.0,1,Secondaire
02110,6,45.0,2,
02110,7,64.0,1,Primaire
02110,8,53.0,1,Primaire
02111,1,45.0,1,Secondaire
02111,2,2.0,2,Aucun
02111,3,67.0,1,Aucun
02111,4,61.0,1,Secondaire
02111,5,15.0,2,Secondaire
02111,6,13.0,2,Secondaire
02111,7,50.0,2,Aucun
02111,8,70.0,1,Primaire
02112,1,32.0,1,Aucun
02112,2,16.0,2,Aucun
02112,3,15.0,1,Primaire
02113,1,44.0,1,Primaire
02113,2,53.0,2,Aucun
02113,3,56.0,2,Primaire
02113,4,55.0,2,Secondaire
02113,5,37.0,2,Aucun
02113,6,0.0,1,Aucun
02114,1,56.0,1,Secondaire
02114,2,47.0,2,Primaire
02114,3,59.0,2,Aucun
02114,4,50.0,2,Secondaire
02114,5,9.0,2,Primaire
02115,1,39.0,1,Primaire
02115,2,50.0,1,Aucun
02115,3,41.0,1,Secondaire
02115,4,55.0,2,Primaire
02116,1,22.0,1,Aucun
02116,2,44.0,1,Secondaire
02116,3,57.0,2,Aucun
02116,4,66.0,2,Secondaire
02116,5,,1,Aucun
02116,6,9.0,2,Primaire
02117,1,62.0,1,Aucun
02117,2,38.0,1,Secondaire
02117,3,14.0,2,
02117,4,66.0,1,
02118,1,47.0,1,Secondaire
02118,2,36.0,2,Secondaire
02118,3,61.0,2,Aucun
02118,4,30.0,2,Primaire
02118,5,61.0,2,Aucun
02118,6,15.0,2,Primaire
02118,7,20.0,1,Secondaire
02119,1,45.0,1,Primaire
02119,2,42.0,2,Primaire
02119,3,7.0,1,Secondaire
02119,4,74.0,2,Secondaire
02119,5,14.0,1,Primaire
02119,6,34.0,1,Primaire
02119,7,28.0,1,
02119,8,26.0,1,Primaire
02120,1,51.0,1,Primaire
02120,2,58.0,1,Primaire
02120,3,59.0,2,Secondaire
02120,4,17.0,2,Aucun
02120,5,18.0,2,Primaire
02121,1,40.0,2,Secondaire
02121,2,64.0,2,
02121,3,46.0,2,Aucun
02122,1,58.0,1,Secondaire
02122,2,24.0,1,Aucun
02122,3,23.0,1,Primaire
02122,4,56.0,2,Secondaire
02122,5,48.0,1,Primaire
02122,6,25.0,2,Aucun
02122,7,3.0,1,Aucun
02122,8,51.0,2,Aucun
02123,1,32.0,1,Superieur
02123,2,28.0,2,Aucun
02123,3,35.0,1,Primaire
02123,4,19.0,1,Aucun
02123,5,55.0,2,Aucun
02123,6,16.0,2,Aucun
02123,7,,2,Superieur
02124,1,41.0,2,Primaire
02124,2,6.0,2,Aucun
02124,3,7.0,1,Aucun
02124,4,56.0,1,Aucun
02124,5,5.0,1,Aucun
02124,6,65.0,1,Aucun
02124,7,71.0,2,Secondaire
02125,1,39.0,1,Primaire
02125,2,36.0,1,Primaire
02125,3,17.0,2,Primaire
02125,4,40.0,2,Primaire
02125,5,22.0,1,Primaire
02125,6,41.0,2,Aucun
02126,1,32.0,1,Primaire
02126,2,6.0,2,Secondaire
02126,3,22.0,2,Aucun
02126,4,43.0,1,Primaire
02126,5,51.0,1,Primaire
02126,6,74.0,1,Primaire
02126,7,53.0,2,Primaire
02126,8,23.0,2,Secondaire
02127,1,39.0,1,
02127,2,12.0,2,Aucun
02127,3,41.0,1,Aucun
02127,4,5.0,1,Aucun
02128,1,55.0,1,Aucun
02128,2,72.0,2,Aucun
02128,3,52.0,2,Aucun
02128,4,9.0,1,Primaire
02128,5,69.0,2,Primaire
02128,6,61.0,2,Secondaire
02128,7,36.0,1,Primaire
02129,1,36.0,1,Aucun
02129,2,54.0,2,Primaire
02129,3,60.0,1,Primaire
02129,4,46.0,1,Aucun
02129,5,47.0,2,Primaire
02130,1,30.0,1,Aucun
02130,2,38.0,1,Aucun
02130,3,20.0,1,Aucun
02131,1,51.0,1,Aucun
02131,2,22.0,1,Secondaire
02131,3,31.0,2,Primaire
02131,4,20.0,1,Secondaire
02132,1,55.0,2,Primaire
02132,2,29.0,1,Aucun
02132,3,44.0,2,Aucun
02132,4,35.0,2,Aucun
02132,5,16.0,1,Aucun
02132,6,43.0,2,Primaire
02132,7,11.0,1,Aucun
02133,1,38.0,1,Primaire
02133,2,25.0,2,Aucun
02133,3,5.0,1,Aucun
02133,4,7.0,2,Aucun
02133,5,51.0,2,Primaire
02134,1,44.0,1,
02134,2,47.0,1,Secondaire
02134,3,67.0,2,
02134,4,52.0,2,Primaire
02135,1,38.0,1,Aucun
02135,2,44.0,2,Secondaire
02135,3,4.0,1,Aucun
02135,4,69.0,2,Primaire
02135,5,33.0,2,
02136,1,47.0,1,Secondaire
02136,2,42.0,1,Secondaire
02136,3,37.0,2,Superieur
02136,4,70.0,2,Aucun
02136,5,32.0,2,Superieur
02136,6,39.0,1,Secondaire
02136,7,57.0,2,Primaire
02137,1,51.0,1,Aucun
02137,2,35.0,2,Secondaire
02137,3,22.0,1,Secondaire
02137,4,72.0,2,
02137,5,20.0,1,Primaire
02138,1,44.0,1,Primaire
02138,2,57.0,1,Aucun
02138,3,26.0,1,Primaire
02138,4,73.0,1,Aucun
02138,5,13.0,1,Aucun
02139,1,,1,
02139,2,71.0,1,Primaire
02139,3,9.0,2,Aucun
02139,4,38.0,1,
02139,5,30.0,2,Aucun
02139,6,65.0,1,
02139,7,74.0,1,Primaire
02139,8,26.0,1,
02139,9,61.0,1,Primaire
02140,1,56.0,1,Superieur
02140,2,59.0,1,
02140,3,70.0,2,Aucun
02140,4,1.0,2,Aucun
02140,5,57.0,2,Primaire
02141,1,40.0,1,Primaire
02141,2,25.0,2,Primaire
02141,3,27.0,1,Secondaire
02141,4,13.0,2,Secondaire
02141,5,59.0,1,Aucun
02141,6,62.0,2,Primaire
02141,7,52.0,2,Aucun
02141,8,66.0,1,Secondaire
02141,9,74.0,2,Aucun
02142,1,44.0,2,Aucun
02142,2,30.0,1,Secondaire
02142,3,3.0,2,Aucun
02142,4,31.0,1,Aucun
02142,5,59.0,2,Primaire
02143,1,62.0,1,Aucun
02143,2,10.0,2,Aucun
02143,3,13.0,1,Superieur
02143,4,21.0,2,Superieur
02143,5,42.0,2,Primaire
02143,6,20.0,1,Aucun
02143,7,74.0,2,Aucun
02144,1,42.0,1,Primaire
02144,2,22.0,2,Aucun
02144,3,68.0,1,Aucun
02144,4,56.0,1,Aucun
02144,5,12.0,1,
02144,6,62.0,2,Superieur
02145,1,65.0,1,Superieur
02145,2,,1,Primaire
02145,3,45.0,2,Secondaire
02145,4,67.0,2,Primaire
02145,5,9.0,1,Superieur
02145,6,18.0,1,Primaire
02145,7,64.0,2,Primaire
02145,8,69.0,2,Primaire
02146,1,20.0,1,Primaire
02146,2,65.0,2,Secondaire
02146,3,68.0,1,Aucun
02146,4,12.0,1,Aucun
02147,1,50.0,1,Secondaire
02147,2,16.0,1,Primaire
02147,3,11.0,2,Secondaire
02147,4,70.0,1,Primaire
02147,5,41.0,2,Primaire
02147,6,44.0,1,Aucun
02147,7,71.0,1,Aucun
02147,8,10.0,1,
02148,1,34.0,1,Aucun
02148,2,64.0,2,Secondaire
02148,3,7.0,2,Primaire
02148,4,44.0,1,Aucun
02148,5,41.0,1,Aucun
02148,6,10.0,2,Secondaire
02148,7,,2,Primaire
02148,8,5.0,1,Aucun
02148,9,54.0,1,Primaire
02148,10,69.0,2,Aucun
02148,11,25.0,1,Aucun
02149,1,35.0,1,Aucun
02149,2,46.0,1,Primaire
02149,3,51.0,1,Primaire
02149,4,70.0,2,Primaire
02150,1,32.0,1,Aucun
02150,2,2.0,1,Aucun
02150,3,58.0,2,Primaire
02150,4,6.0,1,Aucun
02150,5,58.0,2,Secondaire
02150,6,34.0,2,Secondaire
02150,7,52.0,2,Secondaire
02150,8,39.0,1,Aucun
02150,9,66.0,1,Aucun
02150,10,12.0,2,
02150,11,21.0,1,Primaire
02150,12,68.0,1,
02151,1,34.0,1,Aucun
02151,2,66.0,2,Aucun
02152,1,69.0,1,Aucun
02152,2,34.0,2,Aucun
02152,3,14.0,1,Aucun
02152,4,28.0,2,Aucun
02152,5,66.0,1,Primaire
02152,6,37.0,1,Aucun
02152,7,,2,Aucun
02152,8,33.0,2,Primaire
02153,1,45.0,1,Aucun
02153,2,26.0,2,Primaire
02153,3,36.0,1,Aucun
02153,4,58.0,2,Aucun
02153,5,45.0,1,
02153,6,1.0,1,Aucun
02153,7,29.0,1,Primaire
02153,8,34.0,2,Aucun
02154,1,36.0,1,Primaire
02154,2,47.0,2,Primaire
02154,3,2.0,1,Aucun
02154,4,73.0,2,Aucun
02154,5,31.0,2,Primaire
02155,1,49.0,1,Aucun
02155,2,72.0,1,Secondaire
02155,3,65.0,1,Primaire
02155,4,17.0,2,Secondaire
02155,5,33.0,1,Primaire
02155,6,53.0,2,Secondaire
02155,7,22.0,1,Aucun
02156,1,37.0,1,Aucun
02156,2,70.0,1,Aucun
02156,3,27.0,1,Aucun
02156,4,73.0,2,Primaire
02156,5,71.0,1,Superieur
02156,6,50.0,1,Primaire
02156,7,,1,Secondaire
02156,8,51.0,1,
02157,1,47.0,1,Secondaire
02157,2,29.0,2,
02157,3,6.0,1,Primaire
02157,4,36.0,2,Aucun
02157,5,21.0,1,Secondaire
02157,6,16.0,1,Primaire
02157,7,12.0,2,Aucun
02158,1,39.0,1,Aucun
02158,2,49.0,1,Primaire
02158,3,47.0,1,Secondaire
02158,4,62.0,2,Aucun
02158,5,8.0,1,Aucun
02158,6,24.0,1,Primaire
02158,7,7.0,1,Aucun
02158,8,36.0,1,Secondaire
02159,1,38.0,1,Primaire
02159,2,50.0,1,Primaire
02159,3,68.0,1,Aucun
02159,4,55.0,2,Primaire
02159,5,5.0,1,Aucun
02159,6,40.0,1,Primaire
02160,1,39.0,2,Secondaire
02160,2,20.0,1,Primaire
02160,3,68.0,1,
02160,4,37.0,1,Primaire
02160,5,17.0,2,Aucun
02160,6,13.0,1,Aucun
02160,7,0.0,1,Aucun
02160,8,46.0,1,Secondaire
02160,9,30.0,1,Aucun
02160,10,2.0,1,Aucun
02160,11,13.0,1,Primaire
02160,12,31.0,2,Aucun
02161,1,42.0,1,Primaire
02161,2,67.0,1,Primaire
02161,3,25.0,2,Primaire
02161,4,47.0,1,Aucun
02161,5,64.0,2,Aucun
02162,1,21.0,1,Aucun
02162,2,33.0,2,Secondaire
02163,1,45.0,1,Secondaire
02163,2,23.0,1,Aucun
02163,3,71.0,2,Superieur
02163,4,42.0,2,Aucun
02163,5,29.0,2,Secondaire
02163,6,,2,Aucun
02164,1,60.0,1,Aucun
02164,2,63.0,2,Aucun
02164,3,4.0,1,
02164,4,23.0,1,Aucun
02164,5,59.0,1,Aucun
02164,6,52.0,1,Secondaire
02165,1,26.0,1,Secondaire
02165,2,49.0,2,Secondaire
02165,3,49.0,2,Primaire
02165,4,41.0,2,Aucun
02165,5,43.0,1,Primaire
02165,6,23.0,1,Primaire
02165,7,63.0,1,Primaire
02165,8,44.0,2,Superieur
02166,1,37.0,1,Primaire
02166,2,37.0,1,Secondaire
02166,3,31.0,2,Aucun
02166,4,59.0,2,Primaire
02166,5,19.0,1,Aucun
02166,6,44.0,1,
02166,7,15.0,1,Aucun
02167,1,60.0,1,Aucun
02167,2,5.0,2,Aucun
02168,1,36.0,1,Secondaire
02168,2,26.0,1,Aucun
02168,3,36.0,1,Secondaire
02168,4,50.0,2,Primaire
02168,5,65.0,2,Secondaire
02168,6,0.0,2,
02169,1,49.0,1,Primaire
02169,2,51.0,2,Secondaire
02169,3,74.0,2,Secondaire
02169,4,9.0,2,Aucun
02169,5,65.0,1,
02169,6,54.0,2,Secondaire
02170,1,26.0,2,Primaire
02170,2,55.0,2,
02170,3,56.0,1,Aucun
02170,4,10.0,1,Aucun
02171,1,53.0,1,Aucun
02171,2,13.0,1,Secondaire
02171,3,42.0,1,Primaire
02171,4,2.0,2,Aucun
02171,5,47.0,2,Primaire
02171,6,1.0,1,Aucun
02171,7,16.0,1,Primaire
02171,8,65.0,2,Primaire
02171,9,24.0,1,Aucun
02171,10,35.0,2,Aucun
02171,11,45.0,2,Secondaire
02172,1,32.0,1,Aucun
02172,2,50.0,1,
02172,3,13.0,1,Primaire
02172,4,36.0,1,Aucun
02172,5,2.0,2,Aucun
02172,6,61.0,2,Primaire
02172,7,40.0,2,Aucun
02173,1,45.0,1,Aucun
02173,2,46.0,2,Secondaire
02173,3,70.0,1,Aucun
02173,4,54.0,1,Aucun
02173,5,,1,Primaire
02173,6,63.0,2,Aucun
02173,7,30.0,2,Aucun
02173,8,59.0,1,Primaire
02174,1,46.0,1,
02174,2,74.0,2,Aucun
02174,3,26.0,1,Aucun
02174,4,21.0,1,Aucun
02174,5,45.0,2,Aucun
02174,6,1.0,2,Aucun
02174,7,36.0,2,Secondaire
02174,8,42.0,1,Aucun
02174,9,10.0,1,Primaire
02174,10,51.0,1,Aucun
02175,1,78.0,1,Primaire
02175,2,63.0,2,Aucun
02175,3,22.0,2,Aucun
02176,1,47.0,2,Primaire
02176,2,4.0,2,Aucun
02176,3,7.0,2,Secondaire
02176,4,21.0,1,Aucun
02176,5,74.0,2,
02176,6,3.0,2,Aucun
02176,7,32.0,2,Primaire
02177,1,39.0,1,Primaire
02177,2,23.0,1,Primaire
02178,1,26.0,1,
02178,2,59.0,1,Aucun
02178,3,11.0,1,Secondaire
02178,4,,1,Superieur
02179,1,,2,Primaire
02179,2,56.0,2,Aucun
02179,3,1.0,1,Aucun
02179,4,36.0,2,
02179,5,17.0,1,Secondaire
02179,6,53.0,1,Aucun
02179,7,0.0,1,Aucun
02180,1,48.0,2,Aucun
02180,2,27.0,1,Aucun
02180,3,37.0,2,
02180,4,55.0,1,Superieur
02180,5,24.0,2,Aucun
02180,6,46.0,2,Primaire
02181,1,38.0,1,Aucun
02181,2,19.0,1,Secondaire
02181,3,58.0,1,Aucun
02182,1,36.0,1,Aucun
02182,2,37.0,2,Aucun
02182,3,72.0,1,Primaire
02183,1,45.0,1,Secondaire
02183,2,2.0,2,Aucun
02183,3,71.0,2,Secondaire
02183,4,57.0,2,Secondaire
02183,5,37.0,2,Aucun
02183,6,19.0,2,Aucun
02183,7,8.0,2,Primaire
02184,1,69.0,1,Aucun
02184,2,9.0,1,Aucun
02184,3,62.0,1,Aucun
02184,4,63.0,2,Aucun
02184,5,54.0,2,Secondaire
02185,1,60.0,2,Aucun
02185,2,44.0,2,Aucun
02186,1,42.0,1,Aucun
02186,2,61.0,2,Aucun
02186,3,66.0,2,Primaire
02186,4,42.0,1,Primaire
02186,5,30.0,2,Aucun
02186,6,22.0,1,
02186,7,62.0,2,Aucun
02186,8,35.0,1,Aucun
02186,9,43.0,2,
02187,1,37.0,1,Aucun
02187,2,43.0,1,Superieur
02187,3,7.0,2,Aucun
02187,4,63.0,1,Secondaire
02187,5,55.0,2,Aucun
02188,1,49.0,1,Primaire
02188,2,2.0,2,Aucun
02189,1,20.0,1,Aucun
02189,2,44.0,1,Secondaire
02189,3,8.0,2,Secondaire
02189,4,12.0,2,Aucun
02189,5,61.0,1,Aucun
02189,6,60.0,2,Aucun
02190,1,34.0,2,Aucun
02190,2,47.0,2,Aucun
02190,3,14.0,2,Aucun
02190,4,18.0,1,Aucun
02191,1,56.0,1,Primaire
02191,2,41.0,1,Aucun
02191,3,33.0,2,Aucun
02191,4,26.0,2,Secondaire
02191,5,66.0,2,Primaire
02192,1,37.0,1,
02192,2,41.0,1,Primaire
02193,1,36.0,1,Aucun
02193,2,49.0,1,Aucun
02193,3,3.0,1,Aucun
02193,4,43.0,2,Secondaire
02193,5,29.0,1,Aucun
02193,6,46.0,1,Primaire
02193,7,0.0,1,
02194,1,40.0,1,Secondaire
02194,2,41.0,2,
02195,1,53.0,2,Aucun
02195,2,,2,Primaire
02195,3,20.0,1,Aucun
02195,4,13.0,1,Aucun
02195,5,31.0,2,Superieur
02195,6,,1,Primaire
02195,7,71.0,1,Secondaire
02195,8,13.0,2,
02196,1,30.0,1,Aucun
02196,2,2.0,2,Aucun
02197,1,33.0,1,Primaire
02197,2,12.0,2,Secondaire
02197,3,63.0,1,Aucun
02197,4,,2,Aucun
02197,5,63.0,1,Superieur
02197,6,73.0,2,Aucun
02197,7,47.0,2,Superieur
02198,1,21.0,1,Aucun
02198,2,30.0,2,Primaire
02198,3,56.0,1,Aucun
02199,1,36.0,1,Aucun
02199,2,55.0,1,Superieur
02199,3,23.0,1,
02199,4,17.0,2,Secondaire
02199,5,52.0,1,Aucun
02199,6,51.0,2,Secondaire
02199,7,67.0,1,
02199,8,46.0,1,Secondaire
02200,1,23.0,1,Aucun
02200,2,16.0,2,Aucun
02200,3,43.0,2,Secondaire
02200,4,31.0,2,Aucun
02200,5,52.0,1,Primaire
02201,1,34.0,1,Primaire
02201,2,58.0,2,Aucun
02201,3,10.0,1,Secondaire
02201,4,16.0,2,Aucun
02201,5,37.0,2,Primaire
02201,6,21.0,1,Aucun
02202,1,47.0,2,Aucun
02202,2,51.0,1,Secondaire
02202,3,8.0,1,Aucun
02202,4,32.0,2,Aucun
02202,5,14.0,2,
02202,6,10.0,1,Secondaire
02202,7,34.0,2,Aucun
02202,8,22.0,1,Primaire
02203,1,46.0,1,Aucun
02203,2,46.0,1,Aucun
02203,3,22.0,1,Aucun
02203,4,4.0,1,Aucun
02203,5,67.0,2,Primaire
02203,6,69.0,1,Primaire
02204,1,50.0,1,Secondaire
02204,2,17.0,1,Primaire
02204,3,38.0,2,Primaire
02204,4,26.0,1,Aucun
02204,5,5.0,2,Aucun
02204,6,16.0,1,Aucun
02205,1,27.0,1,Aucun
02205,2,27.0,1,Primaire
02205,3,48.0,2,Secondaire
02205,4,23.0,2,Secondaire
02205,5,52.0,2,Primaire
02205,6,38.0,2,Primaire
02205,7,48.0,2,Aucun
02206,1,40.0,1,Superieur
02206,2,18.0,1,Primaire
02206,3,4.0,2,Aucun
02206,4,23.0,1,Primaire
02206,5,15.0,2,Aucun
02207,1,55.0,2,Aucun
02207,2,36.0,2,Aucun
02207,3,16.0,1,Aucun
02207,4,70.0,2,Secondaire
02207,5,15.0,2,Primaire
02207,6,45.0,2,Secondaire
02208,1,41.0,1,Aucun
02208,2,56.0,2,Aucun
02208,3,53.0,2,Primaire
02208,4,58.0,2,Aucun
02208,5,2.0,2,
02209,1,46.0,2,Aucun
02209,2,49.0,1,Primaire
02209,3,19.0,2,Secondaire
02210,1,43.0,1,Primaire
02210,2,39.0,2,Primaire
02210,3,63.0,2,Secondaire
02210,4,9.0,2,Primaire
02210,5,0.0,1,Aucun
02210,6,51.0,1,Primaire
02210,7,37.0,1,Primaire
02210,8,32.0,2,Aucun
02210,9,39.0,1,Secondaire
02210,10,68.0,1,Secondaire
02210,11,52.0,1,Secondaire
02211,1,38.0,1,Primaire
02211,2,24.0,2,Primaire
02211,3,26.0,1,Primaire
02211,4,33.0,2,Primaire
02211,5,69.0,1,Primaire
02211,6,7.0,2,Aucun
02211,7,26.0,1,Aucun
02211,8,,1,Secondaire
02211,9,32.0,1,Aucun
02212,1,40.0,1,Aucun
02212,2,71.0,2,Secondaire
02212,3,62.0,1,Aucun
02212,4,74.0,2,Secondaire
02212,5,70.0,1,Aucun
02212,6,23.0,2,Aucun
02212,7,31.0,2,Primaire
02212,8,30.0,1,
02212,9,26.0,2,Primaire
02212,10,38.0,2,Aucun
02212,11,59.0,1,Primaire
02213,1,35.0,1,Aucun
02213,2,36.0,1,Secondaire
02213,3,44.0,2,Aucun
02213,4,64.0,2,Aucun
02213,5,3.0,2,Aucun
02214,1,43.0,1,Aucun
02214,2,54.0,1,Primaire
02214,3,64.0,2,
02214,4,67.0,1,Secondaire
02214,5,24.0,1,Aucun
02214,6,31.0,2,Aucun
02214,7,64.0,2,Secondaire
02214,8,63.0,1,Aucun
02214,9,49.0,2,Secondaire
02214,10,35.0,2,Aucun
02214,11,60.0,2,Secondaire
02214,12,49.0,1,Secondaire
02215,1,31.0,1,Secondaire
02215,2,27.0,2,
02215,3,36.0,2,Primaire
02215,4,56.0,2,Primaire
02215,5,2.0,2,Aucun
02215,6,12.0,1,Aucun
02215,7,16.0,2,Primaire
02215,8,37.0,1,Primaire
02215,9,45.0,2,
02215,10,5.0,1,Aucun
02216,1,36.0,2,Superieur
02216,2,57.0,1,Primaire
02216,3,55.0,1,
02216,4,9.0,1,Secondaire
02216,5,49.0,1,Primaire
02216,6,29.0,2,Primaire
02216,7,60.0,2,Primaire
02216,8,0.0,1,Aucun
02216,9,,2,Primaire
02217,1,22.0,1,Aucun
02217,2,64.0,1,Secondaire
02217,3,20.0,1,Aucun
02217,4,42.0,1,Secondaire
02217,5,22.0,1,Primaire
02217,6,14.0,2,Aucun
02217,7,25.0,1,
02217,8,43.0,1,Secondaire
02217,9,25.0,2,Primaire
02217,10,54.0,1,Aucun
02218,1,55.0,1,Aucun
02218,2,31.0,2,Aucun
02218,3,72.0,1,Secondaire
02218,4,3.0,2,Aucun
02218,5,15.0,1,Aucun
02218,6,58.0,1,Secondaire
02218,7,66.0,1,Aucun
02219,1,35.0,1,Aucun
02219,2,50.0,1,Secondaire
02219,3,4.0,2,Aucun
02219,4,4.0,2,Aucun
02219,5,1.0,1,Aucun
02219,6,34.0,2,Aucun
02219,7,61.0,1,Primaire
02219,8,72.0,1,Secondaire
02220,1,33.0,1,
02220,2,22.0,1,Secondaire
02220,3,44.0,2,Aucun
02220,4,45.0,1,Secondaire
02220,5,74.0,2,Aucun
02220,6,20.0,1,Aucun
02220,7,12.0,2,Secondaire
02220,8,23.0,2,Aucun
02220,9,56.0,1,Secondaire
02220,10,36.0,2,Aucun
02220,11,56.0,1,Primaire
02220,12,4.0,2,Aucun
02221,1,50.0,1,Aucun
02221,2,40.0,2,Secondaire
02221,3,52.0,1,Aucun
02221,4,11.0,2,Aucun
02221,5,36.0,2,Aucun
02221,6,35.0,2,
02221,7,58.0,1,Primaire
02221,8,58.0,1,Primaire
02222,1,37.0,1,Primaire
02222,2,38.0,1,Secondaire
02222,3,22.0,1,Secondaire
02222,4,40.0,2,Secondaire
02223,1,57.0,1,Primaire
02223,2,17.0,2,Primaire
02223,3,63.0,2,Aucun
02223,4,52.0,2,Aucun
02223,5,13.0,1,Secondaire
02223,6,74.0,2,Aucun
02223,7,27.0,2,Primaire
02224,1,36.0,1,Primaire
02224,2,47.0,2,Aucun
02224,3,24.0,1,Secondaire
02224,4,66.0,1,Primaire
02225,1,51.0,2,Aucun
02225,2,62.0,2,Secondaire
02225,3,13.0,2,Primaire
02225,4,56.0,1,Secondaire
02225,5,11.0,2,Aucun
02226,1,38.0,1,Aucun
02226,2,20.0,2,Aucun
02226,3,16.0,1,Primaire
02226,4,47.0,2,Secondaire
02226,5,13.0,1,Secondaire
02227,1,47.0,1,Superieur
02227,2,42.0,1,Aucun
02227,3,46.0,1,Secondaire
02227,4,51.0,1,Aucun
02227,5,70.0,2,Aucun
02228,1,52.0,2,Aucun
02228,2,29.0,1,Secondaire
02228,3,32.0,1,Aucun
02228,4,26.0,2,Secondaire
02228,5,39.0,1,Secondaire
02228,6,33.0,1,Primaire
02229,1,59.0,1,Primaire
02229,2,25.0,1,Secondaire
02229,3,,1,Secondaire
02229,4,43.0,1,Aucun
02229,5,62.0,2,Secondaire
02229,6,21.0,1,Aucun
02229,7,70.0,2,Primaire
02230,1,44.0,1,Primaire
02230,2,20.0,1,Secondaire
02230,3,9.0,1,Secondaire
02230,4,0.0,1,
02230,5,14.0,1,Secondaire
02230,6,43.0,1,Primaire
02231,1,43.0,1,Secondaire
02231,2,21.0,2,Primaire
02231,3,28.0,1,
02231,4,17.0,2,Aucun
02231,5,46.0,1,Primaire
02231,6,52.0,2,Aucun
02232,1,54.0,2,Aucun
02232,2,66.0,2,Secondaire
02232,3,32.0,1,Primaire
02232,4,38.0,1,Primaire
02232,5,48.0,2,Primaire
02232,6,4.0,2,Aucun
02232,7,38.0,1,Aucun
02232,8,8.0,1,Primaire
02232,9,65.0,1,Secondaire
02233,1,47.0,1,Aucun
02233,2,27.0,2,Primaire
02233,3,44.0,2,Aucun
02233,4,49.0,1,Primaire
02233,5,41.0,2,Secondaire
02233,6,39.0,2,Aucun
02233,7,32.0,1,Aucun
02234,1,36.0,1,Primaire
02234,2,38.0,1,Superieur
02234,3,23.0,2,Secondaire
02235,1,35.0,2,Secondaire
02235,2,54.0,2,
02235,3,60.0,1,Primaire
02235,4,41.0,1,Aucun
02235,5,24.0,2,Aucun
02235,6,30.0,2,Aucun
02235,7,12.0,1,Primaire
02235,8,59.0,2,Secondaire
02235,9,52.0,1,Primaire
02235,10,32.0,1,Aucun
02236,1,31.0,1,Primaire
02236,2,4.0,1,Aucun
02236,3,,1,Primaire
02236,4,18.0,1,Primaire
02236,5,61.0,1,Primaire
02237,1,32.0,1,Primaire
02237,2,14.0,2,Aucun
02237,3,36.0,1,Aucun
02237,4,62.0,2,Primaire
02237,5,15.0,2,Primaire
02237,6,34.0,2,Secondaire
02237,7,32.0,2,Primaire
02237,8,15.0,2,Aucun
02238,1,43.0,1,Aucun
02238,2,15.0,2,Primaire
02238,3,35.0,1,Primaire
02238,4,60.0,2,Secondaire
02238,5,28.0,1,Primaire
02238,6,32.0,1,Secondaire
02238,7,17.0,1,Aucun
02238,8,33.0,1,Primaire
02238,9,35.0,1,Primaire
02238,10,,2,Aucun
02239,1,46.0,1,Primaire
02239,2,43.0,1,Secondaire
02239,3,22.0,1,Primaire
02239,4,65.0,2,Primaire
02239,5,27.0,2,Aucun
02239,6,3.0,2,Aucun
02240,1,25.0,2,Primaire
02240,2,56.0,1,Secondaire
02240,3,6.0,1,Primaire
02240,4,58.0,2,Primaire
02241,1,31.0,1,Primaire
02241,2,54.0,1,Primaire
02241,3,60.0,2,
02241,4,26.0,1,Aucun
02241,5,,2,
02242,1,43.0,2,Secondaire
02242,2,55.0,2,Superieur
02242,3,57.0,2,Primaire
02242,4,16.0,1,Primaire
02242,5,,1,Primaire
02242,6,25.0,2,Primaire
02243,1,22.0,2,
02243,2,43.0,1,Secondaire
02244,1,25.0,2,Aucun
02244,2,37.0,2,Secondaire
02244,3,62.0,1,Aucun
02244,4,28.0,2,Primaire
02245,1,36.0,1,Aucun
02245,2,69.0,2,Secondaire
02245,3,10.0,1,Primaire
02245,4,9.0,1,Secondaire
02246,1,50.0,1,Primaire
02246,2,46.0,2,Superieur
02246,3,27.0,1,Primaire
02246,4,15.0,1,Primaire
02246,5,74.0,2,Aucun
02246,6,7.0,2,Primaire
02246,7,4.0,2,Aucun
02247,1,38.0,1,Aucun
02247,2,73.0,2,Primaire
02247,3,60.0,2,Primaire
02247,4,43.0,1,Aucun
02247,5,54.0,1,Aucun
02248,1,43.0,1,Primaire
02248,2,58.0,2,Aucun
02248,3,16.0,2,Primaire
02248,4,8.0,2,Secondaire
02248,5,33.0,1,Primaire
02249,1,56.0,1,Aucun
02249,2,30.0,1,Primaire
02249,3,30.0,2,Primaire
02249,4,53.0,2,Secondaire
02249,5,65.0,2,Aucun
02249,6,36.0,1,Aucun
02249,7,43.0,1,Primaire
02249,8,34.0,2,Secondaire
02250,1,32.0,1,Aucun
02250,2,70.0,2,Superieur
02250,3,35.0,2,Secondaire
02250,4,34.0,1,Primaire
02251,1,29.0,1,Primaire
02251,2,2.0,2,Aucun
02251,3,59.0,2,
02251,4,55.0,2,Aucun
02251,5,14.0,1,Aucun
02251,6,42.0,1,Primaire
02251,7,6.0,1,Secondaire
02251,8,28.0,1,Aucun
02252,1,47.0,1,Secondaire
02252,2,4.0,1,Aucun
02252,3,3.0,1,Aucun
02252,4,64.0,1,Primaire
02252,5,55.0,1,Primaire
02253,1,50.0,1,Aucun
02253,2,29.0,1,Secondaire
02253,3,54.0,2,Aucun
02253,4,13.0,1,
02253,5,66.0,1,Primaire
02253,6,28.0,1,Aucun
02254,1,36.0,1,Primaire
02254,2,26.0,2,Aucun
02254,3,11.0,2,Aucun
02254,4,46.0,2,Aucun
02254,5,3.0,2,Aucun
02254,6,45.0,2,Primaire
02255,1,,1,Primaire
02255,2,31.0,2,Superieur
02255,3,28.0,1,Aucun
02255,4,52.0,1,Primaire
02255,5,10.0,1,Aucun
02255,6,68.0,1,Aucun
02255,7,8.0,2,Aucun
02255,8,51.0,1,Aucun
02255,9,21.0,1,Aucun
02256,1,60.0,1,Primaire
02256,2,9.0,2,Secondaire
02256,3,60.0,2,Aucun
02256,4,73.0,1,Aucun
02256,5,18.0,1,Aucun
02256,6,61.0,2,Primaire
02257,1,46.0,1,Aucun
02257,2,,1,Aucun
02257,3,59.0,1,Aucun
02257,4,74.0,1,Aucun
02258,1,53.0,1,Aucun
02258,2,19.0,1,Aucun
02258,3,6.0,2,Aucun
02258,4,43.0,2,Secondaire
02258,5,11.0,2,Primaire
02258,6,30.0,1,Aucun
02258,7,33.0,1,Secondaire
02258,8,25.0,1,
02258,9,56.0,1,Primaire
02258,10,56.0,1,Aucun
02259,1,43.0,1,Aucun
02259,2,54.0,2,Primaire
02259,3,43.0,1,Primaire
02259,4,46.0,2,Primaire
02259,5,40.0,1,Secondaire
02259,6,37.0,2,Primaire
02259,7,55.0,2,Primaire
02259,8,6.0,1,Secondaire
02259,9,14.0,1,Secondaire
02260,1,45.0,1,Aucun
02260,2,61.0,2,Secondaire
02260,3,54.0,2,Secondaire
02260,4,10.0,2,Primaire
02260,5,58.0,1,Secondaire
02260,6,14.0,2,Primaire
02260,7,50.0,2,Primaire
02260,8,30.0,1,Secondaire
02260,9,9.0,2,Aucun
02260,10,69.0,2,Primaire
02260,11,23.0,2,Primaire
02261,1,38.0,2,Primaire
02261,2,52.0,1,Superieur
02261,3,35.0,1,Secondaire
02262,1,54.0,1,Aucun
02262,2,14.0,1,Aucun
02262,3,3.0,2,Aucun
02262,4,23.0,1,Superieur
02263,1,53.0,1,Secondaire
02263,2,20.0,1,Secondaire
02263,3,22.0,1,Primaire
02263,4,14.0,2,Aucun
02263,5,69.0,2,Primaire
02263,6,21.0,1,Aucun
02264,1,60.0,2,Secondaire
02264,2,57.0,1,Secondaire
02264,3,58.0,2,Primaire
02264,4,37.0,2,Primaire
02264,5,26.0,1,Aucun
02264,6,0.0,2,Aucun
02265,1,33.0,1,Aucun
02265,2,29.0,1,Secondaire
02265,3,67.0,2,Aucun
02266,1,24.0,1,Aucun
02266,2,4.0,2,Aucun
02266,3,8.0,1,Primaire
02266,4,34.0,2,Aucun
02266,5,72.0,1,Primaire
02266,6,70.0,1,Aucun
02266,7,30.0,2,Primaire
02266,8,70.0,1,Superieur
02267,1,27.0,1,Primaire
02267,2,2.0,2,Aucun
02267,3,28.0,2,Secondaire
02268,1,47.0,1,Aucun
02268,2,9.0,1,Aucun
02268,3,33.0,1,Primaire
02268,4,40.0,2,Aucun
02268,5,49.0,1,Primaire
02268,6,66.0,2,Secondaire
02268,7,36.0,1,Secondaire
02269,1,20.0,1,Aucun
02269,2,30.0,2,Primaire
02269,3,6.0,2,Primaire
02269,4,12.0,1,Secondaire
02270,1,27.0,1,
02270,2,7.0,2,Secondaire
02270,3,40.0,1,Aucun
02270,4,33.0,2,Secondaire
02271,1,52.0,1,Aucun
02271,2,20.0,1,Secondaire
02271,3,62.0,1,Secondaire
02271,4,40.0,1,Aucun
02271,5,13.0,1,Primaire
02271,6,61.0,2,Primaire
02271,7,15.0,1,Secondaire
02271,8,17.0,1,Primaire
02271,9,37.0,2,Secondaire
02271,10,67.0,2,Aucun
02271,11,71.0,2,Secondaire
02271,12,39.0,1,Primaire
02271,13,26.0,2,Secondaire
02272,1,48.0,1,Primaire
02272,2,28.0,2,Aucun
02272,3,2.0,2,Aucun
02272,4,9.0,2,Aucun
02272,5,40.0,2,Secondaire
02272,6,24.0,2,Primaire
02272,7,28.0,2,Aucun
02272,8,12.0,1,Primaire
02273,1,38.0,1,Aucun
02273,2,14.0,1,Primaire
02273,3,49.0,1,Aucun
02273,4,24.0,2,Secondaire
02273,5,41.0,2,Primaire
02273,6,6.0,1,Primaire
02274,1,58.0,1,Aucun
02274,2,52.0,2,Primaire
02274,3,28.0,1,Primaire
02274,4,12.0,1,Superieur
02274,5,56.0,1,Secondaire
02274,6,5.0,2,Aucun
02274,7,26.0,1,Superieur
02274,8,53.0,1,Aucun
02275,1,46.0,1,Primaire
02275,2,43.0,2,Primaire
02275,3,7.0,1,Aucun
02275,4,25.0,1,Secondaire
02275,5,21.0,1,Primaire
02275,6,8.0,2,Primaire
02275,7,30.0,1,Secondaire
02276,1,43.0,1,Aucun
02276,2,35.0,1,Aucun
02276,3,9.0,1,Aucun
02276,4,26.0,2,Primaire
02276,5,74.0,1,Secondaire
02276,6,8.0,2,Aucun
02276,7,65.0,1,Primaire
02277,1,48.0,1,
02277,2,28.0,2,Primaire
02277,3,61.0,1,Primaire
02278,1,48.0,1,
02278,2,24.0,2,Aucun
02278,3,0.0,2,Aucun
02278,4,52.0,2,Primaire
02278,5,27.0,1,Primaire
02278,6,60.0,1,Primaire
02278,7,24.0,2,Secondaire
02278,8,7.0,2,Aucun
02278,9,55.0,2,Aucun
02279,1,37.0,1,Primaire
02279,2,39.0,2,Secondaire
02279,3,38.0,2,Aucun
02279,4,72.0,1,Aucun
02279,5,8.0,2,Secondaire
02279,6,41.0,2,Aucun
02280,1,28.0,2,Primaire
02280,2,28.0,1,Secondaire
02280,3,72.0,1,Superieur
02280,4,12.0,2,Secondaire
02280,5,32.0,2,Primaire
02281,1,42.0,2,Primaire
02281,2,20.0,1,Aucun
02281,3,54.0,1,Primaire
02282,1,61.0,2,Secondaire
02282,2,24.0,1,Primaire
02282,3,17.0,2,Aucun
02282,4,33.0,1,Primaire
02282,5,26.0,1,Superieur
02282,6,74.0,1,Secondaire
02283,1,52.0,2,Aucun
02283,2,25.0,1,Aucun
02283,3,26.0,1,Primaire
02283,4,34.0,2,Superieur
02284,1,27.0,1,Aucun
02284,2,25.0,1,Secondaire
02284,3,3.0,1,
02284,4,17.0,2,Aucun
02284,5,44.0,1,
02285,1,41.0,1,Aucun
02285,2,8.0,1,Primaire
02285,3,10.0,1,Aucun
02285,4,58.0,1,Secondaire
02285,5,30.0,1,Secondaire
02285,6,21.0,2,Aucun
02285,7,24.0,2,Secondaire
02285,8,15.0,1,Secondaire
02286,1,35.0,1,Secondaire
02287,1,40.0,2,Secondaire
02287,2,41.0,1,
02287,3,17.0,1,Secondaire
02287,4,24.0,2,Primaire
02288,1,43.0,1,Primaire
02288,2,17.0,1,Aucun
02288,3,42.0,1,Aucun
02288,4,44.0,2,Aucun
02288,5,67.0,1,Primaire
02288,6,55.0,2,Aucun
02288,7,11.0,2,Aucun
02288,8,10.0,1,Secondaire
02288,9,23.0,1,Primaire
02289,1,45.0,1,Aucun
02289,2,29.0,2,Aucun
02289,3,40.0,1,Primaire
02289,4,49.0,2,Primaire
02289,5,73.0,1,
02289,6,60.0,1,Aucun
02290,1,69.0,1,Aucun
02290,2,50.0,2,Primaire
02290,3,13.0,2,Secondaire
02290,4,33.0,1,Primaire
02290,5,0.0,2,Aucun
02290,6,52.0,2,Secondaire
02290,7,45.0,2,Aucun
02290,8,8.0,2,Secondaire
02290,9,5.0,1,Aucun
02290,10,7.0,2,Primaire
02290,11,53.0,1,Aucun
02291,1,38.0,1,
02291,2,58.0,1,Primaire
02292,1,66.0,1,Aucun
02292,2,58.0,1,Aucun
02292,3,64.0,1,Secondaire
02292,4,59.0,1,Primaire
02293,1,37.0,1,Secondaire
02293,2,55.0,2,Primaire
02293,3,59.0,1,Primaire
02293,4,39.0,1,Primaire
02293,5,50.0,2,Aucun
02293,6,71.0,1,Aucun
02293,7,25.0,1,Primaire
02294,1,52.0,1,Primaire
02294,2,60.0,2,Secondaire
02294,3,30.0,2,Primaire
02294,4,23.0,1,
02294,5,29.0,1,Superieur
02294,6,36.0,1,Primaire
02294,7,4.0,1,Aucun
02294,8,57.0,2,Secondaire
02294,9,29.0,1,Secondaire
02294,10,19.0,1,Primaire
02294,11,2.0,2,Aucun
02295,1,53.0,2,Aucun
02295,2,43.0,1,Primaire
02295,3,18.0,1,Aucun
02295,4,45.0,2,Secondaire
02295,5,21.0,2,Secondaire
02296,1,43.0,1,Primaire
02296,2,3.0,1,Aucun
02296,3,39.0,2,Secondaire
02296,4,18.0,2,Aucun
02296,5,26.0,2,Primaire
02296,6,64.0,2,Primaire
02297,1,51.0,1,Aucun
02297,2,43.0,1,Secondaire
02297,3,68.0,2,Aucun
02297,4,70.0,2,Primaire
02297,5,15.0,2,Primaire
02297,6,43.0,2,Aucun
02297,7,47.0,1,Secondaire
02297,8,65.0,2,Aucun
02298,1,25.0,1,Primaire
02298,2,46.0,2,Superieur
02298,3,34.0,2,Secondaire
02298,4,9.0,2,Secondaire
02298,5,20.0,2,
02298,6,57.0,1,Primaire
02298,7,60.0,1,Aucun
02298,8,24.0,1,Primaire
02299,1,52.0,1,Aucun
02299,2,50.0,2,Aucun
02299,3,11.0,2,Primaire
02299,4,2.0,1,Aucun
02299,5,66.0,1,Aucun
02299,6,16.0,2,Aucun
02299,7,13.0,1,Primaire
02300,1,70.0,1,Aucun
02300,2,67.0,2,Secondaire
02300,3,0.0,2,Aucun
02300,4,26.0,2,Superieur
02301,1,48.0,2,Primaire
02301,2,65.0,2,Primaire
02301,3,28.0,1,Secondaire
02301,4,6.0,2,Secondaire
02301,5,62.0,1,Secondaire
02302,1,22.0,2,Primaire
02302,2,42.0,2,Aucun
02302,3,14.0,2,Aucun
02302,4,58.0,1,Aucun
02302,5,,2,Aucun
02303,1,21.0,1,Secondaire
02303,2,2.0,1,Aucun
02303,3,34.0,2,Aucun
02303,4,61.0,2,Primaire
02303,5,72.0,1,Aucun
02303,6,55.0,2,Secondaire
02303,7,49.0,1,Primaire
02304,1,53.0,1,Aucun
02304,2,49.0,1,Secondaire
02304,3,74.0,1,Primaire
02304,4,1.0,2,Aucun
02304,5,37.0,2,Primaire
02304,6,49.0,2,Aucun
02305,1,41.0,1,Aucun
02305,2,12.0,2,Primaire
02305,3,17.0,2,Primaire
02305,4,1.0,2,Aucun
02305,5,46.0,1,Aucun
02305,6,8.0,1,Primaire
02305,7,21.0,1,Secondaire
02306,1,56.0,2,Primaire
02306,2,31.0,2,Aucun
02306,3,17.0,2,Primaire
02306,4,6.0,1,Secondaire
02307,1,46.0,1,Primaire
02307,2,13.0,1,Primaire
02307,3,69.0,1,Aucun
02307,4,30.0,1,
02307,5,15.0,2,Secondaire
02308,1,45.0,1,Secondaire
02308,2,53.0,2,Primaire
02308,3,26.0,1,Aucun
02308,4,11.0,1,Secondaire
02308,5,49.0,2,Primaire
02308,6,62.0,2,Primaire
02308,7,73.0,2,Secondaire
02308,8,57.0,1,Secondaire
02308,9,23.0,2,Secondaire
02309,1,53.0,1,Primaire
02309,2,25.0,1,Secondaire
02309,3,45.0,1,Aucun
02309,4,56.0,2,Aucun
02309,5,74.0,2,
02309,6,68.0,2,Primaire
02309,7,21.0,2,Aucun
02309,8,6.0,1,Primaire
02310,1,40.0,1,Aucun
02310,2,37.0,2,
02310,3,28.0,1,Primaire
02310,4,58.0,1,Primaire
02310,5,17.0,1,Primaire
02310,6,36.0,2,
02310,7,10.0,1,Primaire
02310,8,9.0,1,Primaire
02310,9,8.0,1,Secondaire
02311,1,29.0,1,Aucun
02311,2,25.0,1,Primaire
02311,3,30.0,1,Aucun
02311,4,53.0,1,Secondaire
02311,5,27.0,2,
02312,1,47.0,1,Primaire
02312,2,55.0,1,Aucun
02312,3,49.0,1,Primaire
02312,4,21.0,1,Aucun
02312,5,57.0,1,Primaire
02312,6,67.0,1,Primaire
02313,1,56.0,1,
02313,2,68.0,2,Superieur
02313,3,48.0,2,Secondaire
02313,4,25.0,2,Aucun
02313,5,47.0,2,Aucun
02313,6,74.0,2,
02314,1,20.0,1,Primaire
02314,2,26.0,2,Superieur
02314,3,57.0,2,Aucun
02314,4,11.0,1,Secondaire
02314,5,64.0,2,
02314,6,,2,Aucun
02315,1,41.0,1,Aucun
02315,2,63.0,2,Secondaire
02315,3,23.0,1,Primaire
02315,4,20.0,1,Primaire
02315,5,14.0,2,Secondaire
02315,6,23.0,2,Secondaire
02316,1,20.0,2,Primaire
02316,2,48.0,2,Aucun
02316,3,3.0,1,Aucun
02316,4,46.0,1,Primaire
02316,5,74.0,2,Primaire
02316,6,57.0,2,Primaire
02316,7,70.0,1,Secondaire
02316,8,14.0,2,Aucun
02317,1,44.0,1,Aucun
02317,2,9.0,1,Aucun
02317,3,58.0,1,Aucun
02317,4,56.0,2,Aucun
02318,1,35.0,1,Aucun
02318,2,70.0,1,
02318,3,10.0,1,Secondaire
02318,4,66.0,1,Aucun
02318,5,7.0,2,Aucun
02318,6,30.0,1,Superieur
02319,1,42.0,1,Aucun
02319,2,59.0,1,Primaire
02320,1,49.0,1,Aucun
02320,2,74.0,2,Primaire
02320,3,38.0,1,Secondaire
02320,4,70.0,1,
02320,5,57.0,1,Aucun
02320,6,12.0,1,
02320,7,6.0,2,Secondaire
02321,1,51.0,1,Primaire
02321,2,6.0,2,Aucun
02321,3,46.0,1,Primaire
02321,4,69.0,2,Aucun
02321,5,2.0,2,Aucun
02322,1,33.0,1,Superieur
02322,2,74.0,2,Primaire
02322,3,8.0,1,Primaire
02322,4,53.0,1,Secondaire
02322,5,8.0,1,Secondaire
02322,6,58.0,2,Secondaire
02323,1,64.0,1,Secondaire
02323,2,41.0,2,Primaire
02323,3,31.0,2,Aucun
02323,4,2.0,1,Aucun
02323,5,43.0,1,Primaire
02323,6,39.0,2,Aucun
02323,7,4.0,1,Aucun
02323,8,34.0,1,Primaire
02324,1,75.0,1,Primaire
02324,2,10.0,2,Secondaire
02325,1,48.0,1,Primaire
02325,2,36.0,1,Aucun
02325,3,52.0,2,Secondaire
02325,4,24.0,1,Aucun
02325,5,62.0,1,Secondaire
02325,6,37.0,2,Aucun
02325,7,27.0,1,Primaire
02326,1,60.0,1,Aucun
02326,2,35.0,2,Aucun
02326,3,3.0,1,Aucun
02326,4,35.0,1,Aucun
02326,5,23.0,2,Secondaire
02326,6,28.0,2,Aucun
02326,7,3.0,1,Aucun
02327,1,35.0,1,Aucun
02327,2,72.0,1,Secondaire
02327,3,2.0,2,Aucun
02327,4,36.0,2,Primaire
02327,5,53.0,2,Primaire
02327,6,0.0,2,Aucun
02328,1,41.0,2,Aucun
02328,2,4.0,2,Aucun
02328,3,44.0,2,Secondaire
02328,4,,2,Primaire
02328,5,33.0,1,Secondaire
02328,6,73.0,1,Primaire
02329,1,42.0,1,Aucun
02329,2,15.0,1,
02329,3,15.0,2,Primaire
02329,4,47.0,2,
02329,5,23.0,2,Secondaire
02329,6,67.0,1,Primaire
02329,7,30.0,2,Aucun
02329,8,67.0,1,Primaire
02330,1,27.0,2,Aucun
02330,2,37.0,1,Primaire
02330,3,37.0,1,Aucun
02331,1,33.0,1,Aucun
02331,2,51.0,2,Secondaire
02331,3,6.0,2,Secondaire
02331,4,20.0,2,
02331,5,10.0,2,Aucun
02331,6,14.0,2,Primaire
02332,1,59.0,1,Aucun
02332,2,47.0,1,Secondaire
02332,3,0.0,2,Aucun
02332,4,22.0,2,Secondaire
02332,5,34.0,2,Primaire
02333,1,39.0,1,Primaire
02333,2,36.0,1,Aucun
02333,3,31.0,1,Secondaire
02333,4,,1,Primaire
02333,5,65.0,2,Secondaire
02333,6,62.0,2,Aucun
02334,1,39.0,2,Aucun
02334,2,66.0,2,Aucun
02334,3,56.0,2,Aucun
02334,4,3.0,1,Aucun
02334,5,26.0,2,Primaire
02335,1,51.0,1,Aucun
02335,2,33.0,2,Primaire
02335,3,,1,Secondaire
02336,1,38.0,2,Secondaire
02336,2,27.0,1,Aucun
02336,3,35.0,1,Aucun
02336,4,49.0,1,Aucun
02336,5,15.0,1,Secondaire
02337,1,50.0,2,Secondaire
02337,2,57.0,1,Primaire
02337,3,71.0,2,
02337,4,13.0,1,Secondaire
02338,1,48.0,2,Aucun
02338,2,60.0,1,Aucun
02338,3,30.0,1,Secondaire
02338,4,54.0,1,Aucun
02338,5,72.0,2,Superieur
02338,6,24.0,2,Primaire
02338,7,20.0,1,Aucun
02338,8,31.0,1,Aucun
02339,1,25.0,1,Primaire
02339,2,0.0,2,Aucun
02339,3,15.0,1,Primaire
02339,4,60.0,1,Primaire
02340,1,38.0,1,Aucun
02340,2,64.0,2,Primaire
02340,3,69.0,1,Secondaire
02340,4,24.0,2,Primaire
02340,5,4.0,1,Aucun
02340,6,39.0,2,Primaire
02340,7,71.0,1,Primaire
02340,8,13.0,1,
02341,1,28.0,1,Aucun
02341,2,72.0,2,Aucun
02341,3,8.0,2,Primaire
02341,4,66.0,2,Secondaire
02341,5,30.0,2,Primaire
02341,6,37.0,2,Primaire
02341,7,50.0,2,Secondaire
02341,8,46.0,2,Secondaire
02341,9,29.0,1,Superieur
02341,10,5.0,2,Aucun
02342,1,48.0,1,Aucun
02342,2,64.0,1,Aucun
02342,3,60.0,1,Aucun
02342,4,19.0,2,Aucun
02342,5,46.0,1,Primaire
02343,1,47.0,1,Primaire
02343,2,28.0,2,Aucun
02343,3,23.0,2,Aucun
02343,4,43.0,2,Aucun
02344,1,32.0,1,Primaire
02344,2,46.0,1,Primaire
02344,3,53.0,2,Aucun
02344,4,19.0,2,Secondaire
02344,5,42.0,2,Aucun
02344,6,41.0,2,Secondaire
02345,1,49.0,1,Primaire
02345,2,8.0,2,Secondaire
02345,3,61.0,1,Aucun
02345,4,70.0,1,Aucun
02345,5,0.0,1,Aucun
02345,6,2.0,1,Aucun
02346,1,29.0,2,Aucun
02346,2,23.0,2,Primaire
02346,3,13.0,1,Primaire
02346,4,68.0,1,Secondaire
02346,5,26.0,1,Primaire
02347,1,43.0,1,Secondaire
02347,2,74.0,1,Secondaire
02347,3,72.0,2,Secondaire
02347,4,8.0,1,Secondaire
02348,1,36.0,1,Aucun
02348,2,0.0,1,Aucun
02348,3,18.0,2,Primaire
02348,4,64.0,2,Superieur
02348,5,4.0,2,Aucun
02348,6,67.0,2,Aucun
02349,1,33.0,1,Aucun
02349,2,4.0,2,Aucun
02349,3,7.0,2,Aucun
02349,4,61.0,2,Secondaire
02350,1,34.0,1,Secondaire
02350,2,55.0,1,Aucun
02350,3,5.0,1,Aucun
02350,4,4.0,2,
02350,5,15.0,2,Primaire
02351,1,45.0,1,Primaire
02351,2,14.0,1,Primaire
02351,3,40.0,2,Primaire
02351,4,6.0,1,Primaire
02351,5,68.0,1,Primaire
02351,6,38.0,1,Primaire
02352,1,57.0,1,Primaire
02352,2,16.0,2,Primaire
02352,3,34.0,2,Primaire
02352,4,74.0,2,Aucun
02353,1,30.0,1,Aucun
02353,2,70.0,1,Primaire
02353,3,10.0,1,Primaire
02353,4,8.0,1,Primaire
02353,5,11.0,1,Primaire
02354,1,41.0,1,Primaire
02354,2,42.0,1,Aucun
02354,3,5.0,1,Aucun
02354,4,28.0,2,Primaire
02354,5,1.0,1,Aucun
02354,6,63.0,2,Aucun
02354,7,16.0,1,Secondaire
02354,8,37.0,2,Primaire
02354,9,57.0,1,Primaire
02355,1,30.0,1,Aucun
02355,2,70.0,1,Primaire
02355,3,12.0,1,
02355,4,55.0,2,Aucun
02355,5,41.0,2,Superieur
02355,6,35.0,1,Secondaire
02355,7,19.0,2,Superieur
02355,8,19.0,1,Secondaire
02355,9,12.0,1,Secondaire
02355,10,24.0,2,Secondaire
02355,11,63.0,2,Primaire
02355,12,54.0,2,Aucun
02355,13,49.0,2,Aucun
02356,1,47.0,1,Secondaire
02356,2,73.0,2,Primaire
02356,3,10.0,1,Secondaire
02356,4,37.0,2,Aucun
02356,5,66.0,2,Superieur
02356,6,61.0,2,Aucun
02356,7,8.0,1,Superieur
02356,8,68.0,1,Aucun
02356,9,3.0,1,Aucun
02356,10,26.0,2,Primaire
02356,11,25.0,2,Aucun
02357,1,43.0,1,Aucun
02357,2,23.0,2,Primaire
02357,3,72.0,2,Primaire
02357,4,41.0,2,Primaire
02357,5,42.0,1,Aucun
02358,1,37.0,1,Primaire
02358,2,14.0,1,Aucun
02358,3,66.0,1,Aucun
02358,4,23.0,1,Primaire
02358,5,60.0,1,Secondaire
02358,6,53.0,2,Secondaire
02358,7,71.0,2,Aucun
02359,1,30.0,1,Aucun
02359,2,26.0,1,Aucun
02359,3,27.0,2,Secondaire
02360,1,44.0,1,Aucun
02360,2,24.0,1,Primaire
02360,3,7.0,1,Primaire
02360,4,22.0,1,Primaire
02360,5,2.0,2,Aucun
02361,1,41.0,2,Aucun
02361,2,19.0,1,
02362,1,33.0,1,Aucun
02362,2,45.0,1,Primaire
02362,3,44.0,1,Aucun
02363,1,35.0,1,Secondaire
02363,2,,1,Secondaire
02363,3,26.0,1,Primaire
02364,1,48.0,1,Primaire
02364,2,48.0,2,Aucun
02364,3,57.0,1,Secondaire
02364,4,63.0,1,Aucun
02364,5,62.0,2,Superieur
02364,6,18.0,1,Secondaire
02364,7,35.0,1,Secondaire
02364,8,16.0,1,Aucun
02364,9,5.0,2,Aucun
02364,10,41.0,1,Secondaire
02365,1,55.0,1,Secondaire
02365,2,50.0,2,Aucun
02365,3,63.0,2,Secondaire
02365,4,68.0,2,Aucun
02365,5,71.0,1,Aucun
02365,6,2.0,1,Aucun
02366,1,56.0,1,Aucun
02366,2,6.0,2,Secondaire
02366,3,57.0,1,Superieur
02366,4,32.0,1,Aucun
02366,5,51.0,1,
02366,6,4.0,2,Aucun
02367,1,33.0,2,Aucun
02367,2,60.0,2,Aucun
02367,3,49.0,2,Aucun
02367,4,64.0,1,Secondaire
02367,5,16.0,2,Aucun
02367,6,15.0,1,Primaire
02367,7,3.0,1,Aucun
02368,1,44.0,1,Aucun
02368,2,55.0,1,Primaire
02368,3,17.0,2,Primaire
02368,4,7.0,1,
02369,1,24.0,1,Aucun
02369,2,32.0,1,Secondaire
02369,3,63.0,1,Secondaire
02369,4,23.0,1,Secondaire
02369,5,9.0,1,Primaire
02369,6,61.0,2,Primaire
02369,7,41.0,1,Secondaire
02369,8,52.0,2,Aucun
02369,9,67.0,2,Primaire
02369,10,19.0,2,Secondaire
02369,11,71.0,1,Aucun
02369,12,41.0,2,Aucun
02370,1,45.0,1,Secondaire
02370,2,29.0,1,Secondaire
02370,3,31.0,2,Primaire
02370,4,55.0,2,Aucun
02370,5,50.0,1,Aucun
02370,6,47.0,2,Secondaire
02370,7,26.0,1,Secondaire
02371,1,46.0,1,Primaire
02371,2,42.0,1,Aucun
02371,3,53.0,1,Primaire
02371,4,74.0,1,Primaire
02371,5,52.0,1,
02371,6,34.0,1,Primaire
02371,7,53.0,2,Aucun
02371,8,35.0,1,Aucun
02372,1,60.0,1,Aucun
02372,2,25.0,2,Primaire
02372,3,23.0,1,Primaire
02372,4,25.0,2,Primaire
02373,1,46.0,2,Aucun
02373,2,1.0,1,Aucun
02373,3,11.0,2,Secondaire
02373,4,19.0,1,Primaire
02373,5,2.0,2,Aucun
02373,6,5.0,2,Aucun
02373,7,1.0,1,
02373,8,,2,Aucun
02373,9,5.0,1,Aucun
02373,10,11.0,2,Primaire
02373,11,29.0,1,Secondaire
02374,1,21.0,1,Superieur
02374,2,55.0,1,Primaire
02374,3,40.0,2,Secondaire
02374,4,7.0,2,Secondaire
02374,5,25.0,1,Primaire
02374,6,16.0,2,Aucun
02374,7,64.0,1,Aucun
02374,8,49.0,1,Aucun
02374,9,2.0,2,Aucun
02375,1,34.0,1,Primaire
02375,2,18.0,2,Primaire
02375,3,17.0,1,Secondaire
02375,4,46.0,1,Aucun
02375,5,23.0,2,Aucun
02375,6,4.0,2,
02375,7,32.0,2,Aucun
02376,1,20.0,1,Secondaire
02376,2,33.0,2,Aucun
02376,3,27.0,1,Primaire
02376,4,13.0,1,Aucun
02376,5,66.0,2,Secondaire
02377,1,49.0,2,Aucun
02377,2,51.0,2,Aucun
02377,3,22.0,2,Aucun
02377,4,27.0,1,Primaire
02378,1,43.0,1,Primaire
02378,2,50.0,2,Secondaire
02378,3,24.0,2,Aucun
02378,4,10.0,1,Aucun
02378,5,25.0,2,Superieur
02378,6,34.0,2,Aucun
02378,7,65.0,1,Aucun
02378,8,49.0,2,Superieur
02379,1,42.0,1,Aucun
02379,2,47.0,2,Primaire
02379,3,25.0,1,Primaire
02379,4,8.0,1,
02380,1,30.0,1,Aucun
02380,2,,2,Primaire
02380,3,12.0,1,Aucun
02380,4,58.0,1,Aucun
02380,5,36.0,1,Aucun
02381,1,50.0,1,Aucun
02381,2,35.0,1,Primaire
02381,3,71.0,1,Aucun
02381,4,44.0,1,Aucun
02382,1,67.0,1,Aucun
02382,2,1.0,2,Aucun
02382,3,49.0,2,Aucun
02382,4,50.0,1,Aucun
02382,5,35.0,2,
02382,6,58.0,2,Aucun
02383,1,47.0,1,Primaire
02383,2,14.0,2,Aucun
02383,3,68.0,2,Aucun
02383,4,18.0,1,Primaire
02383,5,16.0,1,Secondaire
02383,6,68.0,2,Aucun
02384,1,52.0,1,Primaire
02384,2,66.0,1,Aucun
02384,3,38.0,1,Secondaire
02384,4,58.0,1,Aucun
02384,5,33.0,1,Secondaire
02385,1,42.0,1,Primaire
02385,2,,1,Secondaire
02385,3,44.0,1,Primaire
02386,1,56.0,1,Aucun
02386,2,44.0,1,Primaire
02386,3,61.0,1,Secondaire
02387,1,29.0,1,Primaire
02387,2,50.0,1,Primaire
02387,3,62.0,2,Secondaire
02387,4,4.0,2,Aucun
02387,5,48.0,1,Primaire
02387,6,70.0,1,Primaire
02387,7,60.0,2,Aucun
02387,8,3.0,2,Aucun
02387,9,56.0,2,Primaire
02388,1,68.0,1,
02388,2,1.0,1,Aucun
02388,3,30.0,2,Aucun
02388,4,58.0,1,Secondaire
02388,5,40.0,1,Primaire
02389,1,,2,Aucun
02389,2,55.0,2,Secondaire
02389,3,41.0,1,Aucun
02390,1,40.0,1,
02390,2,30.0,1,Secondaire
02390,3,6.0,2,Secondaire
02390,4,27.0,1,Primaire
02390,5,8.0,2,
02390,6,33.0,2,Aucun
02390,7,7.0,2,Primaire
02391,1,42.0,1,Primaire
02391,2,61.0,2,Secondaire
02391,3,14.0,2,Primaire
02391,4,42.0,2,Aucun
02391,5,2.0,1,Aucun
02391,6,,1,Primaire
02392,1,56.0,1,Aucun
02392,2,60.0,1,Secondaire
02392,3,68.0,1,Secondaire
02392,4,49.0,1,Superieur
02392,5,63.0,1,Primaire
02392,6,68.0,2,Secondaire
02392,7,9.0,1,Aucun
02393,1,50.0,2,Secondaire
02393,2,21.0,2,Primaire
02393,3,61.0,2,Secondaire
02393,4,62.0,2,Aucun
02393,5,2.0,1,Aucun
02393,6,74.0,1,Aucun
02394,1,60.0,1,
02394,2,27.0,2,Aucun
02394,3,62.0,2,Primaire
02394,4,61.0,2,Secondaire
02395,1,39.0,2,Primaire
02395,2,21.0,2,Primaire
02395,3,,1,
02395,4,22.0,1,Aucun
02395,5,4.0,1,Aucun
02395,6,11.0,1,Primaire
02395,7,14.0,2,Aucun
02395,8,1.0,1,Aucun
02395,9,15.0,1,Secondaire
02395,10,14.0,2,Secondaire
02395,11,44.0,1,Primaire
02395,12,2.0,1,Aucun
02396,1,42.0,1,Aucun
02396,2,18.0,2,Aucun
02396,3,,2,Secondaire
02396,4,3.0,2,Aucun
02397,1,65.0,1,Aucun
02397,2,68.0,1,Primaire
02397,3,2.0,1,Aucun
02397,4,,2,Aucun
02397,5,47.0,1,Superieur
02397,6,10.0,2,Primaire
02397,7,66.0,2,Aucun
02397,8,42.0,1,Secondaire
02398,1,51.0,1,Aucun
02398,2,64.0,2,Secondaire
02398,3,14.0,1,Secondaire
02398,4,57.0,1,Primaire
02398,5,28.0,2,Aucun
02398,6,32.0,1,Aucun
02398,7,34.0,2,Aucun
02398,8,8.0,1,Primaire
02398,9,71.0,1,Primaire
02398,10,40.0,1,Primaire
02398,11,51.0,2,Aucun
02399,1,33.0,2,Aucun
02399,2,53.0,2,Primaire
02399,3,0.0,1,Aucun
02399,4,45.0,2,
02399,5,60.0,1,Primaire
02399,6,29.0,2,Secondaire
02399,7,41.0,2,Secondaire
02400,1,53.0,1,Aucun
02400,2,38.0,1,Secondaire
02400,3,70.0,2,Aucun
02400,4,60.0,2,Primaire
02401,1,46.0,1,Secondaire
02401,2,9.0,2,Secondaire
02401,3,73.0,2,Primaire
02401,4,73.0,1,Secondaire
02401,5,20.0,2,Primaire
02402,1,55.0,1,Primaire
02402,2,4.0,1,Aucun
02402,3,14.0,2,Secondaire
02402,4,61.0,1,Aucun
02402,5,64.0,2,Primaire
02403,1,63.0,2,Primaire
02403,2,52.0,2,Aucun
02403,3,4.0,1,Aucun
02403,4,30.0,1,Primaire
02403,5,66.0,1,Aucun
02403,6,59.0,1,Secondaire
02404,1,20.0,1,Primaire
02404,2,9.0,2,Secondaire
02404,3,60.0,1,Aucun
02404,4,67.0,2,
02404,5,0.0,1,Aucun
02404,6,25.0,2,Aucun
02404,7,27.0,2,Primaire
02404,8,49.0,2,Aucun
02405,1,29.0,1,Aucun
02406,1,44.0,1,Secondaire
02406,2,74.0,2,Aucun
02406,3,28.0,1,Secondaire
02406,4,23.0,2,Aucun
02406,5,68.0,2,Aucun
02406,6,73.0,2,Aucun
02406,7,19.0,2,Secondaire
02406,8,27.0,2,Aucun
02406,9,16.0,2,Primaire
02407,1,39.0,1,Primaire
02407,2,44.0,2,Aucun
02407,3,52.0,1,Primaire
02407,4,35.0,2,Primaire
02407,5,2.0,1,Aucun
02407,6,34.0,1,Aucun
02407,7,68.0,1,Aucun
02408,1,40.0,1,Aucun
02408,2,0.0,1,
02408,3,63.0,2,Secondaire
02408,4,72.0,1,Primaire
02408,5,40.0,1,Secondaire
02408,6,54.0,2,Secondaire
02408,7,69.0,1,Primaire
02408,8,27.0,1,Primaire
02408,9,52.0,2,Primaire
02408,10,47.0,2,Aucun
02408,11,3.0,2,Aucun
02408,12,24.0,2,Primaire
02409,1,45.0,1,Aucun
02409,2,0.0,1,Aucun
02409,3,60.0,1,Primaire
02410,1,49.0,1,Primaire
02410,2,57.0,2,Primaire
02410,3,66.0,2,Primaire
02410,4,65.0,2,Primaire
02410,5,31.0,2,Primaire
02410,6,1.0,2,Aucun
02410,7,63.0,1,Superieur
02410,8,23.0,1,Aucun
02410,9,52.0,1,Secondaire
02410,10,66.0,2,Aucun
02410,11,26.0,2,Primaire
02411,1,46.0,1,Aucun
02411,2,61.0,2,Primaire
02411,3,23.0,2,Primaire
02411,4,13.0,1,Primaire
02412,1,34.0,1,Secondaire
02412,2,32.0,1,Aucun
02412,3,35.0,2,Aucun
02412,4,30.0,2,Aucun
02412,5,65.0,1,Aucun
02413,1,32.0,1,Secondaire
02413,2,59.0,1,Aucun
02413,3,46.0,2,Superieur
02413,4,,1,Aucun
02413,5,48.0,1,Primaire
02413,6,17.0,1,Aucun
02413,7,14.0,2,Secondaire
02414,1,41.0,2,Aucun
02414,2,30.0,1,Aucun
02414,3,48.0,1,Primaire
02414,4,43.0,2,Aucun
02414,5,49.0,1,Secondaire
02415,1,42.0,1,Aucun
02415,2,66.0,1,
02415,3,7.0,1,Primaire
02415,4,25.0,2,Aucun
02415,5,68.0,2,Primaire
02415,6,14.0,1,Aucun
02416,1,38.0,1,Aucun
02416,2,59.0,1,Superieur
02416,3,30.0,1,Secondaire
02416,4,4.0,1,Aucun
02416,5,4.0,2,Aucun
02416,6,66.0,1,Primaire
02416,7,35.0,1,Primaire
02417,1,53.0,1,Primaire
02417,2,5.0,1,Aucun
02417,3,39.0,1,Primaire
02417,4,61.0,2,Aucun
02417,5,33.0,2,Primaire
02417,6,20.0,2,Primaire
02417,7,26.0,1,Aucun
02417,8,23.0,1,Primaire
02417,9,55.0,1,Aucun
02417,10,7.0,1,Aucun
02417,11,52.0,2,Primaire
02418,1,64.0,1,Primaire
02418,2,30.0,1,Primaire
02418,3,6.0,1,Aucun
02418,4,30.0,2,Primaire
02419,1,50.0,1,Primaire
02419,2,58.0,2,Primaire
02419,3,64.0,1,Primaire
02419,4,64.0,2,Primaire
02419,5,72.0,2,Aucun
02419,6,71.0,2,Aucun
02420,1,36.0,1,Secondaire
02420,2,1.0,1,Aucun
02420,3,53.0,1,Aucun
02420,4,47.0,1,Secondaire
02420,5,2.0,1,Aucun
02421,1,36.0,1,Primaire
02421,2,8.0,1,Aucun
02421,3,31.0,2,Primaire
02421,4,22.0,2,Secondaire
02422,1,58.0,1,Secondaire
02422,2,50.0,2,Aucun
02422,3,16.0,1,Aucun
02422,4,36.0,1,Primaire
02422,5,32.0,2,Aucun
02422,6,60.0,2,Primaire
02422,7,59.0,1,Secondaire
02422,8,27.0,1,Secondaire
02422,9,44.0,2,Primaire
02422,10,70.0,2,Primaire
02423,1,30.0,2,Secondaire
02423,2,51.0,1,Aucun
02423,3,22.0,1,Aucun
02423,4,11.0,1,Superieur
02423,5,24.0,2,Aucun
02423,6,34.0,2,
02423,7,34.0,1,Secondaire
02423,8,58.0,2,Aucun
02424,1,41.0,1,Primaire
02424,2,,1,Aucun
02424,3,69.0,2,Primaire
02424,4,58.0,2,Secondaire
02424,5,18.0,1,Primaire
02424,6,21.0,2,Aucun
02424,7,17.0,2,
02424,8,23.0,2,Primaire
02424,9,23.0,2,Aucun
02424,10,18.0,1,Primaire
02424,11,53.0,1,Secondaire
02425,1,29.0,1,Aucun
02425,2,30.0,1,Aucun
02425,3,40.0,1,Secondaire
02425,4,2.0,2,Aucun
02425,5,51.0,2,Aucun
02425,6,58.0,1,Primaire
02425,7,64.0,2,Aucun
02425,8,62.0,1,Aucun
02425,9,41.0,2,
02425,10,49.0,2,Aucun
02425,11,72.0,2,Primaire
02425,12,73.0,1,Primaire
02426,1,50.0,1,Aucun
02426,2,0.0,1,Aucun
02426,3,40.0,2,Aucun
02426,4,1.0,2,Aucun
02426,5,0.0,1,Aucun
02426,6,23.0,2,
02426,7,51.0,2,Aucun
02426,8,13.0,1,Primaire
02426,9,62.0,1,Secondaire
02426,10,48.0,2,Secondaire
02426,11,24.0,1,Aucun
02426,12,20.0,2,Secondaire
02426,13,69.0,1,Primaire
02427,1,38.0,2,Primaire
02427,2,73.0,1,Primaire
02427,3,44.0,2,Primaire
02427,4,4.0,1,Aucun
02427,5,62.0,1,Secondaire
02427,6,30.0,2,Superieur
02427,7,42.0,1,Primaire
02427,8,12.0,2,Secondaire
02427,9,68.0,2,Secondaire
02428,1,37.0,1,Secondaire
02428,2,38.0,1,Secondaire
02428,3,9.0,1,Secondaire
02428,4,10.0,2,Secondaire
02428,5,9.0,1,Primaire
02428,6,51.0,1,Aucun
02428,7,38.0,1,Primaire
02428,8,24.0,2,Secondaire
02428,9,7.0,2,Secondaire
02428,10,74.0,2,Secondaire
02428,11,61.0,2,Secondaire
02428,12,37.0,2,Aucun
02428,13,2.0,1,Aucun
02429,1,42.0,1,Primaire
02429,2,0.0,2,Aucun
02429,3,0.0,1,Aucun
02429,4,70.0,2,Primaire
02429,5,41.0,1,Aucun
02429,6,54.0,1,Aucun
02429,7,7.0,1,Primaire
02429,8,17.0,2,Secondaire
02429,9,43.0,2,Aucun
02429,10,28.0,2,Primaire
02429,11,5.0,1,Aucun
02429,12,40.0,2,Secondaire
02430,1,33.0,1,Secondaire
02430,2,65.0,2,Secondaire
02430,3,8.0,1,Secondaire
02430,4,8.0,2,Aucun
02431,1,44.0,1,Secondaire
02431,2,56.0,2,Aucun
02431,3,9.0,1,Primaire
02431,4,6.0,1,Aucun
02431,5,11.0,2,Aucun
02431,6,38.0,2,Aucun
02431,7,48.0,1,Primaire
02431,8,48.0,2,Secondaire
02431,9,55.0,1,Secondaire
02432,1,38.0,1,Aucun
02432,2,51.0,1,Primaire
02432,3,59.0,2,Aucun
02432,4,66.0,1,Secondaire
02432,5,72.0,2,Primaire
02432,6,17.0,1,Superieur
02433,1,39.0,1,Aucun
02433,2,28.0,2,Primaire
02433,3,26.0,1,Primaire
02433,4,58.0,2,Primaire
02433,5,1.0,2,Aucun
02433,6,65.0,2,Aucun
02434,1,61.0,1,Aucun
02434,2,,2,Primaire
02434,3,12.0,1,Secondaire
02434,4,10.0,2,Primaire
02434,5,57.0,2,Secondaire
02434,6,13.0,2,Aucun
02435,1,46.0,1,Aucun
02435,2,51.0,1,Aucun
02435,3,30.0,2,Aucun
02436,1,31.0,1,Primaire
02436,2,73.0,1,Aucun
02436,3,72.0,1,Aucun
02436,4,32.0,1,Primaire
02436,5,58.0,2,Aucun
02437,1,51.0,1,Aucun
02437,2,63.0,2,Superieur
02437,3,8.0,1,Aucun
02437,4,57.0,1,Secondaire
02437,5,39.0,2,Aucun
02438,1,44.0,1,Aucun
02438,2,34.0,1,Aucun
02438,3,50.0,1,Aucun
02438,4,23.0,1,Aucun
02438,5,35.0,1,Secondaire
02438,6,17.0,1,Primaire
02438,7,55.0,2,Aucun
02438,8,42.0,1,Primaire
02439,1,45.0,2,Aucun
02439,2,39.0,2,
02439,3,29.0,1,Primaire
02439,4,39.0,1,Primaire
02439,5,6.0,1,Aucun
02439,6,2.0,1,Aucun
02439,7,66.0,2,Aucun
02440,1,44.0,1,Aucun
02440,2,5.0,2,Aucun
02440,3,46.0,1,Superieur
02441,1,34.0,1,Primaire
02441,2,31.0,2,Aucun
02441,3,6.0,1,Secondaire
02441,4,45.0,1,Secondaire
02441,5,17.0,2,Secondaire
02441,6,31.0,2,Aucun
02441,7,15.0,1,Secondaire
02441,8,17.0,2,Primaire
02441,9,,1,Aucun
02442,1,30.0,2,Secondaire
02442,2,55.0,1,Aucun
02442,3,6.0,1,Aucun
02442,4,,2,Primaire
02442,5,29.0,2,
02442,6,62.0,1,Aucun
02442,7,48.0,2,Primaire
02442,8,60.0,2,Primaire
02442,9,39.0,1,Aucun
02442,10,57.0,2,Secondaire
02442,11,63.0,2,Secondaire
02443,1,38.0,1,Primaire
02443,2,30.0,2,Aucun
02443,3,48.0,2,Secondaire
02443,4,63.0,2,Primaire
02443,5,24.0,1,Primaire
02443,6,0.0,1,Aucun
02444,1,38.0,1,Aucun
02444,2,15.0,2,Secondaire
02444,3,16.0,1,Secondaire
02445,1,39.0,1,Aucun
02445,2,55.0,1,Aucun
02445,3,22.0,2,Aucun
02445,4,27.0,1,Aucun
02446,1,41.0,1,Secondaire
02446,2,53.0,1,Primaire
02446,3,15.0,2,Aucun
02446,4,59.0,1,
02446,5,9.0,2,Aucun
02447,1,20.0,1,Primaire
02447,2,23.0,2,Secondaire
02447,3,55.0,1,Secondaire
02447,4,73.0,2,Primaire
02447,5,28.0,1,Aucun
02447,6,38.0,1,Primaire
02447,7,44.0,2,Aucun
02448,1,50.0,1,Aucun
02448,2,71.0,1,Aucun
02448,3,42.0,2,Primaire
02448,4,34.0,1,Secondaire
02448,5,68.0,2,Primaire
02449,1,22.0,1,Aucun
02449,2,12.0,2,Aucun
02449,3,60.0,1,Superieur
02449,4,21.0,2,Aucun
02449,5,55.0,2,Aucun
02449,6,8.0,2,Primaire
02449,7,65.0,1,Primaire
02450,1,49.0,1,Aucun
02450,2,34.0,1,Aucun
02450,3,55.0,1,Secondaire
02451,1,40.0,1,Aucun
02451,2,2.0,2,Aucun
02451,3,60.0,1,Superieur
02451,4,49.0,2,Aucun
02451,5,16.0,1,Primaire
02451,6,16.0,2,Primaire
02451,7,26.0,2,Secondaire
02451,8,31.0,2,Aucun
02451,9,49.0,1,Primaire
02452,1,47.0,2,Secondaire
02452,2,4.0,2,Aucun
02452,3,,1,Primaire
02452,4,,1,Aucun
02452,5,72.0,1,Secondaire
02453,1,34.0,1,Aucun
02453,2,29.0,2,Superieur
02453,3,0.0,2,Aucun
02453,4,47.0,1,Primaire
02453,5,68.0,2,Primaire
02453,6,56.0,1,Aucun
02454,1,47.0,1,
02454,2,26.0,2,Aucun
02454,3,30.0,1,Primaire
02454,4,44.0,1,Primaire
02454,5,35.0,2,Primaire
02455,1,44.0,1,Secondaire
02455,2,25.0,1,Secondaire
02455,3,6.0,2,Primaire
02455,4,59.0,1,Primaire
02455,5,,1,Primaire
02455,6,68.0,1,Primaire
02455,7,51.0,1,Aucun
02455,8,12.0,1,Secondaire
02455,9,50.0,2,Secondaire
02456,1,41.0,1,Secondaire
02456,2,55.0,2,Primaire
02456,3,55.0,2,
02456,4,9.0,2,Primaire
02456,5,40.0,2,Aucun
02457,1,33.0,1,Primaire
02457,2,29.0,1,Primaire
02457,3,52.0,1,Secondaire
02458,1,63.0,1,Primaire
02458,2,53.0,1,
02458,3,17.0,1,Secondaire
02458,4,68.0,2,Aucun
02458,5,26.0,1,Primaire
02458,6,47.0,1,Aucun
02458,7,54.0,1,Primaire
02458,8,23.0,1,Primaire
02458,9,21.0,1,
02459,1,43.0,1,Aucun
02460,1,44.0,1,Aucun
02460,2,47.0,1,Secondaire
02460,3,16.0,1,Primaire
02460,4,8.0,1,Aucun
02460,5,74.0,1,Secondaire
02460,6,17.0,1,Aucun
02460,7,2.0,2,Aucun
02460,8,11.0,2,Aucun
02460,9,62.0,1,Aucun
02460,10,21.0,2,
02460,11,51.0,1,Secondaire
02460,12,17.0,2,Superieur
02461,1,40.0,1,Aucun
02461,2,17.0,2,Secondaire
02461,3,73.0,1,Secondaire
02462,1,43.0,1,Primaire
02462,2,61.0,1,Primaire
02462,3,22.0,1,Primaire
02463,1,,1,Superieur
02463,2,45.0,1,Aucun
02463,3,15.0,2,Primaire
02463,4,17.0,1,Primaire
02463,5,65.0,1,Aucun
02463,6,18.0,2,Secondaire
02463,7,46.0,1,Aucun
02463,8,63.0,1,Aucun
02463,9,38.0,2,Aucun
02463,10,60.0,2,Primaire
02463,11,30.0,2,Superieur
02464,1,32.0,1,Aucun
02464,2,39.0,2,Primaire
02464,3,23.0,1,Superieur
02465,1,29.0,1,Primaire
02465,2,49.0,1,Secondaire
02465,3,12.0,1,Primaire
02465,4,39.0,1,Secondaire
02465,5,73.0,1,Aucun
02465,6,9.0,2,Primaire
02465,7,70.0,2,Secondaire
02466,1,32.0,1,Primaire
02466,2,34.0,1,Aucun
02466,3,5.0,2,Aucun
02466,4,55.0,2,Aucun
02466,5,15.0,1,Secondaire
02466,6,27.0,2,Superieur
02466,7,13.0,2,Secondaire
02466,8,33.0,2,Aucun
02467,1,25.0,1,Aucun
02467,2,13.0,2,Secondaire
02467,3,,2,Primaire
02467,4,18.0,2,Secondaire
02467,5,65.0,2,Aucun
02467,6,43.0,1,Aucun
02467,7,34.0,1,Primaire
02467,8,73.0,1,
02468,1,51.0,1,Aucun
02468,2,44.0,1,Primaire
02468,3,22.0,2,Aucun
02468,4,29.0,2,Primaire
02468,5,19.0,1,Superieur
02468,6,18.0,1,Aucun
02468,7,47.0,1,Aucun
02469,1,22.0,1,Secondaire
02469,2,37.0,1,Aucun
02469,3,18.0,1,Secondaire
02469,4,39.0,1,Primaire
02469,5,69.0,2,Primaire
02470,1,51.0,1,
02470,2,28.0,2,
02470,3,19.0,2,Primaire
02470,4,47.0,1,Aucun
02470,5,38.0,2,Primaire
02471,1,45.0,1,Primaire
02471,2,59.0,2,Secondaire
02471,3,15.0,2,Primaire
02471,4,5.0,2,Aucun
02471,5,58.0,2,Primaire
02471,6,51.0,1,Secondaire
02471,7,38.0,2,Aucun
02471,8,52.0,2,Superieur
02471,9,44.0,1,Aucun
02471,10,58.0,2,Primaire
02471,11,19.0,2,Aucun
02472,1,37.0,2,Primaire
02472,2,59.0,1,Aucun
02472,3,13.0,1,Aucun
02472,4,63.0,2,Aucun
02472,5,36.0,1,Primaire
02473,1,39.0,1,Aucun
02473,2,0.0,2,Aucun
02473,3,43.0,1,Primaire
02473,4,50.0,2,Aucun
02473,5,51.0,1,Secondaire
02473,6,54.0,1,Primaire
02473,7,54.0,2,Primaire
02473,8,22.0,1,Secondaire
02474,1,48.0,1,Primaire
02474,2,23.0,1,Aucun
02474,3,61.0,1,Aucun
02474,4,35.0,2,Primaire
02474,5,36.0,2,Primaire
02474,6,22.0,2,Primaire
02474,7,19.0,1,Primaire
02474,8,70.0,1,Secondaire
02474,9,49.0,2,Primaire
02474,10,23.0,1,Aucun
02474,11,33.0,2,Secondaire
02474,12,61.0,2,Primaire
02474,13,52.0,1,Aucun
02475,1,51.0,1,Primaire
02475,2,24.0,1,Secondaire
02475,3,5.0,2,Aucun
02475,4,61.0,2,Aucun
02476,1,40.0,1,Aucun
02476,2,10.0,1,Secondaire
02476,3,33.0,1,Aucun
02476,4,73.0,2,Primaire
02476,5,38.0,2,Aucun
02476,6,3.0,1,Aucun
02476,7,45.0,2,Aucun
02477,1,47.0,2,Aucun
02477,2,30.0,2,Primaire
02477,3,27.0,1,Secondaire
02478,1,43.0,1,Aucun
02478,2,19.0,1,Primaire
02478,3,48.0,2,Aucun
02478,4,21.0,2,
02478,5,19.0,1,Aucun
02479,1,42.0,1,
02479,2,31.0,1,Aucun
02479,3,42.0,2,Primaire
02479,4,25.0,2,Aucun
02479,5,33.0,2,Primaire
02479,6,53.0,1,Aucun
02479,7,56.0,2,Superieur
02479,8,64.0,1,Aucun
02479,9,64.0,1,Primaire
02479,10,21.0,2,Primaire
02480,1,64.0,1,Superieur
02480,2,18.0,1,Primaire
02480,3,14.0,1,Aucun
02480,4,,2,Aucun
02480,5,18.0,2,Primaire
02480,6,13.0,1,Aucun
02480,7,63.0,1,Aucun
02481,1,47.0,1,Superieur
02481,2,11.0,1,Primaire
02481,3,26.0,1,Primaire
02481,4,40.0,2,Secondaire
02481,5,70.0,2,Primaire
02481,6,13.0,2,Primaire
02481,7,15.0,1,Primaire
02482,1,29.0,1,Superieur
02482,2,30.0,1,Primaire
02482,3,7.0,1,Secondaire
02482,4,25.0,2,Secondaire
02482,5,66.0,2,Secondaire
02482,6,12.0,2,Primaire
02482,7,8.0,2,Primaire
02482,8,50.0,1,Primaire
02482,9,16.0,2,Aucun
02482,10,12.0,2,Aucun
02482,11,14.0,1,Primaire
02482,12,72.0,1,Aucun
02482,13,41.0,1,Primaire
02482,14,14.0,2,Primaire
02483,1,39.0,2,Aucun
02483,2,63.0,2,Primaire
02483,3,45.0,2,Secondaire
02484,1,38.0,1,Superieur
02484,2,12.0,1,Primaire
02484,3,14.0,1,Aucun
02484,4,15.0,2,Primaire
02484,5,61.0,1,Secondaire
02484,6,3.0,1,Aucun
02484,7,55.0,1,Secondaire
02484,8,22.0,2,Aucun
02484,9,14.0,2,Secondaire
02484,10,34.0,1,Aucun
02485,1,30.0,1,Aucun
02485,2,63.0,1,Primaire
02485,3,72.0,1,Aucun
02485,4,27.0,2,Primaire
02485,5,48.0,2,Aucun
02485,6,43.0,1,Aucun
02485,7,25.0,2,Aucun
02485,8,42.0,2,Aucun
02485,9,29.0,1,Aucun
02486,1,44.0,1,Aucun
02486,2,64.0,2,Primaire
02486,3,53.0,2,Superieur
02486,4,54.0,2,Aucun
02486,5,9.0,2,Aucun
02486,6,38.0,1,Aucun
02487,1,30.0,1,Secondaire
02487,2,34.0,1,Secondaire
02487,3,6.0,2,Aucun
02487,4,71.0,1,Aucun
02487,5,54.0,1,Aucun
02488,1,43.0,1,Superieur
02488,2,,1,Secondaire
02488,3,51.0,2,Aucun
02488,4,20.0,2,Aucun
02488,5,66.0,1,Aucun
02488,6,51.0,2,Aucun
02488,7,39.0,1,Primaire
02488,8,46.0,1,Primaire
02489,1,41.0,1,Aucun
02489,2,20.0,1,Primaire
02490,1,37.0,1,Aucun
02490,2,12.0,2,
02490,3,59.0,2,Primaire
02490,4,11.0,2,Secondaire
02490,5,10.0,1,Aucun
02490,6,16.0,1,Aucun
02491,1,29.0,1,Secondaire
02491,2,39.0,1,Superieur
02491,3,65.0,1,Aucun
02491,4,57.0,1,Primaire
02491,5,71.0,2,Aucun
02492,1,39.0,1,Secondaire
02492,2,46.0,2,Primaire
02492,3,59.0,1,Secondaire
02492,4,13.0,2,
02492,5,41.0,1,Aucun
02492,6,38.0,2,Secondaire
02493,1,36.0,1,Aucun
02493,2,74.0,1,Aucun
02493,3,59.0,1,Secondaire
02493,4,73.0,2,Secondaire
02493,5,10.0,1,Primaire
02493,6,70.0,2,Primaire
02493,7,20.0,1,Primaire
02493,8,0.0,1,Aucun
02494,1,20.0,2,Aucun
02494,2,74.0,2,Aucun
02494,3,28.0,1,Primaire
02494,4,48.0,1,Primaire
02494,5,69.0,2,Secondaire
02494,6,3.0,1,Aucun
02494,7,50.0,1,Primaire
02495,1,,1,Secondaire
02495,2,19.0,2,Primaire
02495,3,73.0,2,Aucun
02496,1,60.0,1,Secondaire
02496,2,23.0,1,Secondaire
02496,3,9.0,2,Aucun
02496,4,37.0,1,Aucun
02496,5,19.0,1,Primaire
02496,6,50.0,2,Secondaire
02496,7,73.0,1,Superieur
02497,1,47.0,1,Secondaire
02497,2,6.0,1,Primaire
02497,3,61.0,1,Aucun
02497,4,26.0,1,Primaire
02497,5,2.0,1,Aucun
02497,6,63.0,2,Aucun
02498,1,34.0,1,Secondaire
02498,2,39.0,2,Primaire
02498,3,18.0,2,Secondaire
02498,4,72.0,2,
02498,5,42.0,2,Secondaire
02498,6,18.0,1,Primaire
02498,7,37.0,1,Aucun
02498,8,29.0,2,Aucun
02499,1,51.0,1,Primaire
02499,2,21.0,1,Primaire
02499,3,28.0,2,Primaire
02499,4,48.0,2,Aucun
02499,5,15.0,1,Aucun
02499,6,42.0,1,Superieur
02499,7,74.0,1,Aucun
02499,8,8.0,1,Aucun
02500,1,63.0,1,Aucun
02500,2,51.0,1,Superieur
02500,3,31.0,2,Aucun
02500,4,,2,Primaire
02501,1,56.0,1,Aucun
02501,2,19.0,2,Secondaire
02501,3,44.0,2,Primaire
02501,4,42.0,2,Primaire
02502,1,38.0,1,Primaire
02502,2,6.0,1,Secondaire
02502,3,31.0,1,Primaire
02502,4,41.0,1,Secondaire
02502,5,44.0,2,Primaire
02502,6,14.0,1,Secondaire
02503,1,42.0,1,Aucun
02503,2,15.0,1,Secondaire
02503,3,22.0,1,Primaire
02503,4,34.0,1,Primaire
02503,5,74.0,1,Secondaire
02503,6,19.0,2,Aucun
02503,7,21.0,1,
02503,8,22.0,2,Primaire
02504,1,46.0,1,Primaire
02504,2,43.0,1,
02504,3,0.0,1,Aucun
02504,4,37.0,2,Secondaire
02504,5,71.0,2,Primaire
02504,6,74.0,1,Aucun
02504,7,25.0,1,Primaire
02504,8,38.0,2,Aucun
02504,9,65.0,1,Secondaire
02505,1,53.0,1,Aucun
02505,2,24.0,2,Secondaire
02505,3,64.0,2,Primaire
02505,4,34.0,1,Primaire
02505,5,67.0,2,Aucun
02505,6,15.0,2,Primaire
02506,1,51.0,1,Aucun
02506,2,9.0,2,Aucun
02506,3,2.0,1,Aucun
02506,4,64.0,2,Primaire
02506,5,71.0,1,Aucun
02506,6,37.0,2,Primaire
02506,7,20.0,2,Secondaire
02507,1,59.0,1,Aucun
02507,2,66.0,2,Secondaire
02507,3,18.0,2,Superieur
02507,4,11.0,2,Aucun
02507,5,61.0,2,Primaire
02507,6,25.0,2,Primaire
02507,7,67.0,1,Aucun
02508,1,22.0,1,Primaire
02508,2,67.0,1,Aucun
02508,3,42.0,2,Aucun
02508,4,52.0,1,Primaire
02508,5,70.0,1,Primaire
02509,1,55.0,1,Secondaire
02509,2,39.0,1,Aucun
02509,3,43.0,2,
02510,1,43.0,1,Aucun
02510,2,22.0,1,Aucun
02510,3,12.0,2,Secondaire
02510,4,74.0,1,Aucun
02510,5,8.0,1,Superieur
02510,6,9.0,2,Primaire
02511,1,30.0,1,Aucun
02511,2,12.0,1,Primaire
02511,3,55.0,1,Aucun
02511,4,61.0,1,Secondaire
02511,5,52.0,2,Secondaire
02511,6,70.0,1,Primaire
02511,7,59.0,1,Superieur
02512,1,27.0,1,Secondaire
02512,2,23.0,1,Aucun
02512,3,68.0,2,Aucun
02512,4,63.0,2,Aucun
02512,5,22.0,1,Primaire
02512,6,61.0,2,Aucun
02513,1,34.0,2,Primaire
02513,2,28.0,1,Aucun
02513,3,37.0,2,Primaire
02513,4,4.0,1,
02513,5,56.0,2,Aucun
02513,6,62.0,1,Aucun
02513,7,71.0,2,Primaire
02513,8,8.0,1,Primaire
02513,9,36.0,1,Aucun
02513,10,22.0,1,Aucun
02514,1,37.0,1,Aucun
02514,2,67.0,2,Aucun
02514,3,25.0,2,Aucun
02514,4,51.0,1,Primaire
02514,5,71.0,1,
02514,6,9.0,2,Aucun
02514,7,37.0,2,Primaire
02514,8,31.0,2,Primaire
02514,9,31.0,2,Secondaire
02514,10,60.0,2,Primaire
02514,11,73.0,1,Aucun
02514,12,40.0,2,Secondaire
02514,13,50.0,2,
02515,1,40.0,1,Aucun
02515,2,27.0,1,Primaire
02515,3,61.0,1,Primaire
02515,4,71.0,2,Primaire
02516,1,56.0,2,Aucun
02516,2,21.0,2,Primaire
02516,3,61.0,1,
02516,4,24.0,2,Secondaire
02517,1,39.0,1,Primaire
02517,2,12.0,2,Primaire
02517,3,31.0,1,Aucun
02517,4,57.0,1,Primaire
02517,5,37.0,1,Secondaire
02517,6,56.0,2,Primaire
02518,1,49.0,1,Aucun
02518,2,26.0,2,Primaire
02518,3,31.0,2,Primaire
02518,4,10.0,2,Superieur
02518,5,3.0,1,Aucun
02518,6,14.0,2,Aucun
02519,1,35.0,1,Aucun
02519,2,32.0,2,Aucun
02519,3,40.0,1,Aucun
02519,4,53.0,1,Primaire
02519,5,59.0,1,Aucun
02519,6,67.0,2,Aucun
02519,7,19.0,2,Aucun
02520,1,43.0,1,Superieur
02520,2,23.0,2,Primaire
02520,3,73.0,2,
02520,4,66.0,2,
02520,5,39.0,2,Superieur
02520,6,28.0,1,Aucun
02520,7,12.0,1,Primaire
02520,8,2.0,1,Aucun
02521,1,38.0,1,Primaire
02521,2,37.0,1,Secondaire
02521,3,72.0,1,Aucun
02521,4,0.0,2,Aucun
02521,5,68.0,1,Aucun
02522,1,25.0,1,Aucun
02522,2,48.0,1,Aucun
02522,3,57.0,1,Aucun
02522,4,6.0,2,Secondaire
02522,5,28.0,2,Aucun
02522,6,40.0,1,Primaire
02523,1,43.0,1,Aucun
02523,2,44.0,1,Secondaire
02524,1,58.0,1,
02524,2,9.0,2,Secondaire
02524,3,30.0,1,Aucun
02524,4,32.0,1,Aucun
02524,5,64.0,2,Aucun
02524,6,18.0,2,
02525,1,66.0,1,Primaire
02525,2,4.0,2,Aucun
02525,3,14.0,2,Aucun
02525,4,21.0,2,Aucun
02525,5,70.0,2,Superieur
02525,6,40.0,2,Primaire
02525,7,9.0,1,Aucun
02525,8,9.0,2,
02526,1,73.0,2,Secondaire
02526,2,69.0,1,Primaire
02526,3,43.0,2,Secondaire
02526,4,55.0,1,Superieur
02526,5,21.0,2,Secondaire
02526,6,33.0,2,Superieur
02527,1,49.0,1,Aucun
02527,2,20.0,1,Aucun
02527,3,45.0,1,Aucun
02527,4,63.0,2,Aucun
02527,5,25.0,2,Aucun
02527,6,62.0,1,Aucun
02528,1,40.0,1,Primaire
02528,2,53.0,1,Secondaire
02528,3,51.0,2,Aucun
02528,4,56.0,2,Aucun
02528,5,4.0,1,Aucun
02528,6,,1,Aucun
02529,1,40.0,1,Primaire
02529,2,18.0,1,Secondaire
02529,3,67.0,1,Aucun
02529,4,22.0,2,Aucun
02529,5,46.0,1,Secondaire
02529,6,27.0,1,Superieur
02530,1,52.0,1,Primaire
02530,2,52.0,2,Primaire
02530,3,61.0,1,Secondaire
02530,4,36.0,1,Secondaire
02530,5,29.0,1,Aucun
02530,6,25.0,2,Primaire
02530,7,38.0,2,Aucun
02530,8,23.0,1,Secondaire
02530,9,63.0,2,Primaire
02531,1,39.0,1,Aucun
02531,2,73.0,1,Primaire
02531,3,6.0,2,Aucun
02532,1,47.0,1,Aucun
02532,2,40.0,1,Secondaire
02532,3,56.0,2,Primaire
02532,4,61.0,2,Primaire
02532,5,72.0,1,Secondaire
02532,6,47.0,1,Primaire
02533,1,41.0,1,Aucun
02533,2,67.0,1,Aucun
02534,1,50.0,2,Primaire
02534,2,70.0,2,Secondaire
02534,3,38.0,1,Superieur
02534,4,58.0,1,Primaire
02534,5,40.0,2,Secondaire
02535,1,32.0,2,Aucun
02535,2,27.0,2,Aucun
02535,3,0.0,1,Aucun
02535,4,28.0,1,Aucun
02535,5,41.0,1,Primaire
02535,6,64.0,2,Primaire
02536,1,32.0,1,Aucun
02536,2,37.0,2,Aucun
02536,3,11.0,1,Aucun
02536,4,62.0,1,Secondaire
02536,5,50.0,1,Aucun
02536,6,72.0,2,Aucun
02536,7,47.0,2,Primaire
02536,8,74.0,2,Superieur
02536,9,8.0,2,Aucun
02536,10,25.0,2,Primaire
02536,11,45.0,1,Primaire
02537,1,42.0,2,Primaire
02537,2,72.0,2,Secondaire
02537,3,35.0,1,Aucun
02537,4,45.0,1,Aucun
02537,5,58.0,1,Aucun
02537,6,32.0,2,Aucun
02537,7,32.0,2,Aucun
02537,8,34.0,2,Superieur
02537,9,62.0,2,Aucun
02538,1,50.0,1,Secondaire
02538,2,4.0,1,Aucun
02538,3,1.0,1,Aucun
02538,4,57.0,1,Aucun
02538,5,19.0,1,Secondaire
02538,6,53.0,1,Primaire
02538,7,32.0,1,
02538,8,6.0,2,Aucun
02538,9,21.0,1,Primaire
02539,1,52.0,1,Aucun
02539,2,52.0,1,Aucun
02539,3,35.0,1,Aucun
02539,4,53.0,1,Aucun
02539,5,,1,Aucun
02539,6,45.0,1,Aucun
02540,1,42.0,1,Aucun
02540,2,8.0,2,Primaire
02540,3,57.0,2,Aucun
02540,4,43.0,1,Aucun
02540,5,64.0,1,
02540,6,30.0,2,Primaire
02540,7,34.0,2,Secondaire
02541,1,34.0,1,Superieur
02541,2,20.0,1,Secondaire
02541,3,50.0,1,Primaire
02541,4,15.0,2,Aucun
02541,5,17.0,2,Aucun
02542,1,36.0,1,Primaire
02542,2,24.0,1,Aucun
02542,3,53.0,1,Primaire
02542,4,56.0,1,Aucun
02542,5,2.0,2,
02542,6,73.0,2,
02542,7,49.0,2,Primaire
02542,8,54.0,1,Secondaire
02543,1,42.0,1,Aucun
02543,2,65.0,2,Primaire
02543,3,9.0,1,Aucun
02543,4,57.0,1,Primaire
02543,5,47.0,2,Secondaire
02543,6,47.0,1,Aucun
02543,7,64.0,1,Primaire
02544,1,41.0,1,Aucun
02544,2,21.0,2,Aucun
02544,3,64.0,2,Secondaire
02544,4,14.0,1,Superieur
02544,5,31.0,1,Aucun
02544,6,2.0,1,Aucun
02544,7,36.0,1,Secondaire
02544,8,14.0,1,Superieur
02545,1,49.0,1,Aucun
02545,2,59.0,2,Secondaire
02545,3,30.0,1,Primaire
02545,4,3.0,2,Aucun
02546,1,26.0,1,Aucun
02546,2,72.0,2,Aucun
02546,3,70.0,2,Primaire
02546,4,15.0,1,Primaire
02546,5,18.0,1,Secondaire
02546,6,41.0,2,Secondaire
02546,7,66.0,1,Primaire
02546,8,18.0,2,Secondaire
02546,9,20.0,2,Aucun
02546,10,4.0,2,Aucun
02546,11,50.0,2,Primaire
02547,1,41.0,1,Primaire
02547,2,43.0,2,Primaire
02548,1,38.0,1,Primaire
02548,2,7.0,1,Aucun
02548,3,43.0,1,Superieur
02549,1,43.0,1,Aucun
02549,2,12.0,1,Aucun
02549,3,69.0,2,Aucun
02549,4,31.0,2,Aucun
02549,5,42.0,1,Primaire
02549,6,38.0,2,Primaire
02550,1,42.0,1,Primaire
02550,2,23.0,2,Secondaire
02550,3,27.0,2,Secondaire
02550,4,24.0,1,Primaire
02550,5,72.0,2,Primaire
02550,6,58.0,1,Aucun
02551,1,42.0,2,Secondaire
02551,2,24.0,1,Aucun
02551,3,65.0,1,Aucun
02551,4,39.0,2,Primaire
02551,5,61.0,1,Superieur
02551,6,56.0,2,Aucun
02552,1,60.0,1,Secondaire
02552,2,55.0,2,Superieur
02552,3,11.0,2,Aucun
02552,4,18.0,1,Primaire
02552,5,60.0,2,Primaire
02552,6,7.0,1,Primaire
02553,1,33.0,1,Superieur
02553,2,62.0,1,Secondaire
02553,3,10.0,2,Primaire
02553,4,10.0,1,Secondaire
02553,5,61.0,1,Primaire
02553,6,67.0,2,Aucun
02553,7,30.0,2,Aucun
02554,1,43.0,1,Primaire
02554,2,12.0,1,Aucun
02554,3,25.0,2,Aucun
02554,4,7.0,1,Aucun
02554,5,24.0,2,Primaire
02554,6,39.0,1,Aucun
02554,7,66.0,1,Secondaire
02554,8,12.0,2,Secondaire
02555,1,55.0,1,Aucun
02555,2,51.0,2,Aucun
02555,3,33.0,1,Primaire
02556,1,35.0,1,Primaire
02556,2,60.0,1,Aucun
02556,3,11.0,1,Secondaire
02556,4,9.0,2,Aucun
02556,5,26.0,1,Aucun
02556,6,72.0,1,Aucun
02557,1,55.0,1,Aucun
02557,2,10.0,2,Primaire
02557,3,38.0,2,Primaire
02557,4,46.0,2,Superieur
02557,5,31.0,2,Aucun
02557,6,14.0,2,Primaire
02557,7,45.0,2,Primaire
02558,1,34.0,1,Aucun
02558,2,15.0,2,Aucun
02558,3,5.0,1,Aucun
02558,4,61.0,2,Aucun
02558,5,65.0,2,Aucun
02558,6,59.0,2,Superieur
02559,1,41.0,1,Primaire
02559,2,26.0,1,Secondaire
02559,3,42.0,2,Secondaire
02559,4,44.0,2,Aucun
02559,5,68.0,1,Superieur
02559,6,31.0,1,Secondaire
02560,1,34.0,1,Primaire
02560,2,52.0,1,Primaire
02560,3,48.0,1,Primaire
02560,4,41.0,2,Aucun
02560,5,61.0,1,Primaire
02560,6,54.0,1,Aucun
02560,7,18.0,2,Primaire
02561,1,44.0,1,Aucun
02561,2,26.0,1,
02561,3,7.0,2,Primaire
02561,4,61.0,1,Aucun
02562,1,31.0,1,Secondaire
02562,2,23.0,1,Aucun
02562,3,42.0,2,Primaire
02562,4,13.0,1,Superieur
02562,5,46.0,2,Primaire
02562,6,74.0,2,Primaire
02562,7,17.0,1,Secondaire
02562,8,23.0,1,
02563,1,51.0,1,Primaire
02563,2,51.0,1,Aucun
02563,3,68.0,1,Secondaire
02563,4,59.0,2,Aucun
02563,5,39.0,1,Primaire
02563,6,58.0,2,Primaire
02563,7,14.0,2,Primaire
02563,8,65.0,2,Aucun
02563,9,18.0,1,Primaire
02564,1,31.0,1,Superieur
02564,2,51.0,2,Aucun
02565,1,57.0,1,
02565,2,18.0,2,Aucun
02565,3,67.0,2,Secondaire
02565,4,65.0,1,Primaire
02565,5,55.0,1,Secondaire
02565,6,74.0,1,
02565,7,15.0,1,
02565,8,54.0,1,Primaire
02566,1,54.0,1,Primaire
02566,2,7.0,2,Aucun
02566,3,0.0,2,Aucun
02566,4,55.0,2,Aucun
02566,5,25.0,2,Secondaire
02566,6,41.0,1,Primaire
02566,7,59.0,2,Aucun
02567,1,42.0,2,Secondaire
02567,2,16.0,1,Aucun
02567,3,29.0,2,Primaire
02568,1,47.0,1,Aucun
02568,2,50.0,2,Primaire
02568,3,11.0,2,Primaire
02568,4,22.0,1,Superieur
02568,5,55.0,2,Aucun
02568,6,68.0,2,Superieur
02568,7,72.0,1,Aucun
02569,1,37.0,1,
02569,2,38.0,1,Aucun
02569,3,38.0,1,Primaire
02569,4,64.0,2,Primaire
02569,5,58.0,2,Aucun
02569,6,60.0,1,Primaire
02569,7,55.0,2,Secondaire
02570,1,46.0,1,Secondaire
02570,2,1.0,2,Aucun
02570,3,43.0,2,Primaire
02570,4,9.0,2,Aucun
02570,5,,1,Aucun
02570,6,33.0,1,Aucun
02570,7,6.0,2,Superieur
02570,8,31.0,2,Secondaire
02570,9,19.0,1,Aucun
02570,10,61.0,1,Secondaire
02570,11,31.0,2,Primaire
02571,1,38.0,1,Secondaire
02571,2,60.0,2,Primaire
02571,3,66.0,1,Secondaire
02571,4,68.0,2,Aucun
02571,5,10.0,1,Secondaire
02571,6,35.0,1,Aucun
02571,7,19.0,2,Aucun
02571,8,54.0,1,Primaire
02571,9,73.0,1,Secondaire
02571,10,37.0,1,Primaire
02572,1,47.0,1,Aucun
02572,2,73.0,1,Aucun
02572,3,44.0,1,Aucun
02572,4,32.0,1,Primaire
02572,5,70.0,2,Aucun
02573,1,42.0,1,Aucun
02573,2,30.0,1,Primaire
02573,3,23.0,1,Primaire
02574,1,29.0,1,Secondaire
02574,2,46.0,2,Primaire
02574,3,53.0,1,Primaire
02574,4,52.0,1,Aucun
02574,5,57.0,2,Aucun
02575,1,56.0,2,Aucun
02575,2,45.0,2,Primaire
02575,3,14.0,2,Aucun
02575,4,27.0,2,Aucun
02575,5,36.0,2,Primaire
02576,1,51.0,2,Primaire
02576,2,65.0,1,Secondaire
02576,3,38.0,2,Primaire
02577,1,29.0,1,Aucun
02577,2,39.0,2,Aucun
02577,3,28.0,2,Superieur
02577,4,4.0,1,Aucun
02577,5,61.0,1,Secondaire
02577,6,34.0,1,Primaire
02577,7,12.0,1,Aucun
02577,8,4.0,1,Aucun
02577,9,9.0,1,Primaire
02577,10,47.0,1,Primaire
02578,1,33.0,1,Aucun
02578,2,1.0,1,Aucun
02578,3,23.0,1,Aucun
02578,4,60.0,1,Aucun
02578,5,54.0,1,Primaire
02578,6,22.0,1,Primaire
02578,7,58.0,1,Primaire
02578,8,13.0,1,Primaire
02579,1,,1,Aucun
02579,2,15.0,2,Primaire
02579,3,20.0,1,Aucun
02580,1,47.0,1,Aucun
02580,2,7.0,1,Aucun
02580,3,73.0,2,Aucun
02580,4,58.0,1,Aucun
02581,1,41.0,1,Primaire
02581,2,41.0,1,Secondaire
02581,3,34.0,2,Aucun
02581,4,11.0,1,Primaire
02581,5,36.0,1,Primaire
02581,6,39.0,2,Primaire
02581,7,5.0,2,Aucun
02582,1,42.0,1,
02582,2,32.0,2,Secondaire
02582,3,22.0,1,Primaire
02582,4,38.0,2,Aucun
02582,5,30.0,2,Primaire
02582,6,7.0,2,Secondaire
02582,7,48.0,2,Primaire
02583,1,35.0,2,Primaire
02583,2,48.0,2,Aucun
02583,3,14.0,2,Primaire
02583,4,58.0,1,Secondaire
02583,5,13.0,2,Secondaire
02583,6,54.0,1,Aucun
02583,7,13.0,2,Secondaire
02583,8,44.0,2,Primaire
02583,9,35.0,1,Primaire
02583,10,65.0,1,Primaire
02583,11,28.0,1,Primaire
02584,1,32.0,1,Aucun
02584,2,63.0,1,Aucun
02584,3,40.0,2,Aucun
02584,4,36.0,1,Aucun
02584,5,,1,Primaire
02584,6,49.0,2,Aucun
02584,7,28.0,1,Primaire
02584,8,18.0,2,Aucun
02585,1,45.0,1,Superieur
02585,2,56.0,1,Aucun
02585,3,65.0,1,Aucun
02585,4,60.0,1,Secondaire
02585,5,74.0,1,Aucun
02585,6,41.0,1,Primaire
02585,7,73.0,2,Aucun
02586,1,37.0,1,Primaire
02586,2,44.0,1,Primaire
02586,3,43.0,2,Superieur
02586,4,71.0,1,Secondaire
02586,5,67.0,2,Secondaire
02586,6,8.0,2,Primaire
02586,7,15.0,2,Aucun
02586,8,39.0,1,Secondaire
02586,9,0.0,2,Aucun
02587,1,39.0,1,Aucun
02587,2,14.0,1,Primaire
02587,3,39.0,2,Primaire
02587,4,72.0,1,Primaire
02587,5,71.0,1,Primaire
02587,6,62.0,1,Secondaire
02587,7,49.0,1,Primaire
02587,8,56.0,1,Primaire
02588,1,41.0,1,Primaire
02588,2,49.0,1,Aucun
02588,3,60.0,1,Aucun
02588,4,59.0,1,Primaire
02588,5,7.0,1,
02588,6,39.0,2,Primaire
02588,7,25.0,1,Secondaire
02588,8,70.0,2,
02588,9,35.0,1,
02588,10,48.0,1,Aucun
02589,1,34.0,1,Aucun
02589,2,72.0,2,Aucun
02589,3,45.0,1,Secondaire
02589,4,65.0,2,Aucun
02589,5,25.0,2,Primaire
02589,6,70.0,2,Secondaire
02589,7,62.0,1,Superieur
02589,8,23.0,2,Primaire
02589,9,50.0,2,Primaire
02590,1,47.0,2,
02590,2,31.0,1,Primaire
02590,3,4.0,2,Aucun
02590,4,9.0,2,Primaire
02590,5,53.0,2,Primaire
02590,6,47.0,2,Aucun
02590,7,58.0,1,Primaire
02591,1,42.0,1,Aucun
02591,2,37.0,2,Aucun
02591,3,23.0,1,
02591,4,43.0,2,Secondaire
02591,5,7.0,1,Primaire
02591,6,29.0,1,Primaire
02592,1,45.0,1,Aucun
02592,2,70.0,2,
02592,3,62.0,2,Primaire
02592,4,68.0,1,Primaire
02592,5,20.0,1,Secondaire
02593,1,54.0,1,Primaire
02593,2,30.0,1,Primaire
02593,3,37.0,1,Secondaire
02593,4,4.0,1,Aucun
02593,5,17.0,1,Aucun
02593,6,52.0,1,Secondaire
02594,1,38.0,1,Primaire
02594,2,10.0,2,Primaire
02594,3,72.0,2,
02594,4,2.0,1,Aucun
02594,5,12.0,2,Primaire
02594,6,30.0,2,Primaire
02594,7,46.0,1,Primaire
02594,8,6.0,2,Secondaire
02594,9,52.0,1,Primaire
02595,1,40.0,1,Primaire
02595,2,43.0,2,Aucun
02595,3,6.0,2,Primaire
02595,4,42.0,1,Aucun
02595,5,74.0,2,Aucun
02595,6,62.0,1,Secondaire
02595,7,40.0,1,Aucun
02595,8,51.0,2,Secondaire
02595,9,14.0,2,Aucun
02595,10,68.0,1,Aucun
02596,1,48.0,1,Primaire
02596,2,6.0,2,Primaire
02596,3,46.0,2,Aucun
02596,4,16.0,1,Secondaire
02596,5,66.0,2,Primaire
02596,6,14.0,1,Aucun
02596,7,11.0,2,Aucun
02597,1,34.0,1,Aucun
02597,2,10.0,1,Secondaire
02598,1,53.0,1,
02598,2,53.0,2,Superieur
02598,3,42.0,1,Aucun
02598,4,37.0,2,Primaire
02598,5,21.0,2,Secondaire
02598,6,60.0,1,
02599,1,43.0,1,Aucun
02599,2,68.0,2,Aucun
02599,3,70.0,2,Secondaire
02599,4,55.0,1,Aucun
02599,5,72.0,2,Aucun
02599,6,11.0,2,Secondaire
02599,7,36.0,1,Aucun
02600,1,37.0,1,Primaire
02600,2,9.0,1,Aucun
02600,3,57.0,1,Aucun
02600,4,59.0,2,Secondaire
02600,5,63.0,2,Aucun
02600,6,74.0,1,Aucun
02600,7,42.0,2,Aucun
02600,8,70.0,1,Primaire
02601,1,29.0,1,Aucun
02601,2,5.0,2,Aucun
02601,3,21.0,1,Primaire
02601,4,73.0,1,Primaire
02601,5,27.0,2,Secondaire
02601,6,42.0,2,Primaire
02601,7,6.0,2,Secondaire
02602,1,42.0,1,Aucun
02602,2,61.0,2,Primaire
02602,3,67.0,2,Secondaire
02602,4,17.0,2,Primaire
02602,5,34.0,2,Secondaire
02602,6,,2,Aucun
02602,7,41.0,1,Secondaire
02603,1,57.0,1,Secondaire
02603,2,59.0,1,Aucun
02603,3,1.0,2,Aucun
02603,4,47.0,2,Aucun
02603,5,8.0,1,Aucun
02603,6,71.0,2,Aucun
02603,7,54.0,2,Aucun
02604,1,36.0,1,Aucun
02604,2,68.0,2,Aucun
02604,3,68.0,2,Aucun
02604,4,6.0,2,Secondaire
02605,1,48.0,1,Secondaire
02605,2,55.0,1,Secondaire
02605,3,29.0,1,Aucun
02605,4,20.0,1,Secondaire
02605,5,36.0,2,Secondaire
02605,6,16.0,2,Aucun
02605,7,73.0,1,Primaire
02605,8,11.0,2,Aucun
02605,9,39.0,2,Secondaire
02606,1,48.0,1,Secondaire
02606,2,12.0,1,
02606,3,34.0,1,Aucun
02606,4,0.0,2,Aucun
02606,5,10.0,2,Primaire
02607,1,39.0,2,Aucun
02607,2,72.0,2,Secondaire
02607,3,38.0,1,Secondaire
02608,1,44.0,1,Primaire
02608,2,19.0,2,Aucun
02608,3,69.0,1,Superieur
02608,4,32.0,2,Secondaire
02608,5,33.0,2,Aucun
02608,6,61.0,1,Primaire
02609,1,56.0,1,Superieur
02609,2,66.0,2,Superieur
02609,3,12.0,2,Aucun
02610,1,35.0,1,Aucun
02610,2,62.0,1,Secondaire
02610,3,44.0,1,Aucun
02610,4,45.0,2,
02610,5,64.0,2,Primaire
02610,6,64.0,1,Aucun
02610,7,52.0,1,Primaire
02610,8,40.0,1,Secondaire
02611,1,,1,Aucun
02611,2,14.0,2,Secondaire
02611,3,17.0,1,Secondaire
02611,4,31.0,1,Aucun
02611,5,36.0,2,Aucun
02611,6,29.0,1,Secondaire
02611,7,63.0,1,Secondaire
02612,1,30.0,1,
02612,2,11.0,2,Secondaire
02612,3,30.0,2,Primaire
02612,4,14.0,2,Primaire
02613,1,44.0,1,Secondaire
02613,2,28.0,2,Secondaire
02613,3,0.0,2,Aucun
02613,4,28.0,1,
02613,5,45.0,1,Aucun
02613,6,73.0,2,Secondaire
02613,7,18.0,1,Aucun
02613,8,12.0,2,Primaire
02613,9,67.0,1,Aucun
02613,10,16.0,2,Primaire
02614,1,41.0,2,Aucun
02614,2,47.0,2,Superieur
02614,3,51.0,1,Aucun
02614,4,72.0,2,Secondaire
02614,5,71.0,1,Aucun
02615,1,35.0,1,Aucun
02615,2,29.0,2,Aucun
02615,3,69.0,1,Aucun
02616,1,44.0,1,Aucun
02616,2,17.0,2,Secondaire
02616,3,45.0,1,Primaire
02616,4,42.0,1,Secondaire
02616,5,60.0,1,
02616,6,50.0,1,Aucun
02617,1,58.0,1,Primaire
02617,2,31.0,2,Aucun
02617,3,71.0,2,Aucun
02617,4,17.0,2,Secondaire
02617,5,67.0,1,Primaire
02617,6,28.0,2,Primaire
02617,7,11.0,2,Aucun
02618,1,34.0,1,Secondaire
02618,2,1.0,1,Aucun
02618,3,7.0,2,Primaire
02618,4,23.0,2,Primaire
02618,5,28.0,2,Primaire
02618,6,49.0,2,Aucun
02619,1,32.0,1,Secondaire
02619,2,49.0,2,
02619,3,3.0,1,Aucun
02619,4,66.0,2,Primaire
02620,1,64.0,1,Aucun
02620,2,68.0,1,Secondaire
02620,3,40.0,2,Primaire
02620,4,72.0,2,Secondaire
02620,5,68.0,1,Secondaire
02620,6,33.0,1,Aucun
02621,1,37.0,1,Aucun
02621,2,67.0,1,Primaire
02621,3,14.0,1,Aucun
02621,4,3.0,2,Aucun
02622,1,47.0,1,Primaire
02622,2,52.0,2,Primaire
02622,3,26.0,2,Aucun
02622,4,46.0,1,Primaire
02622,5,32.0,1,Primaire
02622,6,54.0,2,Primaire
02622,7,35.0,1,Primaire
02622,8,46.0,1,Primaire
02622,9,58.0,2,Primaire
02622,10,45.0,1,Secondaire
02622,11,21.0,2,Secondaire
02622,12,49.0,1,Aucun
02623,1,34.0,1,Secondaire
02623,2,68.0,1,Secondaire
02623,3,66.0,1,Primaire
02623,4,10.0,1,Primaire
02624,1,41.0,1,Primaire
02624,2,43.0,1,Primaire
02624,3,58.0,2,Aucun
02624,4,27.0,2,
02624,5,41.0,1,
02624,6,57.0,1,Primaire
02624,7,38.0,2,Aucun
02625,1,42.0,1,Primaire
02625,2,13.0,2,Primaire
02625,3,67.0,2,
02625,4,36.0,1,Primaire
02625,5,53.0,1,Secondaire
02625,6,58.0,1,Aucun
02625,7,25.0,2,
02626,1,48.0,1,Aucun
02626,2,10.0,2,Primaire
02626,3,53.0,1,Primaire
02626,4,18.0,1,Aucun
02627,1,68.0,1,Secondaire
02627,2,1.0,1,Aucun
02627,3,68.0,1,Primaire
02627,4,60.0,1,Aucun
02627,5,33.0,2,Primaire
02627,6,62.0,2,Primaire
02628,1,48.0,1,Aucun
02628,2,47.0,2,Primaire
02628,3,46.0,1,Primaire
02628,4,6.0,1,
02628,5,60.0,2,Primaire
02628,6,57.0,1,Primaire
02628,7,48.0,1,Secondaire
02628,8,31.0,1,Secondaire
02629,1,52.0,1,
02629,2,1.0,1,Aucun
02629,3,49.0,2,Superieur
02629,4,53.0,1,Aucun
02630,1,22.0,2,Primaire
02630,2,8.0,2,Aucun
02630,3,6.0,1,Aucun
02630,4,14.0,2,Primaire
02630,5,70.0,1,Secondaire
02630,6,,2,Secondaire
02630,7,59.0,2,Primaire
02631,1,39.0,1,Aucun
02631,2,16.0,2,
02631,3,45.0,1,Primaire
02631,4,52.0,2,Primaire
02631,5,69.0,1,Aucun
02631,6,21.0,2,Aucun
02631,7,39.0,1,Primaire
02631,8,48.0,2,Secondaire
02631,9,40.0,2,Primaire
02632,1,46.0,2,Aucun
02632,2,74.0,2,Aucun
02633,1,45.0,2,Secondaire
02633,2,7.0,1,Primaire
02633,3,63.0,1,Aucun
02633,4,2.0,1,Aucun
02634,1,58.0,1,Superieur
02634,2,0.0,2,Aucun
02634,3,63.0,2,Primaire
02635,1,48.0,1,Primaire
02635,2,41.0,2,Primaire
02635,3,32.0,1,Aucun
02635,4,68.0,1,Superieur
02635,5,31.0,2,Aucun
02635,6,38.0,1,Secondaire
02635,7,47.0,1,Secondaire
02636,1,45.0,1,Aucun
02636,2,31.0,2,Aucun
02636,3,14.0,2,Primaire
02636,4,39.0,1,Secondaire
02636,5,50.0,1,Secondaire
02636,6,39.0,2,Aucun
02636,7,26.0,1,Primaire
02636,8,44.0,2,Aucun
02637,1,50.0,1,Secondaire
02637,2,17.0,2,Aucun
02637,3,49.0,2,Aucun
02637,4,19.0,2,Secondaire
02637,5,64.0,2,Primaire
02637,6,45.0,1,Aucun
02637,7,67.0,1,Primaire
02637,8,11.0,2,Aucun
02638,1,46.0,2,Primaire
02638,2,17.0,1,Secondaire
02638,3,70.0,2,Aucun
02639,1,39.0,1,Secondaire
02639,2,36.0,2,Secondaire
02639,3,14.0,1,Secondaire
02639,4,49.0,1,Superieur
02639,5,32.0,1,Superieur
02639,6,33.0,1,Aucun
02639,7,29.0,1,Aucun
02640,1,39.0,2,Primaire
02640,2,40.0,2,Superieur
02640,3,20.0,1,Primaire
02640,4,56.0,1,Secondaire
02640,5,58.0,2,Aucun
02640,6,25.0,2,Aucun
02640,7,19.0,1,Aucun
02640,8,43.0,2,Primaire
02640,9,25.0,1,
02640,10,69.0,2,Secondaire
02641,1,29.0,1,Primaire
02641,2,37.0,2,Aucun
02641,3,71.0,2,
02641,4,21.0,2,Aucun
02641,5,54.0,2,Primaire
02641,6,25.0,1,Primaire
02641,7,23.0,2,Aucun
02641,8,39.0,2,Aucun
02641,9,35.0,1,Aucun
02641,10,24.0,2,Secondaire
02641,11,60.0,1,Secondaire
02642,1,39.0,2,Secondaire
02642,2,72.0,1,Aucun
02642,3,1.0,2,Aucun
02642,4,36.0,1,Primaire
02642,5,64.0,2,Primaire
02642,6,23.0,2,Aucun
02643,1,40.0,1,Secondaire
02643,2,62.0,2,Secondaire
02643,3,50.0,1,Secondaire
02643,4,53.0,2,Aucun
02643,5,65.0,1,Primaire
02644,1,52.0,1,Aucun
02644,2,69.0,1,Aucun
02644,3,28.0,1,Secondaire
02645,1,20.0,2,Secondaire
02645,2,68.0,2,Secondaire
02645,3,12.0,1,Aucun
02645,4,49.0,2,Primaire
02645,5,6.0,2,Secondaire
02645,6,2.0,2,Aucun
02646,1,51.0,1,Aucun
02646,2,46.0,2,Aucun
02646,3,66.0,1,Aucun
02646,4,53.0,1,Primaire
02646,5,5.0,1,Aucun
02646,6,13.0,1,Aucun
02647,1,36.0,1,Aucun
02647,2,57.0,2,Primaire
02647,3,54.0,2,Secondaire
02647,4,62.0,1,Primaire
02647,5,61.0,2,Secondaire
02647,6,12.0,1,Aucun
02648,1,54.0,2,Aucun
02648,2,40.0,2,Primaire
02648,3,40.0,1,Primaire
02648,4,35.0,1,Aucun
02648,5,28.0,1,Secondaire
02648,6,3.0,2,Aucun
02648,7,39.0,2,Secondaire
02649,1,20.0,2,Secondaire
02649,2,69.0,2,Secondaire
02649,3,,2,Superieur
02649,4,3.0,2,
02650,1,43.0,1,Aucun
02650,2,52.0,2,Primaire
02650,3,25.0,1,Aucun
02650,4,26.0,1,Secondaire
02650,5,33.0,1,Aucun
02651,1,58.0,1,Secondaire
02651,2,58.0,2,Secondaire
02651,3,2.0,2,Aucun
02652,1,45.0,1,Primaire
02652,2,46.0,2,Aucun
02652,3,19.0,1,Primaire
02652,4,15.0,1,Primaire
02652,5,62.0,1,Primaire
02652,6,43.0,1,Primaire
02653,1,54.0,1,Aucun
02653,2,70.0,1,Secondaire
02653,3,18.0,1,Secondaire
02653,4,50.0,1,Aucun
02654,1,46.0,1,Primaire
02654,2,27.0,1,Aucun
02654,3,15.0,1,Primaire
02654,4,32.0,2,Aucun
02654,5,11.0,1,Primaire
02654,6,4.0,1,Aucun
02654,7,41.0,1,Aucun
02654,8,22.0,2,Secondaire
02654,9,5.0,1,Aucun
02655,1,37.0,1,Primaire
02655,2,25.0,2,Aucun
02655,3,53.0,2,Aucun
02656,1,52.0,1,Secondaire
02656,2,28.0,2,Primaire
02656,3,14.0,1,Secondaire
02656,4,48.0,2,Aucun
02656,5,58.0,1,Aucun
02656,6,72.0,2,Aucun
02656,7,72.0,2,Secondaire
02657,1,59.0,2,Primaire
02657,2,20.0,2,Primaire
02657,3,6.0,1,Aucun
02657,4,49.0,2,
02657,5,35.0,2,Aucun
02657,6,,2,Primaire
02657,7,1.0,2,Aucun
02658,1,58.0,1,Secondaire
02658,2,74.0,2,
02658,3,49.0,2,Aucun
02658,4,32.0,1,Aucun
02658,5,8.0,2,Secondaire
02658,6,47.0,1,Aucun
02658,7,44.0,2,Aucun
02659,1,33.0,1,Aucun
02659,2,5.0,2,Aucun
02659,3,34.0,2,Primaire
02659,4,40.0,2,Aucun
02659,5,30.0,2,
02660,1,58.0,1,Aucun
02660,2,7.0,1,Aucun
02660,3,33.0,2,Aucun
02660,4,43.0,2,Primaire
02660,5,9.0,1,Primaire
02660,6,51.0,2,Primaire
02660,7,39.0,1,Aucun
02660,8,40.0,2,Secondaire
02661,1,42.0,2,Primaire
02661,2,10.0,1,Primaire
02661,3,15.0,1,Aucun
02661,4,19.0,1,
02661,5,8.0,2,Secondaire
02661,6,28.0,1,
02661,7,0.0,2,Aucun
02662,1,50.0,1,Secondaire
02662,2,65.0,1,Aucun
02663,1,38.0,1,Aucun
02663,2,67.0,2,Aucun
02663,3,50.0,2,Primaire
02663,4,38.0,1,Primaire
02663,5,55.0,1,Superieur
02663,6,29.0,2,Aucun
02663,7,67.0,2,Primaire
02663,8,52.0,1,Aucun
02663,9,53.0,1,Secondaire
02664,1,55.0,1,Aucun
02664,2,73.0,2,Aucun
02664,3,9.0,1,Secondaire
02665,1,41.0,1,Aucun
02665,2,45.0,1,Primaire
02665,3,0.0,2,Aucun
02665,4,13.0,1,Secondaire
02665,5,44.0,1,Aucun
02665,6,5.0,1,Aucun
02665,7,41.0,2,Primaire
02665,8,3.0,2,Aucun
02666,1,52.0,1,Secondaire
02666,2,0.0,2,Aucun
02666,3,72.0,1,Superieur
02666,4,55.0,2,Primaire
02666,5,44.0,1,Aucun
02667,1,43.0,1,Superieur
02667,2,73.0,2,Primaire
02667,3,73.0,1,Primaire
02667,4,51.0,1,Primaire
02667,5,56.0,2,Aucun
02667,6,13.0,1,Secondaire
02667,7,11.0,1,Aucun
02667,8,63.0,2,Primaire
02667,9,18.0,1,Primaire
02668,1,55.0,2,Secondaire
02668,2,30.0,1,Secondaire
02668,3,4.0,2,Aucun
02668,4,22.0,2,Secondaire
02668,5,29.0,1,Primaire
02668,6,21.0,1,Aucun
02668,7,41.0,2,Primaire
02669,1,27.0,1,Primaire
02669,2,53.0,2,
02669,3,48.0,1,Secondaire
02669,4,53.0,1,Aucun
02669,5,19.0,2,Aucun
02670,1,33.0,1,Primaire
02670,2,38.0,1,Primaire
02670,3,7.0,2,Primaire
02670,4,73.0,2,Aucun
02670,5,60.0,2,
02670,6,22.0,2,Primaire
02670,7,4.0,2,
02670,8,43.0,2,Secondaire
02670,9,34.0,2,Aucun
02670,10,66.0,1,Aucun
02670,11,60.0,2,Primaire
02671,1,44.0,1,Secondaire
02671,2,18.0,1,Secondaire
02671,3,30.0,2,Aucun
02671,4,11.0,1,Aucun
02672,1,45.0,1,Aucun
02672,2,22.0,1,Secondaire
02672,3,71.0,2,Aucun
02672,4,56.0,1,Aucun
02672,5,2.0,2,Aucun
02672,6,29.0,2,Secondaire
02672,7,64.0,2,Secondaire
02672,8,4.0,2,Aucun
02672,9,22.0,2,Aucun
02672,10,46.0,1,
02673,1,33.0,1,Superieur
02673,2,38.0,1,Secondaire
02673,3,65.0,2,Primaire
02674,1,44.0,1,Primaire
02674,2,31.0,2,Secondaire
02674,3,3.0,1,Aucun
02674,4,47.0,2,Secondaire
02674,5,25.0,1,Secondaire
02674,6,69.0,2,Secondaire
02674,7,62.0,1,Aucun
02674,8,56.0,2,Primaire
02674,9,57.0,2,Secondaire
02675,1,56.0,1,Primaire
02675,2,36.0,2,Secondaire
02675,3,70.0,2,Superieur
02675,4,24.0,1,Aucun
02675,5,35.0,1,Primaire
02676,1,35.0,1,Primaire
02676,2,47.0,2,Primaire
02677,1,44.0,1,Secondaire
02677,2,16.0,1,Primaire
02677,3,7.0,1,Aucun
02677,4,62.0,2,Aucun
02677,5,56.0,2,Primaire
02677,6,5.0,2,Aucun
02677,7,69.0,2,Secondaire
02677,8,37.0,1,
02677,9,47.0,2,Primaire
02677,10,47.0,1,Superieur
02678,1,38.0,1,Primaire
02678,2,24.0,2,Aucun
02678,3,11.0,1,Primaire
02678,4,66.0,2,Aucun
02679,1,66.0,1,Aucun
02679,2,50.0,1,Aucun
02679,3,36.0,1,Secondaire
02679,4,31.0,1,Aucun
02679,5,23.0,2,Secondaire
02679,6,43.0,2,
02679,7,69.0,1,Primaire
02679,8,12.0,2,Aucun
02679,9,19.0,1,
02680,1,56.0,1,Primaire
02680,2,46.0,1,Secondaire
02680,3,46.0,2,Primaire
02680,4,50.0,1,Superieur
02680,5,15.0,2,Secondaire
02681,1,29.0,1,Aucun
02681,2,14.0,1,Secondaire
02681,3,6.0,2,Primaire
02681,4,27.0,2,Primaire
02681,5,17.0,2,Secondaire
02681,6,22.0,1,
02681,7,46.0,1,Primaire
02682,1,35.0,1,
02682,2,66.0,1,Primaire
02682,3,61.0,2,Primaire
02683,1,45.0,1,Primaire
02683,2,27.0,2,Aucun
02683,3,24.0,1,Aucun
02683,4,16.0,1,Secondaire
02683,5,14.0,1,Primaire
02684,1,37.0,1,Superieur
02684,2,45.0,1,Aucun
02684,3,65.0,1,Primaire
02684,4,43.0,2,Secondaire
02684,5,22.0,2,Secondaire
02684,6,2.0,1,Aucun
02684,7,41.0,1,Aucun
02685,1,34.0,1,Aucun
02685,2,28.0,1,Secondaire
02685,3,42.0,2,
02685,4,19.0,2,Primaire
02685,5,36.0,1,Aucun
02685,6,19.0,1,Primaire
02686,1,32.0,1,Aucun
02686,2,28.0,2,Aucun
02686,3,13.0,2,Secondaire
02686,4,27.0,1,Secondaire
02686,5,19.0,2,Secondaire
02686,6,42.0,1,
02686,7,57.0,1,Secondaire
02687,1,48.0,1,Primaire
02687,2,66.0,1,Primaire
02687,3,9.0,2,Primaire
02687,4,40.0,1,Secondaire
02687,5,30.0,1,
02687,6,17.0,2,Aucun
02688,1,49.0,1,Aucun
02688,2,9.0,2,Superieur
02688,3,17.0,2,Aucun
02688,4,32.0,1,Aucun
02689,1,39.0,1,Primaire
02689,2,50.0,1,Primaire
02689,3,13.0,1,Aucun
02689,4,65.0,2,Primaire
02689,5,12.0,2,Primaire
02689,6,22.0,1,Aucun
02689,7,13.0,2,Aucun
02689,8,,2,Aucun
02689,9,4.0,2,Aucun
02689,10,48.0,1,
02689,11,73.0,1,Aucun
02689,12,43.0,1,Primaire
02690,1,41.0,1,Aucun
02690,2,66.0,2,Secondaire
02690,3,6.0,2,Primaire
02690,4,61.0,2,Primaire
02690,5,56.0,2,Primaire
02690,6,30.0,2,Secondaire
02690,7,18.0,1,Aucun
02690,8,26.0,2,Secondaire
02690,9,6.0,2,Primaire
02690,10,72.0,2,Secondaire
02690,11,27.0,2,Aucun
02691,1,67.0,1,Primaire
02691,2,28.0,2,
02691,3,30.0,1,Primaire
02691,4,72.0,2,Superieur
02691,5,43.0,1,
02691,6,30.0,2,Aucun
02691,7,27.0,2,Aucun
02692,1,41.0,1,Aucun
02692,2,73.0,1,Primaire
02692,3,9.0,2,Aucun
02692,4,0.0,2,Aucun
02692,5,1.0,1,Aucun
02692,6,60.0,1,Superieur
02692,7,23.0,1,Secondaire
02693,1,30.0,1,Aucun
02693,2,39.0,2,Aucun
02693,3,5.0,2,Aucun
02693,4,17.0,1,Aucun
02693,5,68.0,2,Secondaire
02693,6,22.0,2,Secondaire
02694,1,53.0,2,Secondaire
02694,2,47.0,2,
02694,3,74.0,2,Primaire
02694,4,47.0,2,Primaire
02694,5,39.0,2,Aucun
02695,1,35.0,2,Aucun
02695,2,53.0,2,Secondaire
02695,3,31.0,2,Aucun
02695,4,55.0,1,Aucun
02695,5,73.0,2,Aucun
02695,6,17.0,1,Secondaire
02696,1,35.0,1,Superieur
02696,2,58.0,2,Aucun
02696,3,62.0,2,Aucun
02696,4,5.0,1,Aucun
02696,5,56.0,2,Secondaire
02697,1,35.0,1,Aucun
02697,2,45.0,2,Secondaire
02697,3,36.0,1,Aucun
02697,4,3.0,2,Aucun
02697,5,29.0,1,Primaire
02697,6,23.0,1,Aucun
02698,1,37.0,2,
02698,2,18.0,1,Superieur
02698,3,20.0,2,Primaire
02698,4,58.0,2,Primaire
02698,5,20.0,1,Aucun
02698,6,63.0,2,Primaire
02698,7,10.0,2,Aucun
02698,8,34.0,1,Secondaire
02699,1,40.0,2,Aucun
02699,2,57.0,1,Aucun
02699,3,56.0,2,Aucun
02699,4,0.0,1,Aucun
02700,1,37.0,1,Primaire
02700,2,56.0,2,Aucun
02700,3,54.0,2,Aucun
02700,4,22.0,1,Primaire
02700,5,27.0,2,Primaire
02700,6,3.0,1,Aucun
02700,7,43.0,2,Secondaire
02700,8,30.0,1,Aucun
02701,1,44.0,1,Aucun
02701,2,30.0,2,Primaire
02701,3,33.0,2,Aucun
02701,4,46.0,2,Aucun
02701,5,19.0,2,Aucun
02702,1,55.0,1,Aucun
02702,2,44.0,2,Primaire
02702,3,38.0,1,Primaire
02702,4,70.0,1,Aucun
02702,5,73.0,1,Aucun
02702,6,,1,Secondaire
02702,7,55.0,2,Aucun
02703,1,44.0,1,Aucun
02703,2,24.0,1,Secondaire
02703,3,66.0,2,Primaire
02703,4,21.0,2,Aucun
02703,5,63.0,2,Secondaire
02704,1,41.0,1,Aucun
02704,2,27.0,1,Secondaire
02704,3,37.0,2,
02704,4,,1,Primaire
02704,5,19.0,1,Primaire
02704,6,29.0,2,Primaire
02704,7,17.0,1,Aucun
02705,1,50.0,1,Secondaire
02705,2,17.0,2,Primaire
02705,3,67.0,1,Secondaire
02705,4,42.0,2,Aucun
02705,5,41.0,1,Aucun
02705,6,6.0,1,Aucun
02705,7,50.0,1,Primaire
02705,8,0.0,2,
02706,1,51.0,1,Aucun
02706,2,69.0,2,Primaire
02706,3,66.0,2,Aucun
02707,1,74.0,1,Secondaire
02707,2,42.0,1,Aucun
02707,3,64.0,2,Secondaire
02707,4,47.0,1,Secondaire
02707,5,9.0,1,Primaire
02707,6,22.0,2,Secondaire
02707,7,8.0,2,Aucun
02707,8,42.0,2,Primaire
02708,1,25.0,1,Aucun
02708,2,65.0,1,Primaire
02708,3,51.0,1,Aucun
02709,1,46.0,1,Primaire
02709,2,57.0,1,Primaire
02709,3,53.0,2,Secondaire
02710,1,44.0,1,Primaire
02710,2,24.0,1,Primaire
02710,3,19.0,2,Aucun
02710,4,13.0,2,
02711,1,42.0,1,Aucun
02711,2,43.0,1,Secondaire
02712,1,30.0,1,Primaire
02712,2,36.0,2,Primaire
02712,3,19.0,1,Primaire
02712,4,23.0,1,Primaire
02712,5,45.0,1,Aucun
02712,6,39.0,1,Superieur
02712,7,2.0,1,Aucun
02712,8,2.0,2,Aucun
02712,9,63.0,1,Primaire
02712,10,41.0,1,Secondaire
02713,1,41.0,1,Secondaire
02713,2,,2,Aucun
02713,3,31.0,1,Aucun
02713,4,,2,Secondaire
02713,5,60.0,2,
02713,6,0.0,1,Aucun
02714,1,38.0,1,Aucun
02714,2,0.0,1,Aucun
02714,3,14.0,1,Secondaire
02714,4,33.0,1,Secondaire
02715,1,43.0,1,Aucun
02715,2,38.0,1,Aucun
02715,3,12.0,2,Primaire
02715,4,13.0,1,Aucun
02715,5,68.0,1,Aucun
02715,6,26.0,1,Primaire
02715,7,40.0,2,Superieur
02715,8,63.0,1,Aucun
02716,1,33.0,1,Superieur
02717,1,31.0,1,Superieur
02717,2,1.0,1,Aucun
02717,3,57.0,2,Primaire
02717,4,51.0,1,Primaire
02717,5,1.0,1,Aucun
02717,6,7.0,1,Aucun
02718,1,40.0,1,Aucun
02718,2,14.0,2,Primaire
02718,3,67.0,2,Secondaire
02719,1,20.0,2,Aucun
02719,2,39.0,2,
02719,3,20.0,2,Aucun
02719,4,53.0,1,Aucun
02719,5,8.0,1,Aucun
02719,6,51.0,2,Primaire
02720,1,44.0,2,Aucun
02720,2,70.0,2,Primaire
02720,3,6.0,2,Secondaire
02721,1,46.0,1,Aucun
02721,2,72.0,2,Aucun
02721,3,31.0,2,Superieur
02721,4,28.0,2,Secondaire
02721,5,,1,
02721,6,56.0,2,Aucun
02721,7,,1,Aucun
02721,8,63.0,1,Primaire
02722,1,46.0,1,Secondaire
02722,2,19.0,1,Primaire
02722,3,11.0,1,Primaire
02722,4,69.0,2,Primaire
02722,5,9.0,1,
02722,6,39.0,2,Secondaire
02722,7,67.0,1,Secondaire
02723,1,55.0,1,Aucun
02723,2,65.0,2,Aucun
02723,3,4.0,1,Aucun
02723,4,23.0,2,Aucun
02723,5,27.0,1,Superieur
02724,1,36.0,1,Aucun
02724,2,49.0,1,Aucun
02724,3,12.0,2,Aucun
02724,4,57.0,2,Aucun
02724,5,0.0,2,Aucun
02724,6,9.0,2,Secondaire
02725,1,36.0,2,Aucun
02725,2,60.0,2,Aucun
02726,1,56.0,1,Primaire
02726,2,4.0,1,Aucun
02726,3,13.0,2,Secondaire
02726,4,44.0,2,Aucun
02726,5,37.0,1,Primaire
02726,6,53.0,1,Aucun
02726,7,47.0,2,Secondaire
02726,8,74.0,1,Primaire
02726,9,57.0,2,
02726,10,1.0,2,Aucun
02726,11,32.0,1,Aucun
02727,1,37.0,1,Primaire
02727,2,67.0,1,Secondaire
02727,3,11.0,1,Primaire
02727,4,45.0,2,Aucun
02727,5,54.0,1,Secondaire
02727,6,34.0,1,Aucun
02728,1,60.0,1,Aucun
02728,2,34.0,2,Primaire
02728,3,47.0,1,Secondaire
02728,4,31.0,2,Aucun
02728,5,54.0,2,Secondaire
02728,6,57.0,2,Primaire
02728,7,58.0,2,Primaire
02729,1,29.0,1,Aucun
02729,2,73.0,1,Secondaire
02729,3,66.0,1,Secondaire
02729,4,4.0,2,
02729,5,20.0,2,Aucun
02729,6,53.0,1,Primaire
02730,1,39.0,1,Aucun
02730,2,13.0,2,Secondaire
02731,1,41.0,1,Primaire
02731,2,16.0,2,Secondaire
02731,3,56.0,1,Primaire
02731,4,10.0,2,Primaire
02731,5,,1,Primaire
02731,6,25.0,1,Primaire
02731,7,56.0,1,Secondaire
02731,8,28.0,2,Primaire
02731,9,74.0,1,Secondaire
02732,1,49.0,1,Aucun
02732,2,37.0,1,Aucun
02732,3,43.0,1,Secondaire
02732,4,74.0,2,Secondaire
02732,5,57.0,2,Secondaire
02732,6,70.0,2,Aucun
02732,7,2.0,1,Aucun
02733,1,40.0,2,Secondaire
02733,2,4.0,2,Aucun
02733,3,53.0,2,Secondaire
02733,4,24.0,1,Superieur
02733,5,30.0,2,Aucun
02733,6,42.0,2,Aucun
02733,7,54.0,1,Primaire
02734,1,28.0,1,
02734,2,11.0,1,Aucun
02734,3,43.0,2,Aucun
02734,4,74.0,2,Aucun
02734,5,44.0,1,Aucun
02734,6,63.0,2,Primaire
02735,1,50.0,1,Aucun
02735,2,12.0,1,Primaire
02735,3,74.0,2,Primaire
02735,4,43.0,1,Primaire
02736,1,34.0,1,Aucun
02736,2,5.0,1,Aucun
02736,3,56.0,1,Primaire
02736,4,31.0,2,Primaire
02736,5,8.0,1,Aucun
02736,6,5.0,2,Aucun
02736,7,30.0,2,Secondaire
02737,1,56.0,1,Aucun
02737,2,1.0,2,Aucun
02737,3,53.0,1,Primaire
02737,4,5.0,2,Aucun
02737,5,10.0,2,Primaire
02737,6,45.0,1,Primaire
02738,1,50.0,1,Aucun
02738,2,61.0,1,Aucun
02738,3,35.0,1,Primaire
02739,1,51.0,2,
02739,2,14.0,1,Aucun
02739,3,28.0,1,
02739,4,10.0,1,Secondaire
02739,5,16.0,2,Secondaire
02739,6,32.0,2,Aucun
02739,7,30.0,1,Primaire
02739,8,56.0,1,Primaire
02740,1,27.0,1,Superieur
02740,2,8.0,1,Secondaire
02740,3,67.0,1,Aucun
02740,4,29.0,2,
02740,5,16.0,2,Aucun
02741,1,36.0,1,
02741,2,59.0,1,Primaire
02741,3,42.0,2,Superieur
02741,4,53.0,2,Primaire
02741,5,32.0,2,Primaire
02741,6,,2,Aucun
02742,1,38.0,1,Primaire
02742,2,25.0,2,Aucun
02742,3,29.0,2,Aucun
02742,4,62.0,2,Secondaire
02742,5,13.0,2,Primaire
02742,6,70.0,1,Aucun
02742,7,66.0,1,Aucun
02742,8,44.0,2,Aucun
02743,1,46.0,1,Aucun
02743,2,16.0,2,Aucun
02743,3,56.0,1,Aucun
02743,4,16.0,1,Primaire
02743,5,67.0,2,
02743,6,57.0,1,Superieur
02744,1,50.0,1,Superieur
02744,2,63.0,2,
02744,3,18.0,2,Primaire
02745,1,51.0,1,Primaire
02745,2,4.0,2,Aucun
02745,3,2.0,2,Aucun
02745,4,73.0,2,Aucun
02745,5,25.0,1,Aucun
02745,6,13.0,2,Aucun
02745,7,40.0,1,Primaire
02745,8,50.0,2,Primaire
02745,9,41.0,2,Secondaire
02745,10,29.0,1,Aucun
02745,11,31.0,1,Aucun
02746,1,45.0,1,Primaire
02746,2,60.0,2,Aucun
02746,3,31.0,1,Secondaire
02746,4,,2,Aucun
02746,5,48.0,1,Primaire
02746,6,57.0,1,Primaire
02747,1,40.0,1,Secondaire
02747,2,40.0,1,Primaire
02747,3,41.0,2,Primaire
02747,4,39.0,1,Primaire
02747,5,11.0,1,Superieur
02747,6,27.0,1,Secondaire
02747,7,67.0,2,Aucun
02748,1,37.0,2,Primaire
02748,2,56.0,1,Aucun
02748,3,62.0,2,Primaire
02748,4,46.0,1,Secondaire
02748,5,13.0,1,Secondaire
02748,6,50.0,2,Primaire
02748,7,72.0,1,Aucun
02748,8,53.0,1,Primaire
02749,1,52.0,1,Aucun
02749,2,39.0,1,Aucun
02749,3,12.0,2,Secondaire
02749,4,26.0,1,Superieur
02749,5,12.0,2,Secondaire
02749,6,5.0,2,Aucun
02750,1,35.0,1,Secondaire
02750,2,3.0,1,Aucun
02750,3,63.0,2,Primaire
02750,4,55.0,2,Aucun
02750,5,24.0,1,
02750,6,54.0,2,Primaire
02751,1,46.0,2,Aucun
02751,2,51.0,1,Aucun
02751,3,74.0,2,Aucun
02751,4,7.0,1,
02751,5,15.0,1,Secondaire
02751,6,1.0,2,Aucun
02751,7,12.0,1,Primaire
02752,1,20.0,1,Aucun
02752,2,52.0,2,Secondaire
02752,3,73.0,1,Aucun
02753,1,39.0,1,Aucun
02753,2,59.0,2,Secondaire
02753,3,31.0,1,Aucun
02753,4,68.0,1,Primaire
02754,1,38.0,1,Aucun
02754,2,20.0,1,Aucun
02754,3,26.0,2,Aucun
02754,4,34.0,2,Primaire
02754,5,48.0,1,Primaire
02754,6,40.0,1,Aucun
02754,7,54.0,1,Primaire
02754,8,72.0,1,Primaire
02754,9,28.0,2,Aucun
02754,10,71.0,2,Primaire
02755,1,37.0,2,Primaire
02755,2,49.0,1,Primaire
02755,3,51.0,2,Aucun
02755,4,74.0,2,Primaire
02755,5,29.0,1,Primaire
02755,6,60.0,1,Primaire
02756,1,54.0,1,Aucun
02756,2,,2,Primaire
02756,3,34.0,2,Secondaire
02756,4,73.0,1,Primaire
02757,1,40.0,1,Aucun
02757,2,68.0,1,Secondaire
02757,3,16.0,1,Aucun
02757,4,6.0,2,Secondaire
02757,5,8.0,1,Primaire
02757,6,26.0,2,Primaire
02758,1,49.0,1,Aucun
02758,2,,2,Secondaire
02758,3,6.0,1,Aucun
02758,4,58.0,2,Aucun
02758,5,61.0,2,Secondaire
02758,6,67.0,1,Primaire
02759,1,46.0,2,Aucun
02759,2,25.0,1,Aucun
02759,3,74.0,1,Primaire
02759,4,72.0,1,
02759,5,62.0,2,Secondaire
02759,6,30.0,1,
02759,7,20.0,2,Aucun
02760,1,39.0,2,Primaire
02760,2,23.0,1,Primaire
02760,3,69.0,2,Primaire
02760,4,9.0,1,Superieur
02760,5,45.0,1,Superieur
02760,6,35.0,2,Primaire
02760,7,22.0,1,Primaire
02761,1,53.0,2,Superieur
02761,2,43.0,1,Primaire
02761,3,56.0,1,Aucun
02761,4,49.0,2,Primaire
02761,5,26.0,2,Primaire
02761,6,16.0,2,Aucun
02762,1,40.0,1,Aucun
02762,2,50.0,1,Primaire
02762,3,7.0,2,Secondaire
02762,4,25.0,1,Primaire
02762,5,16.0,1,Aucun
02762,6,70.0,2,Superieur
02763,1,44.0,1,Aucun
02763,2,36.0,1,Primaire
02763,3,13.0,1,Primaire
02763,4,6.0,2,Primaire
02763,5,10.0,1,Aucun
02763,6,58.0,2,Secondaire
02763,7,32.0,2,Superieur
02763,8,48.0,1,Primaire
02763,9,69.0,2,Primaire
02764,1,43.0,1,Aucun
02764,2,46.0,1,Primaire
02764,3,32.0,1,Primaire
02764,4,29.0,2,Aucun
02764,5,70.0,1,Aucun
02764,6,19.0,1,Aucun
02764,7,20.0,2,Secondaire
02765,1,43.0,1,Aucun
02765,2,67.0,1,Secondaire
02765,3,66.0,2,Secondaire
02765,4,40.0,1,Aucun
02765,5,45.0,1,Primaire
02765,6,61.0,1,Aucun
02765,7,58.0,2,Aucun
02765,8,71.0,1,Aucun
02765,9,74.0,2,Primaire
02766,1,50.0,1,Primaire
02766,2,72.0,1,Primaire
02766,3,67.0,1,
02766,4,59.0,2,Aucun
02766,5,55.0,2,Aucun
02766,6,8.0,1,Aucun
02766,7,25.0,1,
02766,8,53.0,1,Aucun
02766,9,72.0,1,Superieur
02767,1,26.0,1,
02767,2,56.0,1,Superieur
02768,1,35.0,1,Primaire
02768,2,66.0,1,Secondaire
02768,3,52.0,1,Aucun
02768,4,11.0,1,Primaire
02768,5,8.0,1,Secondaire
02768,6,58.0,2,Primaire
02769,1,52.0,1,Aucun
02769,2,47.0,2,Secondaire
02769,3,17.0,1,Primaire
02769,4,56.0,2,Aucun
02769,5,34.0,2,
02769,6,43.0,2,Aucun
02769,7,40.0,2,Primaire
02769,8,65.0,2,Secondaire
02769,9,39.0,1,Secondaire
02770,1,41.0,2,
02770,2,10.0,2,Secondaire
02770,3,38.0,2,Aucun
02770,4,38.0,2,Secondaire
02770,5,43.0,1,Aucun
02770,6,19.0,1,Secondaire
02771,1,37.0,1,Primaire
02771,2,23.0,1,Aucun
02771,3,65.0,2,Aucun
02771,4,68.0,2,Secondaire
02771,5,8.0,2,Aucun
02772,1,46.0,2,Primaire
02772,2,45.0,1,Aucun
02772,3,57.0,1,
02772,4,57.0,1,Aucun
02772,5,44.0,2,Primaire
02772,6,64.0,1,Primaire
02772,7,53.0,1,Superieur
02772,8,66.0,2,Primaire
02773,1,46.0,2,Primaire
02773,2,73.0,1,Secondaire
02773,3,11.0,1,Secondaire
02773,4,62.0,2,Aucun
02773,5,33.0,1,Primaire
02773,6,31.0,1,Aucun
02773,7,70.0,2,Primaire
02773,8,52.0,1,Primaire
02773,9,13.0,1,Primaire
02774,1,42.0,1,Superieur
02774,2,43.0,2,Primaire
02774,3,7.0,1,Aucun
02774,4,26.0,2,Primaire
02774,5,16.0,2,Aucun
02774,6,72.0,1,Secondaire
02774,7,57.0,1,Primaire
02775,1,60.0,1,Primaire
02775,2,8.0,2,Primaire
02775,3,27.0,2,Secondaire
02775,4,14.0,2,Secondaire
02775,5,54.0,2,
02775,6,22.0,1,Secondaire
02775,7,20.0,2,Aucun
02775,8,20.0,2,Secondaire
02775,9,61.0,1,Secondaire
02775,10,2.0,2,Aucun
02775,11,73.0,1,Primaire
02775,12,21.0,1,Primaire
02775,13,22.0,1,Aucun
02776,1,47.0,2,Secondaire
02776,2,41.0,1,Aucun
02776,3,49.0,1,Aucun
02776,4,52.0,1,Aucun
02776,5,71.0,2,Aucun
02776,6,2.0,2,Aucun
02776,7,54.0,1,Primaire
02776,8,62.0,2,Primaire
02776,9,,2,Aucun
02776,10,52.0,1,Secondaire
02776,11,59.0,2,Primaire
02777,1,39.0,1,Primaire
02777,2,6.0,2,Aucun
02777,3,48.0,2,Aucun
02777,4,52.0,1,Aucun
02777,5,12.0,1,Aucun
02777,6,34.0,1,Secondaire
02777,7,68.0,2,Primaire
02777,8,70.0,1,Primaire
02777,9,58.0,1,Primaire
02777,10,62.0,2,Aucun
02777,11,25.0,2,Aucun
02778,1,44.0,1,Primaire
02778,2,17.0,2,Aucun
02778,3,61.0,2,
02778,4,6.0,2,Aucun
02778,5,3.0,2,Aucun
02779,1,43.0,1,Aucun
02779,2,49.0,2,Secondaire
02779,3,20.0,2,Aucun
02779,4,41.0,2,Superieur
02779,5,31.0,1,Secondaire
02779,6,34.0,1,
02780,1,27.0,1,Primaire
02780,2,0.0,2,Aucun
02780,3,55.0,2,Secondaire
02780,4,21.0,2,Primaire
02780,5,67.0,2,Aucun
02780,6,,1,Aucun
02780,7,36.0,1,
02781,1,,1,Primaire
02781,2,43.0,2,Secondaire
02781,3,3.0,2,Aucun
02781,4,32.0,1,Aucun
02781,5,67.0,1,Primaire
02781,6,71.0,1,Primaire
02781,7,53.0,2,Primaire
02781,8,26.0,1,Aucun
02781,9,64.0,2,
02782,1,57.0,1,Aucun
02782,2,28.0,2,Primaire
02782,3,47.0,1,Aucun
02782,4,19.0,1,Aucun
02782,5,36.0,1,Primaire
02783,1,32.0,2,Secondaire
02783,2,9.0,1,Primaire
02783,3,48.0,2,Secondaire
02783,4,41.0,2,Aucun
02783,5,4.0,2,Aucun
02783,6,24.0,1,Primaire
02783,7,10.0,1,Primaire
02784,1,42.0,1,Secondaire
02784,2,57.0,2,Primaire
02784,3,73.0,2,Aucun
02784,4,34.0,2,Superieur
02784,5,48.0,2,Aucun
02784,6,63.0,2,Aucun
02784,7,54.0,2,Primaire
02784,8,32.0,2,Primaire
02785,1,54.0,1,Aucun
02785,2,51.0,1,Superieur
02785,3,12.0,1,Primaire
02785,4,,1,Primaire
02785,5,46.0,2,Secondaire
02785,6,11.0,2,Primaire
02786,1,46.0,1,Aucun
02786,2,32.0,2,Secondaire
02786,3,30.0,2,Aucun
02786,4,15.0,1,Primaire
02786,5,30.0,1,Aucun
02786,6,13.0,1,Aucun
02786,7,57.0,1,Primaire
02786,8,57.0,2,Primaire
02787,1,35.0,1,Aucun
02787,2,72.0,2,Aucun
02787,3,13.0,2,Superieur
02788,1,41.0,2,Secondaire
02788,2,8.0,2,Primaire
02788,3,46.0,2,Primaire
02788,4,30.0,1,Primaire
02789,1,47.0,1,Primaire
02789,2,9.0,1,Aucun
02789,3,53.0,2,Aucun
02789,4,19.0,1,Secondaire
02789,5,44.0,2,
02789,6,15.0,2,Secondaire
02789,7,63.0,1,Aucun
02789,8,55.0,1,Primaire
02789,9,66.0,1,Primaire
02789,10,65.0,1,Primaire
02790,1,60.0,1,Secondaire
02790,2,25.0,2,Primaire
02790,3,8.0,1,
02790,4,45.0,1,Aucun
02790,5,13.0,2,Aucun
02790,6,64.0,1,Primaire
02791,1,38.0,1,Aucun
02791,2,30.0,1,Primaire
02791,3,28.0,1,Secondaire
02791,4,,2,Secondaire
02791,5,6.0,2,Secondaire
02791,6,28.0,2,Secondaire
02791,7,,1,Aucun
02791,8,34.0,1,Aucun
02791,9,10.0,2,Primaire
02791,10,61.0,2,Aucun
02791,11,46.0,2,Secondaire
02791,12,66.0,2,Secondaire
02791,13,7.0,1,Primaire
02791,14,41.0,1,Secondaire
02791,15,20.0,2,Secondaire
02792,1,34.0,1,Aucun
02792,2,5.0,2,
02792,3,27.0,2,Secondaire
02792,4,54.0,2,Aucun
02792,5,11.0,1,Primaire
02792,6,4.0,2,Aucun
02792,7,27.0,1,Primaire
02792,8,49.0,2,Aucun
02792,9,49.0,2,Aucun
02793,1,42.0,1,Secondaire
02793,2,25.0,2,Primaire
02793,3,11.0,1,Secondaire
02793,4,38.0,1,Aucun
02793,5,46.0,1,Secondaire
02793,6,29.0,2,Aucun
02793,7,0.0,2,Aucun
02794,1,63.0,2,Aucun
02794,2,66.0,2,Aucun
02794,3,12.0,1,Aucun
02795,1,30.0,2,Secondaire
02795,2,39.0,1,Primaire
02795,3,26.0,2,
02795,4,71.0,2,Aucun
02795,5,38.0,2,Secondaire
02795,6,0.0,2,Aucun
02795,7,27.0,1,Aucun
02795,8,38.0,1,Primaire
02795,9,73.0,2,Aucun
02795,10,54.0,1,Secondaire
02795,11,16.0,2,
02795,12,42.0,1,Superieur
02796,1,,1,Primaire
02796,2,56.0,1,Secondaire
02796,3,47.0,1,Aucun
02796,4,68.0,1,Primaire
02796,5,23.0,1,Secondaire
02797,1,43.0,1,Primaire
02797,2,2.0,1,Aucun
02797,3,12.0,2,Secondaire
02797,4,42.0,1,Primaire
02797,5,66.0,1,Aucun
02797,6,25.0,1,Aucun
02797,7,4.0,2,Aucun
02797,8,6.0,1,Primaire
02798,1,21.0,1,Aucun
02798,2,5.0,2,Aucun
02798,3,45.0,2,Primaire
02798,4,18.0,2,Secondaire
02798,5,72.0,2,Secondaire
02798,6,55.0,1,Aucun
02799,1,37.0,1,
02799,2,34.0,1,Aucun
02799,3,70.0,1,Secondaire
02799,4,,1,Aucun
02800,1,43.0,2,Aucun
02800,2,21.0,1,Secondaire
02800,3,,1,Superieur
02800,4,26.0,1,Primaire
02800,5,7.0,2,Aucun
02800,6,44.0,1,Aucun
02800,7,44.0,2,Aucun
02801,1,62.0,2,Aucun
02801,2,65.0,1,Aucun
02801,3,51.0,2,Secondaire
02801,4,9.0,2,Secondaire
02802,1,45.0,1,Aucun
02802,2,34.0,2,Primaire
02802,3,31.0,2,Secondaire
02802,4,13.0,1,Aucun
02802,5,60.0,2,Aucun
02802,6,37.0,1,Aucun
02802,7,34.0,1,Aucun
02803,1,,1,Aucun
02803,2,59.0,2,Primaire
02803,3,46.0,1,Primaire
02803,4,36.0,1,Aucun
02803,5,3.0,1,Aucun
02803,6,21.0,1,Aucun
02803,7,55.0,2,Aucun
02803,8,17.0,1,Aucun
02803,9,7.0,1,Secondaire
02804,1,42.0,2,Secondaire
02804,2,1.0,1,Aucun
02804,3,22.0,2,
02804,4,69.0,2,Secondaire
02804,5,44.0,1,Aucun
02805,1,46.0,1,Aucun
02805,2,61.0,1,Primaire
02805,3,26.0,2,Primaire
02805,4,63.0,2,Aucun
02805,5,46.0,2,Primaire
02805,6,67.0,1,Aucun
02805,7,29.0,1,Aucun
02805,8,19.0,2,Primaire
02806,1,44.0,1,Aucun
02806,2,9.0,1,Primaire
02806,3,21.0,2,Primaire
02806,4,32.0,1,Aucun
02806,5,4.0,1,Aucun
02806,6,3.0,1,Aucun
02806,7,3.0,1,
02806,8,43.0,2,Aucun
02806,9,,2,Aucun
02807,1,34.0,1,Aucun
02807,2,4.0,1,Aucun
02807,3,68.0,1,
02807,4,56.0,2,Aucun
02807,5,35.0,1,Secondaire
02807,6,1.0,1,Aucun
02808,1,55.0,2,Primaire
02808,2,13.0,1,
02808,3,45.0,1,Primaire
02808,4,39.0,2,Secondaire
02808,5,17.0,2,Aucun
02808,6,20.0,2,Primaire
02809,1,28.0,1,Aucun
02809,2,34.0,1,Secondaire
02809,3,60.0,2,Aucun
02809,4,66.0,2,Primaire
02809,5,27.0,2,Aucun
02809,6,27.0,1,Primaire
02809,7,0.0,2,Aucun
02809,8,37.0,1,Aucun
02809,9,39.0,2,Secondaire
02809,10,21.0,1,Primaire
02809,11,32.0,1,Secondaire
02809,12,52.0,1,Aucun
02810,1,41.0,1,Aucun
02810,2,15.0,2,Aucun
02810,3,3.0,2,Aucun
02810,4,15.0,1,Primaire
02810,5,55.0,1,Primaire
02811,1,28.0,1,Secondaire
02811,2,60.0,1,Aucun
02811,3,9.0,2,Primaire
02811,4,16.0,2,Secondaire
02812,1,42.0,2,Aucun
02812,2,44.0,1,Primaire
02812,3,37.0,2,Secondaire
02812,4,34.0,2,Aucun
02812,5,36.0,2,Secondaire
02812,6,52.0,1,Primaire
02812,7,16.0,2,Primaire
02812,8,37.0,2,
02812,9,49.0,1,Aucun
02812,10,,1,Primaire
02812,11,62.0,2,Primaire
02812,12,51.0,2,Aucun
02812,13,69.0,1,Primaire
02812,14,5.0,2,Aucun
02812,15,14.0,2,Aucun
02813,1,50.0,1,Primaire
02813,2,3.0,2,Aucun
02813,3,41.0,1,Aucun
02813,4,0.0,1,Aucun
02813,5,64.0,1,Superieur
02813,6,23.0,2,Aucun
02813,7,28.0,2,Primaire
02813,8,15.0,1,Aucun
02813,9,6.0,1,Secondaire
02814,1,48.0,1,Primaire
02814,2,47.0,2,Secondaire
02814,3,69.0,2,Primaire
02814,4,28.0,2,Aucun
02814,5,19.0,2,Primaire
02814,6,47.0,2,Superieur
02814,7,3.0,1,Aucun
02815,1,29.0,1,
02815,2,48.0,1,Secondaire
02815,3,23.0,2,Aucun
02815,4,61.0,2,Aucun
02815,5,0.0,1,Aucun
02816,1,59.0,1,Aucun
02816,2,14.0,1,Aucun
02816,3,72.0,1,Aucun
02816,4,1.0,2,Aucun
02816,5,61.0,1,Primaire
02816,6,35.0,1,Secondaire
02817,1,35.0,1,Aucun
02817,2,50.0,2,Aucun
02817,3,70.0,2,Aucun
02817,4,63.0,2,Secondaire
02817,5,56.0,2,Aucun
02817,6,69.0,2,Aucun
02818,1,55.0,1,Aucun
02818,2,1.0,1,Aucun
02818,3,13.0,2,Primaire
02818,4,8.0,2,Aucun
02819,1,55.0,1,Primaire
02819,2,30.0,2,Aucun
02819,3,2.0,2,Aucun
02819,4,65.0,1,Primaire
02819,5,32.0,1,Primaire
02819,6,63.0,2,Secondaire
02819,7,29.0,2,Secondaire
02820,1,39.0,2,Primaire
02820,2,61.0,2,
02820,3,38.0,2,Secondaire
02820,4,35.0,1,Primaire
02820,5,18.0,1,Aucun
02821,1,39.0,2,Secondaire
02821,2,34.0,1,Superieur
02821,3,34.0,1,Primaire
02821,4,21.0,2,Aucun
02822,1,40.0,1,Primaire
02822,2,16.0,2,Secondaire
02822,3,60.0,1,Primaire
02822,4,19.0,1,Primaire
02822,5,71.0,1,Aucun
02822,6,6.0,2,Secondaire
02822,7,6.0,2,Aucun
02822,8,2.0,2,Aucun
02822,9,21.0,2,Aucun
02822,10,7.0,1,Aucun
02823,1,47.0,1,Primaire
02823,2,24.0,2,Primaire
02823,3,3.0,2,Aucun
02823,4,3.0,1,Aucun
02823,5,10.0,1,Aucun
02824,1,26.0,1,Aucun
02824,2,20.0,1,
02824,3,48.0,1,Aucun
02824,4,61.0,2,
02824,5,46.0,1,Primaire
02824,6,59.0,1,Aucun
02825,1,32.0,1,Primaire
02825,2,9.0,2,Primaire
02825,3,18.0,2,
02825,4,70.0,1,Primaire
02825,5,50.0,2,Secondaire
02825,6,56.0,1,Aucun
02825,7,56.0,2,Secondaire
02825,8,51.0,1,Primaire
02825,9,43.0,1,Secondaire
02825,10,47.0,2,Primaire
02826,1,66.0,1,Aucun
02826,2,35.0,1,
02826,3,66.0,1,Aucun
02826,4,18.0,1,Primaire
02826,5,62.0,1,Secondaire
02826,6,10.0,2,Aucun
02826,7,17.0,1,Primaire
02826,8,19.0,1,Aucun
02826,9,4.0,1,Aucun
02827,1,54.0,1,Aucun
02827,2,66.0,2,Aucun
02827,3,35.0,2,
02827,4,48.0,1,Secondaire
02827,5,12.0,1,
02828,1,26.0,2,Primaire
02828,2,,1,Aucun
02828,3,14.0,2,
02828,4,55.0,1,Secondaire
02828,5,25.0,1,Primaire
02828,6,47.0,2,Secondaire
02828,7,12.0,1,Primaire
02828,8,59.0,1,Secondaire
02829,1,37.0,1,Primaire
02829,2,29.0,2,Aucun
02829,3,7.0,2,Aucun
02829,4,62.0,2,Aucun
02829,5,49.0,2,Primaire
02829,6,30.0,2,Secondaire
02829,7,59.0,2,Primaire
02830,1,41.0,1,Aucun
02830,2,69.0,1,Aucun
02830,3,31.0,1,Aucun
02830,4,50.0,2,Secondaire
02830,5,2.0,2,Aucun
02830,6,36.0,1,Aucun
02830,7,8.0,2,Secondaire
02830,8,49.0,2,Secondaire
02830,9,11.0,2,Primaire
02830,10,35.0,1,Secondaire
02830,11,41.0,2,Aucun
02830,12,28.0,1,Primaire
02831,1,33.0,1,Primaire
02831,2,13.0,2,Primaire
02831,3,5.0,2,Aucun
02831,4,41.0,2,Secondaire
02831,5,31.0,1,Secondaire
02832,1,45.0,1,Aucun
02832,2,45.0,2,Primaire
02832,3,50.0,2,Aucun
02833,1,39.0,2,Aucun
02833,2,5.0,1,
02833,3,18.0,2,Secondaire
02833,4,59.0,2,Primaire
02833,5,32.0,1,Primaire
02833,6,66.0,2,Secondaire
02833,7,67.0,2,
02833,8,6.0,1,
02833,9,35.0,1,Aucun
02834,1,32.0,2,Aucun
02834,2,30.0,2,Primaire
02834,3,16.0,2,Primaire
02834,4,20.0,2,Primaire
02834,5,43.0,1,Aucun
02834,6,74.0,1,Aucun
02834,7,38.0,2,Primaire
02834,8,56.0,1,Primaire
02834,9,15.0,2,Primaire
02835,1,44.0,1,Secondaire
02835,2,71.0,1,Primaire
02835,3,31.0,2,Aucun
02835,4,62.0,2,Aucun
02835,5,11.0,2,Aucun
02836,1,27.0,1,Primaire
02836,2,36.0,1,Aucun
02836,3,8.0,2,Aucun
02837,1,53.0,1,Secondaire
02837,2,,1,Aucun
02837,3,44.0,2,Primaire
02837,4,50.0,1,Superieur
02837,5,69.0,1,Aucun
02837,6,73.0,1,Aucun
02837,7,65.0,2,Aucun
02838,1,48.0,1,Secondaire
02838,2,19.0,1,Secondaire
02838,3,2.0,1,Aucun
02838,4,1.0,1,Aucun
02839,1,60.0,1,Primaire
02839,2,3.0,2,Aucun
02839,3,16.0,2,Primaire
02839,4,27.0,2,Primaire
02839,5,38.0,2,Aucun
02839,6,40.0,2,Aucun
02840,1,45.0,1,Aucun
02840,2,39.0,2,Aucun
02840,3,52.0,1,Primaire
02840,4,30.0,2,Aucun
02840,5,40.0,2,Primaire
02840,6,13.0,2,Aucun
02840,7,44.0,1,Secondaire
02840,8,7.0,1,Aucun
02841,1,37.0,2,Aucun
02841,2,4.0,2,Aucun
02841,3,37.0,1,Primaire
02841,4,45.0,1,Primaire
02841,5,5.0,2,Aucun
02841,6,5.0,1,
02841,7,38.0,1,Secondaire
02841,8,69.0,1,Aucun
02841,9,28.0,1,Aucun
02841,10,22.0,1,Primaire
02841,11,70.0,1,Aucun
02842,1,31.0,1,Primaire
02842,2,19.0,2,Primaire
02843,1,33.0,1,Aucun
02843,2,27.0,2,Secondaire
02843,3,59.0,2,Primaire
02843,4,15.0,2,Aucun
02843,5,52.0,2,Aucun
02843,6,,1,Primaire
02843,7,21.0,2,Secondaire
02844,1,20.0,1,Aucun
02844,2,5.0,1,Aucun
02844,3,67.0,1,Aucun
02844,4,71.0,1,Secondaire
02844,5,24.0,2,Primaire
02844,6,58.0,2,Aucun
02844,7,73.0,2,Aucun
02844,8,64.0,1,Primaire
02845,1,40.0,2,Superieur
02845,2,25.0,1,Primaire
02845,3,21.0,1,Aucun
02845,4,32.0,1,Aucun
02846,1,58.0,1,Primaire
02846,2,1.0,1,Aucun
02846,3,46.0,1,Aucun
02846,4,56.0,1,Primaire
02846,5,43.0,1,Superieur
02846,6,63.0,2,Aucun
02846,7,30.0,2,Secondaire
02847,1,35.0,1,Aucun
02847,2,1.0,2,Aucun
02847,3,11.0,2,Secondaire
02847,4,,1,Aucun
02847,5,19.0,1,Aucun
02847,6,52.0,1,Primaire
02848,1,37.0,1,Secondaire
02848,2,54.0,2,Aucun
02848,3,64.0,1,Secondaire
02849,1,49.0,1,Superieur
02849,2,73.0,2,Secondaire
02849,3,10.0,2,Primaire
02849,4,61.0,2,Primaire
02849,5,22.0,1,Aucun
02849,6,53.0,2,Primaire
02849,7,64.0,1,Aucun
02849,8,74.0,2,Superieur
02850,1,50.0,1,Primaire
02850,2,45.0,2,Secondaire
02850,3,44.0,1,Aucun
02850,4,46.0,2,Secondaire
02850,5,1.0,1,Aucun
02850,6,46.0,2,Aucun
02850,7,51.0,1,Primaire
02851,1,45.0,1,Secondaire
02851,2,67.0,1,Aucun
02851,3,53.0,2,Secondaire
02851,4,26.0,2,Superieur
02851,5,4.0,2,Aucun
02851,6,70.0,1,Secondaire
02852,1,49.0,2,Primaire
02852,2,5.0,1,Aucun
02852,3,52.0,1,Aucun
02852,4,0.0,1,Aucun
02852,5,12.0,2,Secondaire
02853,1,35.0,1,Primaire
02853,2,8.0,2,Aucun
02853,3,8.0,1,Primaire
02854,1,32.0,2,Aucun
02854,2,15.0,2,Primaire
02854,3,18.0,1,Primaire
02854,4,6.0,1,Aucun
02854,5,42.0,2,Aucun
02854,6,39.0,1,Primaire
02854,7,60.0,1,Aucun
02855,1,51.0,1,Aucun
02855,2,52.0,1,Secondaire
02855,3,1.0,2,Aucun
02855,4,67.0,1,Aucun
02855,5,21.0,1,Primaire
02856,1,37.0,1,Aucun
02856,2,45.0,1,Secondaire
02856,3,69.0,1,Primaire
02856,4,38.0,2,Primaire
02856,5,27.0,1,Aucun
02856,6,44.0,1,Secondaire
02857,1,36.0,1,Primaire
02857,2,57.0,2,Aucun
02858,1,39.0,1,Aucun
02859,1,28.0,1,Primaire
02859,2,42.0,2,Superieur
02859,3,46.0,2,Primaire
02859,4,34.0,1,Aucun
02859,5,14.0,1,Aucun
02859,6,6.0,1,Primaire
02859,7,44.0,2,Aucun
02859,8,21.0,1,Primaire
02859,9,29.0,2,Primaire
02860,1,35.0,2,Primaire
02860,2,55.0,1,Primaire
02860,3,21.0,1,Aucun
02860,4,69.0,2,Aucun
02861,1,33.0,1,Superieur
02861,2,1.0,1,Aucun
02861,3,40.0,2,Aucun
02862,1,54.0,2,Secondaire
02862,2,29.0,1,Secondaire
02862,3,1.0,1,Aucun
02862,4,72.0,2,Secondaire
02862,5,21.0,1,Primaire
02862,6,39.0,1,Secondaire
02862,7,41.0,2,Secondaire
02863,1,47.0,1,Superieur
02863,2,66.0,2,Aucun
02863,3,73.0,1,Aucun
02863,4,14.0,1,Primaire
02864,1,40.0,1,Secondaire
02864,2,14.0,1,Primaire
02864,3,,1,Aucun
02864,4,50.0,1,Aucun
02864,5,44.0,2,Secondaire
02864,6,68.0,2,Aucun
02865,1,47.0,1,Aucun
02865,2,16.0,1,Primaire
02865,3,2.0,1,Aucun
02865,4,10.0,1,Secondaire
02865,5,15.0,2,Primaire
02865,6,7.0,2,Secondaire
02866,1,38.0,1,Primaire
02866,2,66.0,1,Aucun
02866,3,57.0,2,Secondaire
02866,4,45.0,1,Primaire
02866,5,55.0,1,Secondaire
02867,1,32.0,1,Primaire
02867,2,36.0,1,Aucun
02868,1,54.0,2,Primaire
02868,2,36.0,2,Aucun
02868,3,,2,Aucun
02868,4,14.0,1,Aucun
02868,5,2.0,2,Aucun
02868,6,10.0,2,Secondaire
02869,1,55.0,1,Aucun
02869,2,11.0,1,Primaire
02869,3,2.0,2,Aucun
02869,4,40.0,2,Primaire
02869,5,26.0,1,Aucun
02869,6,14.0,2,Primaire
02869,7,70.0,2,Superieur
02870,1,31.0,2,Aucun
02870,2,70.0,1,Aucun
02870,3,56.0,1,Secondaire
02870,4,57.0,2,Primaire
02871,1,22.0,1,Secondaire
02871,2,0.0,1,Aucun
02871,3,66.0,1,Aucun
02871,4,20.0,2,Aucun
02871,5,69.0,1,Secondaire
02871,6,1.0,1,Aucun
02872,1,25.0,1,Aucun
02872,2,7.0,2,Aucun
02872,3,65.0,2,Aucun
02872,4,69.0,1,Secondaire
02872,5,2.0,1,Aucun
02872,6,51.0,2,
02872,7,20.0,2,Secondaire
02872,8,3.0,2,Aucun
02873,1,43.0,2,Secondaire
02873,2,39.0,2,Primaire
02873,3,,2,Aucun
02874,1,58.0,2,Aucun
02874,2,5.0,2,Aucun
02874,3,62.0,2,Aucun
02874,4,54.0,2,Secondaire
02874,5,51.0,2,Aucun
02874,6,57.0,1,Secondaire
02874,7,22.0,2,Aucun
02875,1,30.0,2,Aucun
02875,2,19.0,2,Primaire
02875,3,2.0,2,Aucun
02875,4,63.0,1,Secondaire
02875,5,9.0,1,Aucun
02875,6,48.0,2,Primaire
02876,1,43.0,1,Aucun
02876,2,58.0,2,Aucun
02876,3,61.0,1,Aucun
02876,4,33.0,2,Secondaire
02876,5,58.0,1,
02877,1,47.0,1,Aucun
02877,2,27.0,1,Superieur
02877,3,49.0,1,Aucun
02878,1,20.0,1,Secondaire
02878,2,11.0,1,Superieur
02878,3,6.0,2,Secondaire
02878,4,50.0,2,Secondaire
02878,5,52.0,2,Secondaire
02878,6,23.0,2,Aucun
02879,1,38.0,2,Aucun
02879,2,58.0,1,Aucun
02879,3,66.0,1,Aucun
02879,4,12.0,2,Aucun
02879,5,74.0,2,Primaire
02879,6,5.0,1,Aucun
02879,7,70.0,1,Aucun
02879,8,28.0,1,Aucun
02879,9,58.0,2,Aucun
02879,10,30.0,2,Aucun
02879,11,69.0,1,Secondaire
02880,1,41.0,1,Aucun
02880,2,7.0,1,Primaire
02880,3,15.0,2,Aucun
02880,4,0.0,1,Aucun
02880,5,44.0,1,Primaire
02880,6,66.0,1,
02880,7,72.0,1,Primaire
02880,8,44.0,2,Primaire
02881,1,55.0,2,Secondaire
02881,2,45.0,2,Primaire
02881,3,74.0,2,Aucun
02881,4,32.0,1,Aucun
02881,5,0.0,2,Aucun
02881,6,40.0,2,Secondaire
02881,7,24.0,1,Primaire
02881,8,7.0,1,Primaire
02882,1,23.0,1,Aucun
02882,2,41.0,1,
02882,3,41.0,2,Primaire
02882,4,68.0,2,Primaire
02882,5,12.0,1,Primaire
02882,6,38.0,2,Aucun
02882,7,47.0,2,Aucun
02882,8,22.0,2,Aucun
02883,1,49.0,2,Primaire
02883,2,21.0,2,Aucun
02883,3,32.0,1,Secondaire
02884,1,39.0,1,
02884,2,36.0,2,Aucun
02884,3,27.0,1,Aucun
02884,4,4.0,1,Aucun
02884,5,44.0,2,Primaire
02884,6,33.0,2,Aucun
02884,7,69.0,1,Aucun
02884,8,39.0,1,Primaire
02884,9,30.0,2,Primaire
02885,1,46.0,1,Primaire
02885,2,23.0,2,Secondaire
02885,3,60.0,2,Secondaire
02885,4,18.0,2,Aucun
02885,5,31.0,2,Secondaire
02885,6,12.0,1,Aucun
02885,7,39.0,1,Primaire
02885,8,39.0,1,Primaire
02886,1,47.0,1,Superieur
02886,2,67.0,1,Primaire
02886,3,23.0,1,Aucun
02886,4,33.0,1,Aucun
02886,5,13.0,2,Secondaire
02887,1,61.0,1,Aucun
02887,2,44.0,2,Primaire
02887,3,47.0,1,Primaire
02887,4,12.0,1,Primaire
02887,5,73.0,2,Primaire
02887,6,55.0,1,Aucun
02887,7,47.0,2,Aucun
02887,8,25.0,1,Secondaire
02887,9,47.0,2,Aucun
02887,10,19.0,1,Aucun
02887,11,4.0,2,Aucun
02888,1,57.0,1,Superieur
02888,2,43.0,1,Aucun
02888,3,57.0,2,Aucun
02888,4,18.0,2,Aucun
02888,5,14.0,2,Aucun
02888,6,46.0,1,
02888,7,46.0,2,Aucun
02888,8,15.0,1,Aucun
02888,9,3.0,1,Aucun
02888,10,45.0,2,
02889,1,42.0,1,Primaire
02889,2,72.0,2,Superieur
02889,3,5.0,1,Aucun
02889,4,44.0,2,Primaire
02890,1,41.0,1,Aucun
02891,1,29.0,1,Primaire
02891,2,47.0,1,
02891,3,28.0,1,Secondaire
02891,4,6.0,1,Secondaire
02891,5,9.0,1,Aucun
02891,6,59.0,2,Aucun
02891,7,38.0,1,Secondaire
02891,8,17.0,2,Superieur
02891,9,34.0,2,Primaire
02892,1,28.0,2,Primaire
02892,2,22.0,2,Aucun
02892,3,68.0,2,Aucun
02892,4,35.0,2,Secondaire
02892,5,70.0,2,Primaire
02893,1,45.0,1,
02893,2,20.0,1,Secondaire
02893,3,10.0,1,Secondaire
02893,4,7.0,2,Primaire
02893,5,46.0,2,Secondaire
02893,6,24.0,1,Secondaire
02893,7,46.0,2,Primaire
02894,1,41.0,1,Aucun
02894,2,55.0,1,Aucun
02894,3,34.0,1,Aucun
02894,4,71.0,1,Secondaire
02894,5,72.0,1,Aucun
02895,1,29.0,1,Primaire
02895,2,40.0,2,Primaire
02896,1,45.0,1,Aucun
02896,2,41.0,1,Primaire
02896,3,,1,Superieur
02896,4,66.0,1,Secondaire
02896,5,39.0,2,Secondaire
02896,6,62.0,1,Primaire
02896,7,29.0,1,Secondaire
02896,8,66.0,1,Primaire
02897,1,42.0,2,Aucun
02897,2,39.0,2,Aucun
02897,3,55.0,1,Aucun
02897,4,22.0,2,Primaire
02897,5,21.0,2,Aucun
02898,1,50.0,1,Aucun
02898,2,5.0,1,Aucun
02898,3,26.0,2,Secondaire
02898,4,11.0,1,Secondaire
02898,5,32.0,1,Primaire
02898,6,62.0,2,Secondaire
02898,7,21.0,1,Aucun
02898,8,66.0,1,Aucun
02898,9,48.0,1,Primaire
02898,10,15.0,2,Aucun
02898,11,33.0,2,Primaire
02898,12,74.0,2,Aucun
02899,1,48.0,1,Aucun
02899,2,35.0,1,Secondaire
02899,3,31.0,1,Secondaire
02899,4,32.0,1,Aucun
02900,1,39.0,1,Aucun
02900,2,65.0,2,Secondaire
02900,3,46.0,1,Primaire
02900,4,64.0,2,Primaire
02900,5,14.0,1,
02900,6,18.0,1,Aucun
02900,7,21.0,1,Aucun
02900,8,54.0,2,Primaire
02901,1,49.0,1,Aucun
02901,2,71.0,2,
02901,3,14.0,1,Primaire
02901,4,12.0,1,Aucun
02901,5,14.0,1,Superieur
02901,6,51.0,2,Secondaire
02901,7,,1,Aucun
02901,8,72.0,2,Secondaire
02902,1,50.0,2,Primaire
02902,2,24.0,1,Secondaire
02902,3,47.0,1,Aucun
02902,4,32.0,2,Primaire
02902,5,43.0,1,Aucun
02903,1,39.0,1,Aucun
02903,2,32.0,2,Aucun
02903,3,47.0,1,Primaire
02903,4,61.0,1,Aucun
02904,1,51.0,1,Aucun
02904,2,6.0,2,
02904,3,7.0,1,Aucun
02904,4,9.0,2,Primaire
02905,1,32.0,1,Primaire
02905,2,51.0,1,
02905,3,37.0,1,Secondaire
02905,4,70.0,1,Primaire
02905,5,61.0,1,Secondaire
02905,6,17.0,1,Primaire
02905,7,44.0,1,Secondaire
02905,8,36.0,2,Aucun
02906,1,28.0,2,Primaire
02906,2,68.0,2,Aucun
02906,3,50.0,2,
02906,4,6.0,1,Secondaire
02907,1,20.0,1,Aucun
02907,2,13.0,2,Aucun
02907,3,52.0,2,Primaire
02907,4,16.0,1,Aucun
02907,5,28.0,2,Aucun
02907,6,37.0,1,Secondaire
02908,1,54.0,1,Aucun
02908,2,9.0,2,Aucun
02908,3,37.0,1,Secondaire
02908,4,20.0,1,Primaire
02908,5,24.0,1,Secondaire
02908,6,47.0,2,Aucun
02908,7,25.0,1,Aucun
02908,8,50.0,1,Secondaire
02908,9,46.0,2,Superieur
02908,10,70.0,1,Aucun
02908,11,53.0,2,Secondaire
02909,1,25.0,2,
02909,2,29.0,1,Aucun
02909,3,58.0,1,Primaire
02909,4,,2,Aucun
02909,5,74.0,2,Primaire
02910,1,47.0,2,Primaire
02910,2,27.0,1,Aucun
02911,1,28.0,1,Aucun
02911,2,74.0,2,Aucun
02911,3,19.0,1,Secondaire
02911,4,41.0,2,Secondaire
02911,5,22.0,2,Aucun
02911,6,39.0,2,Primaire
02911,7,54.0,2,Primaire
02912,1,35.0,1,Primaire
02912,2,72.0,1,Primaire
02913,1,40.0,1,Primaire
02913,2,50.0,2,Secondaire
02913,3,64.0,2,Aucun
02913,4,61.0,1,Aucun
02913,5,65.0,2,Aucun
02913,6,39.0,2,Primaire
02913,7,27.0,2,
02914,1,38.0,1,Aucun
02914,2,50.0,1,Secondaire
02914,3,44.0,2,Secondaire
02914,4,24.0,2,Aucun
02914,5,19.0,1,Primaire
02914,6,39.0,1,Secondaire
02914,7,34.0,1,Secondaire
02915,1,45.0,1,Primaire
02915,2,15.0,2,Secondaire
02915,3,52.0,2,Primaire
02915,4,21.0,2,Secondaire
02915,5,4.0,2,Aucun
02915,6,61.0,2,Primaire
02915,7,,2,Primaire
02915,8,54.0,2,Aucun
02916,1,43.0,2,Secondaire
02916,2,73.0,1,Aucun
02916,3,41.0,1,Primaire
02917,1,60.0,1,Aucun
02917,2,39.0,1,
02917,3,38.0,2,Primaire
02917,4,29.0,1,Aucun
02917,5,59.0,1,
02917,6,68.0,2,Primaire
02917,7,58.0,1,Aucun
02917,8,2.0,1,Aucun
02917,9,25.0,2,Primaire
02917,10,8.0,2,Secondaire
02917,11,44.0,2,Aucun
02917,12,13.0,2,Aucun
02918,1,53.0,1,Secondaire
02918,2,26.0,2,Primaire
02918,3,70.0,1,Aucun
02918,4,20.0,2,Superieur
02918,5,25.0,2,Secondaire
02918,6,23.0,1,Primaire
02918,7,72.0,1,Aucun
02918,8,39.0,2,Secondaire
02918,9,3.0,1,Aucun
02918,10,28.0,1,Aucun
02918,11,65.0,1,Secondaire
02919,1,42.0,2,Aucun
02919,2,13.0,2,Aucun
02919,3,53.0,2,Aucun
02919,4,33.0,2,Aucun
02919,5,26.0,1,Aucun
02919,6,47.0,1,Aucun
02920,1,49.0,1,Aucun
02920,2,67.0,2,Aucun
02920,3,9.0,2,Aucun
02920,4,5.0,1,Aucun
02920,5,2.0,2,Aucun
02920,6,2.0,1,
02920,7,33.0,1,Primaire
02921,1,49.0,1,Aucun
02921,2,31.0,1,Primaire
02921,3,37.0,2,Aucun
02921,4,25.0,2,Secondaire
02921,5,24.0,1,Primaire
02921,6,54.0,1,Secondaire
02921,7,1.0,1,Aucun
02922,1,51.0,1,Aucun
02922,2,56.0,1,
02922,3,41.0,2,Primaire
02922,4,72.0,2,Primaire
02922,5,62.0,2,Secondaire
02922,6,69.0,2,Aucun
02922,7,1.0,2,Aucun
02923,1,39.0,1,Aucun
02923,2,42.0,2,
02923,3,66.0,2,Secondaire
02923,4,62.0,1,Primaire
02923,5,23.0,2,Primaire
02924,1,23.0,1,Aucun
02924,2,20.0,2,Superieur
02924,3,38.0,1,Aucun
02924,4,22.0,2,Secondaire
02924,5,11.0,2,Primaire
02924,6,69.0,1,Primaire
02924,7,52.0,1,Primaire
02924,8,4.0,1,Aucun
02924,9,29.0,1,Aucun
02924,10,4.0,2,Aucun
02925,1,51.0,1,Primaire
02925,2,47.0,1,Secondaire
02925,3,48.0,2,Secondaire
02925,4,14.0,1,Primaire
02925,5,2.0,2,Aucun
02925,6,60.0,1,Primaire
02925,7,3.0,1,Aucun
02925,8,,1,Primaire
02925,9,51.0,1,Primaire
02925,10,68.0,1,
02925,11,13.0,1,Secondaire
02925,12,,1,Primaire
02926,1,49.0,1,
02926,2,56.0,1,Aucun
02926,3,56.0,2,Superieur
02926,4,11.0,2,Primaire
02926,5,74.0,1,Primaire
02926,6,43.0,1,Secondaire
02927,1,54.0,1,Aucun
02927,2,45.0,2,Primaire
02927,3,45.0,2,Primaire
02927,4,38.0,1,Aucun
02927,5,46.0,1,Secondaire
02927,6,65.0,1,Secondaire
02927,7,15.0,2,Secondaire
02927,8,34.0,1,Aucun
02927,9,66.0,2,Aucun
02928,1,53.0,1,Aucun
02928,2,10.0,1,Primaire
02928,3,24.0,2,Superieur
02928,4,73.0,2,Aucun
02929,1,44.0,1,Aucun
02929,2,67.0,2,Secondaire
02929,3,37.0,2,Aucun
02929,4,54.0,1,Secondaire
02929,5,8.0,1,Aucun
02929,6,52.0,2,Aucun
02929,7,22.0,1,Aucun
02929,8,68.0,2,Primaire
02930,1,52.0,1,Secondaire
02930,2,26.0,2,Aucun
02931,1,47.0,2,Primaire
02931,2,25.0,2,Primaire
02931,3,53.0,1,Superieur
02931,4,10.0,1,Aucun
02931,5,30.0,1,Aucun
02931,6,33.0,2,Primaire
02931,7,44.0,1,Secondaire
02931,8,11.0,2,Primaire
02931,9,0.0,1,Aucun
02931,10,54.0,2,Secondaire
02932,1,41.0,1,Primaire
02932,2,44.0,1,Aucun
02932,3,,1,Aucun
02932,4,61.0,1,Primaire
02932,5,69.0,1,Primaire
02932,6,22.0,2,Primaire
02932,7,41.0,1,
02932,8,67.0,1,Primaire
02932,9,4.0,2,Aucun
02932,10,7.0,1,Primaire
02933,1,34.0,1,Primaire
02933,2,31.0,1,Aucun
02933,3,21.0,2,Primaire
02933,4,41.0,2,Aucun
02933,5,47.0,1,Primaire
02933,6,27.0,2,Secondaire
02934,1,23.0,1,Primaire
02934,2,9.0,2,Secondaire
02934,3,32.0,1,Secondaire
02934,4,53.0,2,Primaire
02934,5,46.0,1,Secondaire
02935,1,55.0,1,
02935,2,31.0,1,Aucun
02935,3,53.0,2,Aucun
02935,4,63.0,2,Aucun
02935,5,27.0,2,Primaire
02935,6,0.0,1,Aucun
02935,7,4.0,1,Aucun
02935,8,0.0,2,Aucun
02935,9,31.0,2,Superieur
02935,10,38.0,1,Aucun
02935,11,68.0,1,Primaire
02935,12,4.0,1,Aucun
02936,1,39.0,1,Aucun
02936,2,23.0,2,Aucun
02937,1,34.0,1,Aucun
02937,2,70.0,2,Aucun
02937,3,18.0,2,Aucun
02938,1,51.0,1,Primaire
02938,2,1.0,1,Aucun
02938,3,20.0,1,Aucun
02938,4,38.0,1,Primaire
02938,5,7.0,1,Secondaire
02939,1,44.0,1,Aucun
02939,2,46.0,2,Aucun
02939,3,1.0,1,
02939,4,49.0,2,Superieur
02939,5,69.0,2,Superieur
02939,6,22.0,1,Aucun
02939,7,49.0,2,Aucun
02939,8,73.0,2,Primaire
02939,9,23.0,2,Aucun
02939,10,57.0,2,Primaire
02940,1,26.0,1,Primaire
02940,2,64.0,1,Superieur
02940,3,67.0,1,Secondaire
02940,4,15.0,2,Primaire
02940,5,31.0,2,Aucun
02941,1,45.0,1,Primaire
02941,2,55.0,1,Primaire
02941,3,74.0,2,
02941,4,8.0,2,Aucun
02941,5,12.0,1,Primaire
02942,1,48.0,2,Primaire
02942,2,65.0,2,Aucun
02942,3,8.0,1,Primaire
02942,4,1.0,1,Aucun
02942,5,29.0,2,Aucun
02942,6,6.0,2,Aucun
02942,7,48.0,2,Primaire
02942,8,17.0,1,Primaire
02943,1,42.0,1,Aucun
02943,2,25.0,2,Secondaire
02943,3,55.0,1,Primaire
02943,4,44.0,2,Superieur
02943,5,27.0,2,Aucun
02943,6,66.0,2,Primaire
02943,7,69.0,2,Superieur
02944,1,39.0,1,Aucun
02944,2,28.0,2,Aucun
02944,3,15.0,1,Secondaire
02944,4,60.0,1,Secondaire
02944,5,12.0,2,Secondaire
02944,6,72.0,1,Primaire
02945,1,20.0,1,Secondaire
02945,2,68.0,1,Secondaire
02945,3,35.0,2,Primaire
02946,1,48.0,1,Aucun
02946,2,29.0,2,
02946,3,46.0,1,Superieur
02946,4,18.0,1,Aucun
02947,1,46.0,1,Primaire
02947,2,34.0,1,Aucun
02947,3,13.0,2,Primaire
02947,4,19.0,2,
02947,5,66.0,2,Aucun
02947,6,54.0,1,Secondaire
02948,1,65.0,1,Primaire
02948,2,29.0,1,Aucun
02948,3,13.0,1,Aucun
02948,4,54.0,2,Secondaire
02948,5,25.0,1,
02948,6,21.0,2,Secondaire
02949,1,58.0,1,Aucun
02949,2,22.0,2,Aucun
02949,3,73.0,2,Secondaire
02949,4,64.0,1,Secondaire
02949,5,44.0,2,
02949,6,54.0,1,Primaire
02950,1,44.0,1,Secondaire
02950,2,25.0,2,Primaire
02950,3,49.0,1,Aucun
02950,4,19.0,1,Primaire
02951,1,47.0,1,Aucun
02951,2,53.0,2,Primaire
02951,3,57.0,1,Primaire
02951,4,63.0,1,Secondaire
02951,5,67.0,2,Aucun
02951,6,47.0,2,Primaire
02952,1,48.0,2,Primaire
02952,2,26.0,2,Aucun
02952,3,69.0,1,Secondaire
02952,4,58.0,1,Primaire
02952,5,37.0,1,Superieur
02952,6,17.0,1,Secondaire
02952,7,28.0,2,Aucun
02953,1,49.0,1,Primaire
02953,2,29.0,2,Superieur
02953,3,73.0,2,Aucun
02953,4,31.0,1,Secondaire
02953,5,70.0,1,Aucun
02954,1,25.0,2,Aucun
02954,2,6.0,2,Primaire
02954,3,66.0,1,Primaire
02954,4,58.0,2,Aucun
02955,1,30.0,1,Primaire
02955,2,43.0,1,Primaire
02955,3,47.0,1,Secondaire
02956,1,52.0,1,Secondaire
02956,2,23.0,1,Aucun
02956,3,50.0,2,Aucun
02956,4,60.0,1,Primaire
02956,5,42.0,2,
02957,1,25.0,1,Primaire
02958,1,46.0,1,Aucun
02958,2,11.0,1,Superieur
02958,3,71.0,2,Secondaire
02958,4,2.0,2,Aucun
02958,5,69.0,1,Primaire
02958,6,71.0,2,Primaire
02958,7,13.0,2,Primaire
02958,8,37.0,1,Secondaire
02958,9,59.0,2,Aucun
02958,10,32.0,2,Primaire
02959,1,46.0,1,Aucun
02959,2,49.0,1,Primaire
02959,3,69.0,1,Aucun
02959,4,53.0,1,Secondaire
02959,5,13.0,2,Aucun
02959,6,43.0,1,Primaire
02960,1,,1,Aucun
02960,2,37.0,2,Aucun
02960,3,50.0,1,Secondaire
02960,4,70.0,1,Aucun
02961,1,54.0,2,Primaire
02961,2,8.0,1,Secondaire
02961,3,13.0,2,Aucun
02961,4,30.0,2,Aucun
02961,5,27.0,2,
02961,6,34.0,2,Primaire
02962,1,38.0,2,Aucun
02962,2,43.0,2,Primaire
02962,3,62.0,2,Secondaire
02962,4,45.0,2,Primaire
02962,5,59.0,2,Secondaire
02962,6,55.0,2,Aucun
02963,1,23.0,1,Aucun
02963,2,43.0,2,Primaire
02963,3,18.0,2,Aucun
02963,4,46.0,1,Aucun
02964,1,35.0,1,Aucun
02964,2,16.0,2,Primaire
02964,3,63.0,2,Primaire
02964,4,,1,Aucun
02964,5,63.0,1,Aucun
02964,6,50.0,1,Aucun
02965,1,34.0,1,Aucun
02965,2,71.0,1,Aucun
02965,3,65.0,2,Aucun
02965,4,29.0,2,Primaire
02965,5,10.0,1,Primaire
02965,6,39.0,2,Aucun
02965,7,22.0,2,Aucun
02965,8,59.0,1,
02965,9,58.0,1,Primaire
02965,10,31.0,1,Aucun
02965,11,57.0,1,Aucun
02966,1,41.0,1,Aucun
02966,2,58.0,1,Aucun
02966,3,44.0,1,Secondaire
02966,4,30.0,2,Secondaire
02966,5,,1,Aucun
02966,6,26.0,1,Aucun
02966,7,39.0,2,Aucun
02966,8,26.0,2,Primaire
02966,9,1.0,1,Aucun
02967,1,46.0,2,Primaire
02967,2,67.0,1,Aucun
02967,3,39.0,2,Aucun
02967,4,48.0,2,Aucun
02967,5,56.0,2,Primaire
02967,6,13.0,1,Aucun
02968,1,37.0,1,
02968,2,72.0,2,
02968,3,15.0,1,Primaire
02968,4,72.0,2,Aucun
02968,5,48.0,1,Secondaire
02969,1,46.0,1,Primaire
02969,2,49.0,2,Aucun
02969,3,53.0,1,Aucun
02969,4,21.0,2,Secondaire
02969,5,32.0,2,Primaire
02969,6,68.0,2,Primaire
02969,7,18.0,2,Aucun
02969,8,70.0,1,Aucun
02969,9,10.0,2,Primaire
02970,1,35.0,1,Primaire
02970,2,64.0,1,Primaire
02970,3,12.0,2,Secondaire
02970,4,22.0,2,Aucun
02970,5,29.0,1,Aucun
02970,6,15.0,2,Aucun
02971,1,44.0,1,Aucun
02971,2,46.0,2,Secondaire
02971,3,47.0,2,Secondaire
02972,1,42.0,1,Aucun
02972,2,33.0,2,Primaire
02972,3,72.0,2,Secondaire
02972,4,48.0,1,Primaire
02972,5,54.0,1,Superieur
02972,6,11.0,2,
02972,7,61.0,2,
02973,1,38.0,1,Aucun
02973,2,12.0,2,Superieur
02973,3,67.0,2,Secondaire
02973,4,2.0,2,Aucun
02973,5,35.0,1,Primaire
02974,1,37.0,1,Aucun
02974,2,10.0,2,Primaire
02974,3,7.0,2,Superieur
02974,4,8.0,1,Aucun
02974,5,0.0,2,Aucun
02974,6,45.0,2,Aucun
02975,1,34.0,2,Aucun
02975,2,50.0,1,Secondaire
02975,3,29.0,2,
02975,4,44.0,1,Primaire
02976,1,43.0,1,Secondaire
02976,2,48.0,2,Aucun
02976,3,20.0,1,Superieur
02976,4,1.0,2,Aucun
02976,5,5.0,1,Aucun
02976,6,16.0,2,Primaire
02976,7,,1,Aucun
02976,8,7.0,2,Secondaire
02976,9,7.0,1,Primaire
02977,1,21.0,1,Aucun
02977,2,54.0,1,Primaire
02977,3,23.0,2,Secondaire
02977,4,36.0,2,Aucun
02977,5,37.0,2,Primaire
02977,6,9.0,1,Aucun
02977,7,32.0,1,Primaire
02977,8,26.0,1,Aucun
02977,9,,2,Aucun
02978,1,33.0,1,Aucun
02978,2,16.0,2,Secondaire
02978,3,38.0,2,Aucun
02978,4,30.0,1,Aucun
02978,5,4.0,2,Aucun
02978,6,12.0,1,Primaire
02978,7,22.0,2,Primaire
02979,1,28.0,1,Aucun
02979,2,19.0,2,Primaire
02980,1,42.0,1,Aucun
02980,2,51.0,1,Aucun
02980,3,49.0,2,Secondaire
02980,4,69.0,2,Aucun
02981,1,36.0,2,Aucun
02981,2,3.0,2,Aucun
02981,3,20.0,2,Primaire
02981,4,26.0,2,
02981,5,66.0,2,Aucun
02981,6,26.0,2,Primaire
02981,7,61.0,2,Aucun
02981,8,66.0,2,Secondaire
02981,9,50.0,1,Aucun
02981,10,69.0,2,Aucun
02981,11,69.0,1,Aucun
02981,12,60.0,2,Aucun
02981,13,0.0,2,Aucun
02981,14,22.0,1,Aucun
02982,1,37.0,2,Aucun
02982,2,10.0,1,Primaire
02982,3,40.0,2,Superieur
02982,4,24.0,2,Aucun
02982,5,10.0,1,Primaire
02982,6,37.0,1,Aucun
02983,1,34.0,1,Secondaire
02983,2,36.0,2,Aucun
02983,3,68.0,1,Primaire
02983,4,18.0,2,Secondaire
02983,5,70.0,1,Primaire
02984,1,28.0,1,Primaire
02984,2,27.0,1,Primaire
02984,3,30.0,1,Primaire
02984,4,32.0,2,
02984,5,60.0,1,Aucun
02985,1,32.0,1,Secondaire
02985,2,26.0,1,Aucun
02985,3,46.0,2,Aucun
02985,4,25.0,2,Aucun
02985,5,44.0,2,Secondaire
02985,6,6.0,1,Primaire
02985,7,17.0,1,Primaire
02985,8,33.0,2,Aucun
02985,9,4.0,2,Aucun
02985,10,27.0,2,Primaire
02985,11,11.0,2,Primaire
02986,1,51.0,1,Primaire
02986,2,13.0,1,Secondaire
02986,3,38.0,1,Secondaire
02986,4,65.0,2,Superieur
02987,1,29.0,1,Aucun
02987,2,7.0,2,Aucun
02987,3,12.0,2,Primaire
02987,4,55.0,1,Primaire
02987,5,30.0,2,Aucun
02987,6,44.0,2,Primaire
02987,7,56.0,2,Primaire
02987,8,2.0,1,Aucun
02987,9,63.0,1,Primaire
02987,10,48.0,1,Primaire
02987,11,19.0,1,Aucun
02987,12,29.0,2,Aucun
02987,13,73.0,1,Primaire
02988,1,51.0,1,Aucun
02988,2,62.0,1,Superieur
02988,3,0.0,2,Aucun
02988,4,64.0,1,Aucun
02988,5,8.0,1,Primaire
02988,6,47.0,2,Primaire
02988,7,,2,Aucun
02988,8,52.0,2,Secondaire
02988,9,65.0,1,Aucun
02988,10,,1,Secondaire
02989,1,33.0,1,Aucun
02989,2,4.0,2,Aucun
02989,3,52.0,1,Aucun
02989,4,50.0,2,Aucun
02989,5,70.0,1,Aucun
02989,6,29.0,1,Aucun
02990,1,45.0,1,Aucun
02990,2,62.0,1,Secondaire
02990,3,34.0,1,Primaire
02990,4,27.0,1,Aucun
02991,1,38.0,2,Secondaire
02991,2,74.0,2,Primaire
02991,3,26.0,2,Aucun
02991,4,61.0,2,
02992,1,43.0,2,Primaire
02992,2,26.0,2,Aucun
02992,3,62.0,1,Aucun
02992,4,1.0,1,Aucun
02993,1,38.0,1,Aucun
02993,2,15.0,2,Aucun
02993,3,46.0,1,Aucun
02993,4,65.0,1,Secondaire
02994,1,45.0,1,Aucun
02994,2,59.0,1,Secondaire
02994,3,37.0,2,Superieur
02994,4,56.0,1,Primaire
02994,5,70.0,1,Primaire
02994,6,33.0,2,Aucun
02994,7,51.0,1,Secondaire
02995,1,28.0,1,Aucun
02995,2,36.0,2,Aucun
02995,3,24.0,1,Aucun
02995,4,65.0,2,Aucun
02996,1,64.0,2,Aucun
02996,2,14.0,2,Secondaire
02996,3,26.0,2,Primaire
02996,4,37.0,2,Primaire
02996,5,30.0,1,Secondaire
02996,6,16.0,2,Aucun
02996,7,58.0,1,Aucun
02996,8,19.0,1,Aucun
02996,9,63.0,1,Superieur
02997,1,54.0,1,Primaire
02997,2,63.0,1,Secondaire
02997,3,43.0,2,Primaire
02997,4,68.0,2,Primaire
02997,5,46.0,1,Secondaire
02998,1,39.0,1,Aucun
02998,2,35.0,2,Primaire
02998,3,69.0,2,Primaire
02998,4,,2,Aucun
02998,5,54.0,2,Primaire
02999,1,47.0,1,Secondaire
02999,2,57.0,1,Primaire
02999,3,52.0,1,Aucun
02999,4,30.0,1,Aucun
02999,5,11.0,1,Secondaire
02999,6,6.0,2,Aucun
02999,7,14.0,2,Primaire
03000,1,49.0,1,Secondaire
03000,2,39.0,2,Primaire
03000,3,31.0,1,Primaire
03000,4,72.0,2,
03000,5,12.0,1,Aucun
03000,6,14.0,2,Aucun
03001,1,33.0,1,Aucun
03001,2,14.0,2,Aucun
03001,3,5.0,2,Aucun
03001,4,54.0,1,Aucun
03001,5,37.0,2,Aucun
03002,1,36.0,1,Secondaire
03002,2,55.0,2,Aucun
03002,3,18.0,1,Secondaire
03002,4,25.0,1,Secondaire
03003,1,27.0,1,Aucun
03003,2,10.0,1,Primaire
03004,1,53.0,2,Primaire
03004,2,23.0,1,Secondaire
03004,3,13.0,2,Aucun
03004,4,52.0,1,Aucun
03004,5,22.0,2,Aucun
03004,6,7.0,2,Primaire
03004,7,67.0,2,Secondaire
03005,1,48.0,2,
03005,2,21.0,2,Aucun
03005,3,18.0,1,Aucun
03005,4,50.0,1,Aucun
03005,5,42.0,2,
03005,6,57.0,2,Aucun
03006,1,50.0,1,Aucun
03006,2,16.0,2,Aucun
03006,3,10.0,2,Primaire
03006,4,27.0,1,Aucun
03007,1,33.0,1,Aucun
03007,2,40.0,2,Aucun
03007,3,36.0,1,Aucun
03007,4,53.0,2,Primaire
03007,5,49.0,2,Primaire
03007,6,35.0,1,Aucun
03007,7,24.0,2,Primaire
03007,8,19.0,1,Aucun
03007,9,29.0,1,Superieur
03008,1,42.0,1,
03008,2,42.0,2,Aucun
03008,3,10.0,2,Aucun
03008,4,19.0,2,Superieur
03008,5,6.0,1,Primaire
03008,6,7.0,1,Primaire
03009,1,55.0,1,Secondaire
03009,2,48.0,1,Aucun
03009,3,71.0,1,Aucun
03009,4,18.0,2,Secondaire
03009,5,48.0,2,Aucun
03009,6,66.0,2,Primaire
03009,7,34.0,2,Primaire
03009,8,40.0,2,Aucun
03009,9,32.0,2,Primaire
03010,1,36.0,1,Aucun
03010,2,24.0,1,Aucun
03010,3,36.0,1,Primaire
03010,4,64.0,1,Secondaire
03010,5,48.0,1,Primaire
03010,6,26.0,2,
03011,1,43.0,2,
03011,2,13.0,1,Secondaire
03011,3,39.0,2,Primaire
03011,4,37.0,1,Primaire
03012,1,42.0,1,Secondaire
03012,2,55.0,1,Secondaire
03012,3,46.0,1,Primaire
03012,4,67.0,1,Aucun
03012,5,44.0,1,Primaire
03013,1,43.0,1,Secondaire
03013,2,22.0,1,Aucun
03013,3,46.0,1,Primaire
03013,4,19.0,2,Secondaire
03014,1,20.0,1,Secondaire
03014,2,66.0,2,
03014,3,8.0,1,
03014,4,65.0,2,Aucun
03014,5,68.0,1,Primaire
03014,6,3.0,2,Aucun
03014,7,,2,Aucun
03014,8,57.0,1,Primaire
03014,9,66.0,1,Aucun
03014,10,9.0,1,Primaire
03014,11,36.0,1,Primaire
03014,12,40.0,2,Aucun
03015,1,35.0,1,Primaire
03015,2,73.0,1,Primaire
03015,3,37.0,1,Aucun
03015,4,13.0,2,Aucun
03015,5,14.0,1,Primaire
03015,6,55.0,1,Aucun
03015,7,14.0,1,Aucun
03015,8,5.0,1,Aucun
03015,9,38.0,2,Secondaire
03016,1,38.0,1,Primaire
03016,2,7.0,2,Primaire
03017,1,53.0,1,Aucun
03017,2,11.0,1,Secondaire
03017,3,61.0,2,Secondaire
03017,4,7.0,1,Secondaire
03017,5,36.0,1,Primaire
03017,6,60.0,1,Primaire
03018,1,31.0,1,Aucun
03018,2,10.0,2,Aucun
03018,3,5.0,2,
03018,4,33.0,2,Primaire
03018,5,58.0,2,Primaire
03018,6,5.0,1,Aucun
03018,7,6.0,1,Primaire
03018,8,14.0,2,Secondaire
03018,9,45.0,1,Secondaire
03018,10,54.0,2,Aucun
03018,11,44.0,2,Secondaire
03019,1,39.0,1,Aucun
03019,2,20.0,1,Aucun
03019,3,63.0,2,Aucun
03019,4,74.0,1,
03019,5,22.0,2,Aucun
03019,6,67.0,1,Primaire
03019,7,56.0,2,Secondaire
03019,8,30.0,2,Aucun
03019,9,44.0,2,Primaire
03019,10,25.0,2,Primaire
03019,11,30.0,1,Primaire
03020,1,52.0,1,Secondaire
03020,2,8.0,1,Secondaire
03020,3,52.0,1,Primaire
03020,4,31.0,1,Primaire
03020,5,17.0,1,Secondaire
03020,6,56.0,1,Aucun
03020,7,14.0,2,Primaire
03020,8,6.0,2,
03020,9,42.0,1,Aucun
03020,10,73.0,2,Primaire
03021,1,29.0,1,Primaire
03021,2,60.0,2,Aucun
03021,3,71.0,2,Secondaire
03022,1,45.0,1,Aucun
03022,2,36.0,1,Primaire
03022,3,24.0,2,Aucun
03022,4,27.0,1,Aucun
03022,5,0.0,1,Aucun
03022,6,36.0,1,Aucun
03022,7,27.0,2,
03022,8,17.0,1,Primaire
03022,9,57.0,2,Aucun
03023,1,24.0,1,Primaire
03023,2,0.0,2,Aucun
03023,3,71.0,2,Aucun
03023,4,,2,Primaire
03023,5,32.0,2,Secondaire
03024,1,47.0,1,Aucun
03024,2,65.0,1,Secondaire
03024,3,60.0,1,Aucun
03024,4,22.0,1,Secondaire
03024,5,9.0,2,Secondaire
03024,6,,1,Aucun
03025,1,43.0,1,Secondaire
03025,2,32.0,2,Aucun
03025,3,63.0,1,Primaire
03025,4,,1,Secondaire
03025,5,54.0,1,Primaire
03026,1,39.0,2,Secondaire
03026,2,69.0,1,Secondaire
03026,3,55.0,2,Primaire
03026,4,67.0,1,Secondaire
03026,5,24.0,2,Aucun
03026,6,21.0,2,Aucun
03026,7,30.0,2,Primaire
03026,8,70.0,1,Primaire
03026,9,18.0,2,Secondaire
03026,10,8.0,1,Primaire
03027,1,35.0,1,Aucun
03027,2,45.0,1,
03027,3,18.0,2,Primaire
03027,4,63.0,2,Aucun
03027,5,1.0,1,Aucun
03027,6,38.0,1,Aucun
03027,7,24.0,1,Primaire
03028,1,44.0,1,Primaire
03028,2,55.0,2,Primaire
03028,3,49.0,1,Secondaire
03028,4,57.0,2,Primaire
03028,5,19.0,1,Primaire
03028,6,63.0,2,Primaire
03028,7,34.0,1,Primaire
03028,8,29.0,2,Secondaire
03028,9,4.0,2,Aucun
03028,10,6.0,2,Secondaire
03029,1,52.0,2,Aucun
03029,2,16.0,1,Primaire
03029,3,48.0,1,Aucun
03029,4,60.0,1,Primaire
03029,5,46.0,1,Primaire
03029,6,17.0,1,Primaire
03030,1,34.0,1,Aucun
03030,2,41.0,2,Primaire
03030,3,33.0,1,Primaire
03030,4,29.0,2,Aucun
03031,1,57.0,1,Primaire
03031,2,65.0,2,Secondaire
03031,3,16.0,2,Primaire
03031,4,48.0,1,Secondaire
03031,5,29.0,1,Superieur
03031,6,25.0,2,Aucun
03031,7,45.0,1,Aucun
03031,8,67.0,2,Primaire
03031,9,62.0,2,Primaire
03032,1,39.0,2,Aucun
03032,2,,2,
03032,3,19.0,1,Primaire
03032,4,8.0,2,Primaire
03032,5,67.0,1,Secondaire
03032,6,61.0,1,Aucun
03032,7,69.0,1,Secondaire
03032,8,57.0,1,Aucun
03032,9,38.0,1,Primaire
03032,10,71.0,2,Aucun
03032,11,45.0,1,Aucun
03033,1,47.0,1,Aucun
03033,2,24.0,1,Aucun
03033,3,65.0,2,Primaire
03033,4,70.0,2,Secondaire
03033,5,60.0,2,Aucun
03033,6,46.0,2,Aucun
03033,7,49.0,2,Aucun
03033,8,64.0,1,Aucun
03033,9,28.0,2,Aucun
03034,1,20.0,1,Aucun
03034,2,9.0,2,Secondaire
03034,3,22.0,2,Primaire
03034,4,56.0,2,
03034,5,6.0,2,Primaire
03034,6,17.0,1,Primaire
03034,7,14.0,2,Primaire
03034,8,18.0,2,Aucun
03034,9,15.0,2,Aucun
03035,1,55.0,1,Secondaire
03035,2,63.0,2,Primaire
03035,3,34.0,2,Secondaire
03035,4,10.0,1,Aucun
03035,5,40.0,2,Secondaire
03036,1,42.0,1,Primaire
03036,2,23.0,1,Primaire
03036,3,37.0,1,Primaire
03036,4,42.0,1,Aucun
03036,5,17.0,1,Secondaire
03036,6,70.0,1,Aucun
03036,7,62.0,2,Primaire
03036,8,34.0,2,Primaire
03036,9,57.0,1,
03036,10,24.0,1,Primaire
03036,11,64.0,2,Primaire
03036,12,68.0,1,Primaire
03036,13,72.0,2,Aucun
03036,14,55.0,1,Aucun
03036,15,61.0,2,Secondaire
03037,1,49.0,1,Secondaire
03038,1,56.0,1,Aucun
03038,2,21.0,1,Primaire
03038,3,8.0,1,
03038,4,17.0,1,Aucun
03039,1,41.0,1,Secondaire
03039,2,54.0,1,Superieur
03039,3,52.0,1,Primaire
03039,4,19.0,1,Aucun
03039,5,12.0,1,Secondaire
03039,6,37.0,2,Secondaire
03039,7,22.0,2,Aucun
03039,8,35.0,1,Aucun
03040,1,54.0,1,Primaire
03040,2,2.0,2,Aucun
03040,3,53.0,1,Secondaire
03040,4,44.0,1,Aucun
03041,1,24.0,1,
03041,2,50.0,1,Aucun
03041,3,,2,Primaire
03042,1,54.0,1,Primaire
03042,2,8.0,1,Primaire
03042,3,65.0,2,Aucun
03042,4,59.0,1,Secondaire
03042,5,31.0,2,Aucun
03042,6,5.0,1,
03042,7,46.0,1,Secondaire
03042,8,50.0,1,Aucun
03043,1,39.0,1,Aucun
03043,2,26.0,2,Primaire
03043,3,27.0,1,Primaire
03043,4,40.0,1,Aucun
03043,5,43.0,1,Secondaire
03043,6,37.0,1,Superieur
03043,7,11.0,2,Primaire
03043,8,59.0,1,Aucun
03044,1,22.0,1,Superieur
03044,2,10.0,1,Primaire
03044,3,50.0,2,Primaire
03044,4,35.0,1,Aucun
03044,5,14.0,2,Aucun
03045,1,47.0,1,Aucun
03045,2,56.0,1,Aucun
03045,3,1.0,2,Aucun
03045,4,49.0,2,Secondaire
03045,5,38.0,2,Secondaire
03045,6,9.0,2,Aucun
03046,1,55.0,1,Secondaire
03046,2,43.0,2,Secondaire
03046,3,10.0,2,Aucun
03046,4,51.0,1,Secondaire
03046,5,44.0,1,Primaire
03046,6,56.0,2,Aucun
03046,7,37.0,2,Aucun
03046,8,33.0,1,
03046,9,33.0,2,Aucun
03046,10,72.0,1,Primaire
03046,11,69.0,2,Primaire
03046,12,20.0,1,Secondaire
03047,1,31.0,2,Aucun
03047,2,12.0,2,Aucun
03047,3,50.0,2,Primaire
03047,4,17.0,2,Aucun
03047,5,30.0,2,Primaire
03048,1,55.0,1,Primaire
03048,2,69.0,1,Superieur
03048,3,30.0,2,Aucun
03048,4,65.0,1,Primaire
03048,5,31.0,1,Aucun
03048,6,44.0,1,Aucun
03048,7,38.0,2,Primaire
03048,8,73.0,1,Superieur
03048,9,60.0,2,Aucun
03048,10,15.0,1,Secondaire
03049,1,32.0,1,Primaire
03049,2,74.0,1,Primaire
03049,3,10.0,2,Primaire
03049,4,54.0,1,Primaire
03050,1,31.0,1,Primaire
03050,2,35.0,1,Primaire
03050,3,3.0,1,Aucun
03050,4,33.0,1,Aucun
03050,5,30.0,1,Aucun
03050,6,63.0,1,Primaire
03050,7,31.0,2,Superieur
03050,8,74.0,2,Primaire
03050,9,29.0,1,Aucun
03051,1,36.0,1,Primaire
03051,2,14.0,2,Primaire
03051,3,32.0,1,Secondaire
03051,4,22.0,1,Secondaire
03051,5,41.0,2,Primaire
03051,6,8.0,1,
03051,7,7.0,2,Primaire
03052,1,60.0,1,Aucun
03052,2,48.0,2,Aucun
03052,3,38.0,2,Aucun
03052,4,37.0,2,Aucun
03052,5,24.0,1,Secondaire
03053,1,44.0,1,Superieur
03053,2,21.0,1,Aucun
03053,3,52.0,1,Secondaire
03053,4,66.0,2,Primaire
03053,5,7.0,2,Aucun
03053,6,21.0,1,Aucun
03053,7,60.0,1,Primaire
03053,8,56.0,2,Aucun
03053,9,67.0,2,Aucun
03053,10,6.0,2,Superieur
03054,1,52.0,1,Aucun
03054,2,40.0,1,Aucun
03054,3,66.0,2,Secondaire
03054,4,56.0,2,Aucun
03054,5,0.0,2,Aucun
03054,6,11.0,2,Primaire
03055,1,45.0,1,Primaire
03055,2,37.0,1,Primaire
03055,3,22.0,2,Primaire
03055,4,63.0,2,
03055,5,74.0,1,Aucun
03055,6,59.0,1,Aucun
03055,7,65.0,2,Primaire
03055,8,32.0,2,Superieur
03056,1,,1,Aucun
03056,2,57.0,2,Primaire
03056,3,4.0,1,Aucun
03056,4,73.0,1,Superieur
03056,5,1.0,2,Aucun
03056,6,10.0,2,Superieur
03056,7,25.0,1,Secondaire
03057,1,44.0,2,Primaire
03057,2,57.0,2,Secondaire
03057,3,9.0,1,Primaire
03057,4,61.0,2,Aucun
03058,1,57.0,1,Superieur
03058,2,17.0,2,Primaire
03058,3,31.0,1,Secondaire
03058,4,7.0,2,Aucun
03058,5,42.0,2,Primaire
03058,6,28.0,1,Secondaire
03058,7,7.0,1,Primaire
03058,8,32.0,2,Primaire
03058,9,27.0,1,Secondaire
03059,1,44.0,1,Primaire
03059,2,62.0,2,Primaire
03059,3,73.0,2,Secondaire
03059,4,8.0,2,Aucun
03059,5,2.0,1,Aucun
03059,6,8.0,1,Superieur
03059,7,48.0,1,Primaire
03059,8,18.0,2,Primaire
03060,1,42.0,1,Secondaire
03060,2,3.0,2,
03060,3,42.0,2,Aucun
03060,4,35.0,1,Primaire
03061,1,33.0,1,
03061,2,19.0,1,
03061,3,36.0,2,Aucun
03062,1,43.0,1,Secondaire
03062,2,18.0,2,Primaire
03062,3,37.0,1,Primaire
03062,4,3.0,2,Aucun
03063,1,47.0,1,Aucun
03063,2,42.0,2,Aucun
03063,3,40.0,1,Secondaire
03063,4,13.0,2,
03063,5,29.0,1,Secondaire
03063,6,52.0,2,Primaire
03063,7,69.0,1,Primaire
03064,1,46.0,1,Aucun
03064,2,39.0,1,Secondaire
03064,3,45.0,1,Aucun
03064,4,20.0,1,
03065,1,31.0,1,Primaire
03065,2,38.0,2,Secondaire
03065,3,14.0,2,Secondaire
03065,4,62.0,1,Aucun
03065,5,2.0,1,Aucun
03065,6,2.0,1,Aucun
03066,1,62.0,2,
03066,2,58.0,1,Primaire
03066,3,0.0,1,Aucun
03066,4,69.0,2,Secondaire
03066,5,23.0,2,Aucun
03066,6,56.0,2,Primaire
03066,7,20.0,1,Aucun
03067,1,,1,Aucun
03067,2,47.0,2,Primaire
03067,3,60.0,1,Secondaire
03067,4,19.0,1,Aucun
03068,1,46.0,1,Aucun
03068,2,6.0,1,Superieur
03068,3,53.0,1,Secondaire
03069,1,45.0,1,Primaire
03069,2,32.0,1,Secondaire
03069,3,11.0,1,Primaire
03069,4,64.0,1,Aucun
03070,1,61.0,1,
03070,2,7.0,2,Secondaire
03070,3,57.0,2,Aucun
03070,4,64.0,2,Aucun
03071,1,40.0,2,Primaire
03071,2,40.0,1,Secondaire
03071,3,20.0,2,Aucun
03071,4,38.0,2,Aucun
03071,5,57.0,2,Primaire
03071,6,49.0,1,Secondaire
03071,7,43.0,2,Aucun
03071,8,24.0,1,Aucun
03071,9,7.0,2,Aucun
03072,1,36.0,1,Aucun
03072,2,72.0,1,Secondaire
03072,3,61.0,1,
03072,4,64.0,1,Primaire
03072,5,48.0,2,Superieur
03072,6,38.0,2,Aucun
03072,7,57.0,2,
03072,8,40.0,1,Aucun
03072,9,36.0,2,
03073,1,37.0,1,Primaire
03073,2,18.0,1,Primaire
03073,3,58.0,1,Secondaire
03073,4,22.0,1,Primaire
03073,5,,1,Secondaire
03073,6,28.0,2,Secondaire
03073,7,65.0,2,Primaire
03074,1,43.0,2,Aucun
03074,2,65.0,2,Secondaire
03074,3,0.0,1,Aucun
03074,4,39.0,2,
03075,1,31.0,1,Primaire
03075,2,,1,Superieur
03075,3,4.0,1,Aucun
03075,4,26.0,1,Aucun
03075,5,69.0,2,Secondaire
03076,1,43.0,1,Aucun
03076,2,19.0,2,Secondaire
03076,3,3.0,2,Aucun
03076,4,44.0,2,Aucun
03076,5,32.0,2,Aucun
03076,6,65.0,1,Aucun
03076,7,36.0,2,Aucun
03076,8,15.0,2,Secondaire
03076,9,29.0,1,Aucun
03076,10,35.0,1,Aucun
03077,1,57.0,1,Primaire
03077,2,12.0,1,Primaire
03077,3,51.0,1,Secondaire
03077,4,10.0,2,Aucun
03077,5,14.0,2,Primaire
03078,1,48.0,1,Primaire
03078,2,37.0,2,Secondaire
03078,3,42.0,1,Primaire
03078,4,57.0,2,Aucun
03079,1,36.0,1,Superieur
03079,2,69.0,2,Primaire
03079,3,58.0,1,Primaire
03079,4,38.0,1,Aucun
03080,1,39.0,1,Aucun
03080,2,74.0,1,Primaire
03080,3,41.0,2,
03080,4,,1,Secondaire
03080,5,10.0,1,Primaire
03080,6,56.0,2,Secondaire
03080,7,24.0,2,Aucun
03080,8,37.0,1,Aucun
03080,9,29.0,2,Superieur
03080,10,56.0,2,Secondaire
03080,11,14.0,1,Aucun
03081,1,47.0,1,Aucun
03081,2,1.0,2,Aucun
03081,3,42.0,1,Primaire
03081,4,27.0,1,Aucun
03082,1,20.0,1,Secondaire
03082,2,57.0,2,Secondaire
03082,3,0.0,1,Aucun
03082,4,24.0,2,Aucun
03082,5,64.0,1,Aucun
03082,6,48.0,1,Secondaire
03082,7,42.0,1,Primaire
03082,8,23.0,2,Primaire
03083,1,47.0,2,Primaire
03083,2,26.0,1,Secondaire
03083,3,68.0,1,Secondaire
03083,4,19.0,2,Primaire
03083,5,18.0,2,Primaire
03084,1,65.0,1,Aucun
03084,2,11.0,1,Aucun
03084,3,26.0,1,Aucun
03084,4,15.0,1,Secondaire
03084,5,72.0,1,Primaire
03084,6,6.0,2,Secondaire
03084,7,31.0,2,Secondaire
03084,8,0.0,2,Aucun
03084,9,20.0,1,Secondaire
03084,10,23.0,2,
03084,11,45.0,2,Primaire
03085,1,57.0,1,Primaire
03085,2,9.0,1,Aucun
03085,3,23.0,1,Superieur
03085,4,25.0,1,Superieur
03085,5,72.0,2,Primaire
03085,6,5.0,2,Aucun
03085,7,31.0,2,Aucun
03085,8,65.0,1,Secondaire
03086,1,51.0,1,Aucun
03086,2,68.0,1,Secondaire
03086,3,71.0,1,Primaire
03086,4,65.0,2,Primaire
03086,5,46.0,2,Aucun
03086,6,68.0,1,Primaire
03086,7,50.0,1,Secondaire
03087,1,55.0,1,Primaire
03087,2,56.0,2,Primaire
03087,3,57.0,1,Secondaire
03087,4,20.0,1,Aucun
03087,5,48.0,1,Aucun
03087,6,24.0,1,Primaire
03087,7,61.0,2,Aucun
03087,8,42.0,2,Aucun
03088,1,46.0,1,Primaire
03088,2,16.0,1,Primaire
03089,1,50.0,1,Primaire
03089,2,27.0,1,Superieur
03089,3,30.0,2,Superieur
03089,4,44.0,2,Primaire
03090,1,47.0,1,Secondaire
03090,2,9.0,1,Secondaire
03090,3,24.0,2,Secondaire
03091,1,46.0,1,Aucun
03091,2,60.0,1,Aucun
03091,3,17.0,2,Secondaire
03091,4,52.0,2,Primaire
03091,5,66.0,2,Superieur
03091,6,44.0,1,Superieur
03092,1,44.0,2,Superieur
03092,2,20.0,1,Aucun
03092,3,18.0,2,Aucun
03092,4,72.0,1,Aucun
03093,1,39.0,1,Primaire
03093,2,43.0,1,Superieur
03093,3,66.0,2,Secondaire
03094,1,44.0,1,Secondaire
03094,2,30.0,1,Primaire
03094,3,49.0,2,Primaire
03094,4,69.0,1,Secondaire
03094,5,59.0,2,Primaire
03094,6,29.0,1,Aucun
03094,7,33.0,1,Secondaire
03094,8,,2,
03095,1,28.0,1,Primaire
03095,2,50.0,1,Aucun
03095,3,63.0,1,
03095,4,57.0,1,Primaire
03095,5,10.0,1,Secondaire
03095,6,35.0,2,Secondaire
03096,1,41.0,1,Secondaire
03096,2,10.0,1,Aucun
03097,1,46.0,1,Aucun
03097,2,,1,Primaire
03097,3,39.0,1,Aucun
03097,4,61.0,2,Primaire
03097,5,60.0,1,Aucun
03097,6,66.0,1,Primaire
03097,7,61.0,1,Primaire
03097,8,21.0,1,Aucun
03098,1,49.0,1,Aucun
03098,2,30.0,1,Aucun
03098,3,66.0,1,Primaire
03098,4,34.0,1,Aucun
03098,5,52.0,1,Secondaire
03098,6,62.0,2,Primaire
03098,7,55.0,1,Aucun
03098,8,18.0,2,Primaire
03099,1,65.0,1,
03099,2,7.0,2,Primaire
03099,3,34.0,2,Primaire
03099,4,60.0,1,Aucun
03099,5,74.0,1,Aucun
03099,6,2.0,1,Aucun
03100,1,66.0,1,Superieur
03100,2,23.0,2,
03100,3,27.0,2,Primaire
03101,1,54.0,1,Aucun
03101,2,9.0,2,Aucun
03101,3,52.0,2,Secondaire
03101,4,41.0,2,Primaire
03101,5,22.0,1,Primaire
03101,6,46.0,2,Primaire
03101,7,58.0,1,Primaire
03101,8,11.0,1,Secondaire
03102,1,25.0,1,Aucun
03102,2,73.0,2,Secondaire
03102,3,13.0,1,Superieur
03102,4,,1,Primaire
03103,1,36.0,1,
03103,2,46.0,2,Aucun
03103,3,66.0,2,Aucun
03103,4,32.0,2,Aucun
03103,5,23.0,2,Aucun
03103,6,45.0,1,Aucun
03104,1,35.0,1,Aucun
03104,2,16.0,1,Aucun
03104,3,73.0,1,Secondaire
03104,4,10.0,1,Aucun
03105,1,34.0,1,Aucun
03105,2,45.0,1,Secondaire
03105,3,33.0,1,Primaire
03105,4,,1,Primaire
03105,5,19.0,2,
03105,6,23.0,1,Primaire
03105,7,42.0,2,Aucun
03106,1,54.0,1,Secondaire
03106,2,0.0,1,Aucun
03106,3,30.0,1,Primaire
03106,4,31.0,1,Aucun
03106,5,8.0,2,Primaire
03106,6,52.0,2,Primaire
03106,7,67.0,2,Aucun
03106,8,69.0,1,Aucun
03107,1,49.0,1,Aucun
03107,2,56.0,1,Primaire
03108,1,44.0,1,Primaire
03108,2,27.0,1,Aucun
03108,3,12.0,1,
03108,4,34.0,1,Aucun
03108,5,50.0,1,Secondaire
03109,1,53.0,1,Aucun
03109,2,50.0,1,Aucun
03109,3,62.0,2,Secondaire
03109,4,65.0,2,Primaire
03109,5,20.0,1,Aucun
03109,6,1.0,2,Aucun
03109,7,71.0,2,Aucun
03110,1,,1,Aucun
03110,2,55.0,2,Aucun
03110,3,12.0,1,Aucun
03110,4,68.0,2,Primaire
03110,5,33.0,1,Superieur
03110,6,59.0,1,Secondaire
03111,1,24.0,2,Primaire
03111,2,62.0,1,
03111,3,31.0,2,Primaire
03112,1,50.0,1,Primaire
03113,1,33.0,1,Aucun
03113,2,5.0,2,Aucun
03113,3,64.0,1,Primaire
03114,1,37.0,1,Primaire
03114,2,3.0,1,
03114,3,52.0,1,Primaire
03114,4,39.0,2,
03114,5,15.0,2,Aucun
03114,6,62.0,1,Primaire
03114,7,66.0,1,Secondaire
03114,8,39.0,1,Secondaire
03114,9,57.0,2,Superieur
03114,10,27.0,2,Aucun
03114,11,30.0,1,Secondaire
03114,12,14.0,2,Aucun
03115,1,40.0,1,Aucun
03115,2,24.0,1,Aucun
03115,3,29.0,1,Primaire
03115,4,67.0,2,Aucun
03115,5,15.0,1,Aucun
03115,6,20.0,2,Aucun
03116,1,55.0,1,Primaire
03116,2,52.0,1,Primaire
03117,1,40.0,1,Aucun
03117,2,19.0,2,Primaire
03117,3,54.0,1,Primaire
03117,4,36.0,1,Secondaire
03117,5,,1,Primaire
03117,6,12.0,2,Aucun
03118,1,56.0,1,Secondaire
03118,2,7.0,2,Primaire
03118,3,50.0,1,Superieur
03118,4,66.0,1,Aucun
03119,1,34.0,2,Superieur
03120,1,37.0,1,
03120,2,52.0,2,Aucun
03120,3,11.0,2,Primaire
03120,4,60.0,1,Aucun
03120,5,37.0,2,Aucun
03120,6,31.0,2,Secondaire
03121,1,23.0,1,Aucun
03121,2,27.0,1,Secondaire
03121,3,15.0,2,Superieur
03121,4,26.0,1,Primaire
03121,5,62.0,1,Aucun
03121,6,49.0,2,Aucun
03122,1,39.0,2,Secondaire
03122,2,41.0,2,Primaire
03123,1,46.0,1,Primaire
03123,2,2.0,2,Aucun
03123,3,4.0,1,Aucun
03123,4,5.0,1,
03123,5,73.0,1,Primaire
03123,6,34.0,2,Secondaire
03123,7,15.0,2,Secondaire
03124,1,49.0,1,Aucun
03124,2,53.0,1,Aucun
03124,3,30.0,2,Secondaire
03124,4,15.0,1,Aucun
03124,5,58.0,2,Primaire
03124,6,47.0,1,
03125,1,26.0,1,Primaire
03125,2,29.0,2,Aucun
03125,3,73.0,2,Aucun
03125,4,5.0,2,Aucun
03125,5,34.0,1,Aucun
03125,6,5.0,2,Aucun
03125,7,16.0,2,Aucun
03126,1,72.0,1,Secondaire
03126,2,38.0,2,Aucun
03126,3,59.0,2,Primaire
03126,4,33.0,1,Secondaire
03126,5,29.0,2,Aucun
03127,1,41.0,1,Superieur
03127,2,66.0,1,Primaire
03127,3,68.0,1,
03127,4,31.0,2,Primaire
03127,5,0.0,2,Aucun
03127,6,13.0,2,Primaire
03127,7,10.0,2,
03127,8,23.0,1,Secondaire
03128,1,50.0,1,Aucun
03128,2,41.0,1,
03128,3,65.0,1,Aucun
03128,4,,1,Primaire
03128,5,25.0,1,Primaire
03128,6,31.0,1,Primaire
03128,7,44.0,1,Aucun
03128,8,,2,Secondaire
03129,1,49.0,1,
03129,2,64.0,1,Aucun
03129,3,48.0,1,Aucun
03129,4,39.0,1,Secondaire
03129,5,74.0,1,Aucun
03129,6,35.0,1,Secondaire
03129,7,56.0,1,Aucun
03129,8,61.0,1,Superieur
03130,1,56.0,1,Aucun
03130,2,3.0,1,Aucun
03130,3,65.0,2,Secondaire
03130,4,68.0,2,Primaire
03130,5,10.0,2,Aucun
03130,6,47.0,2,Secondaire
03131,1,50.0,1,Aucun
03131,2,3.0,1,Aucun
03132,1,39.0,1,Aucun
03132,2,9.0,1,Secondaire
03132,3,37.0,2,Aucun
03132,4,20.0,1,Primaire
03132,5,28.0,1,Aucun
03132,6,14.0,1,Secondaire
03132,7,39.0,1,Primaire
03132,8,46.0,2,Superieur
03132,9,12.0,1,Secondaire
03132,10,14.0,2,Primaire
03133,1,35.0,1,Aucun
03133,2,27.0,1,Primaire
03133,3,5.0,2,Aucun
03133,4,72.0,2,Aucun
03133,5,1.0,2,Aucun
03133,6,58.0,2,Secondaire
03133,7,8.0,1,Primaire
03133,8,22.0,1,Secondaire
03133,9,33.0,2,Primaire
03134,1,46.0,1,Primaire
03134,2,72.0,1,Aucun
03134,3,16.0,2,Secondaire
03134,4,32.0,2,Primaire
03134,5,3.0,1,Aucun
03134,6,31.0,1,Primaire
03134,7,35.0,2,Secondaire
03134,8,35.0,2,Primaire
03134,9,65.0,1,Aucun
03134,10,20.0,2,Primaire
03135,1,38.0,1,Aucun
03135,2,29.0,1,Superieur
03135,3,13.0,2,Secondaire
03135,4,31.0,1,Aucun
03135,5,11.0,1,Primaire
03135,6,7.0,2,Primaire
03135,7,46.0,1,Primaire
03136,1,36.0,1,Primaire
03136,2,27.0,2,Secondaire
03136,3,68.0,2,Aucun
03136,4,70.0,2,Secondaire
03136,5,69.0,1,Secondaire
03136,6,56.0,1,Secondaire
03136,7,72.0,1,Primaire
03137,1,,1,Aucun
03137,2,8.0,1,Aucun
03137,3,60.0,1,Aucun
03138,1,28.0,1,Aucun
03138,2,54.0,2,Aucun
03138,3,32.0,1,Aucun
03138,4,57.0,2,Primaire
03138,5,59.0,2,Primaire
03138,6,39.0,2,Aucun
03138,7,61.0,1,Secondaire
03138,8,28.0,2,Secondaire
03138,9,47.0,2,Aucun
03139,1,43.0,1,Aucun
03139,2,67.0,1,Primaire
03139,3,67.0,1,Aucun
03139,4,22.0,1,Aucun
03140,1,20.0,1,Aucun
03140,2,44.0,1,Secondaire
03140,3,39.0,1,Primaire
03140,4,74.0,1,Primaire
03141,1,53.0,1,Superieur
03141,2,34.0,1,Aucun
03141,3,52.0,2,Aucun
03141,4,52.0,2,Primaire
03141,5,0.0,1,Aucun
03141,6,52.0,2,Aucun
03141,7,44.0,1,Aucun
03141,8,,1,Primaire
03142,1,28.0,1,Primaire
03142,2,20.0,2,Secondaire
03142,3,69.0,1,Aucun
03142,4,65.0,2,Primaire
03142,5,33.0,2,Secondaire
03142,6,55.0,2,Primaire
03142,7,35.0,1,Secondaire
03142,8,17.0,2,Primaire
03142,9,52.0,2,Superieur
03143,1,39.0,2,Primaire
03143,2,10.0,1,Secondaire
03143,3,55.0,1,Primaire
03143,4,22.0,2,Aucun
03144,1,38.0,1,Secondaire
03144,2,36.0,2,Secondaire
03144,3,42.0,1,Superieur
03144,4,64.0,1,Primaire
03144,5,13.0,2,Superieur
03144,6,27.0,1,Aucun
03144,7,8.0,2,Secondaire
03145,1,35.0,1,Aucun
03145,2,53.0,2,Secondaire
03145,3,35.0,1,Primaire
03145,4,30.0,1,Secondaire
03145,5,16.0,1,Secondaire
03145,6,21.0,1,Secondaire
03145,7,59.0,1,Primaire
03145,8,49.0,1,Secondaire
03145,9,48.0,1,Aucun
03146,1,52.0,1,Superieur
03146,2,61.0,2,Aucun
03146,3,2.0,2,Aucun
03147,1,39.0,2,Aucun
03147,2,14.0,1,Secondaire
03147,3,44.0,2,Aucun
03147,4,20.0,2,Secondaire
03147,5,47.0,1,Secondaire
03147,6,12.0,2,Primaire
03147,7,37.0,2,Aucun
03147,8,15.0,1,Aucun
03147,9,38.0,2,Aucun
03148,1,,1,Primaire
03148,2,47.0,2,Superieur
03148,3,5.0,2,Aucun
03148,4,3.0,2,Aucun
03148,5,45.0,1,Aucun
03148,6,73.0,1,Aucun
03148,7,74.0,1,Aucun
03149,1,52.0,1,Primaire
03149,2,66.0,1,Primaire
03149,3,53.0,1,Aucun
03149,4,55.0,2,Superieur
03149,5,6.0,2,Secondaire
03150,1,42.0,1,Primaire
03150,2,73.0,2,Aucun
03150,3,67.0,2,Primaire
03150,4,13.0,1,Secondaire
03150,5,17.0,1,Primaire
03150,6,12.0,2,Aucun
03151,1,30.0,1,Primaire
03151,2,32.0,2,Primaire
03151,3,23.0,2,Primaire
03151,4,74.0,2,Primaire
03151,5,15.0,2,Primaire
03151,6,70.0,1,Secondaire
03151,7,26.0,1,
03152,1,35.0,1,Aucun
03152,2,44.0,1,Aucun
03152,3,55.0,2,Primaire
03152,4,57.0,2,Primaire
03152,5,4.0,1,Aucun
03152,6,51.0,1,Aucun
03152,7,4.0,1,Aucun
03152,8,3.0,1,Aucun
03153,1,52.0,2,Aucun
03153,2,10.0,2,Secondaire
03153,3,9.0,1,Primaire
03153,4,52.0,2,Secondaire
03153,5,18.0,1,
03153,6,14.0,2,Secondaire
03153,7,56.0,2,Primaire
03153,8,74.0,2,Primaire
03153,9,4.0,2,Aucun
03153,10,37.0,2,Aucun
03154,1,37.0,1,Primaire
03154,2,10.0,2,Primaire
03154,3,9.0,1,Aucun
03154,4,17.0,2,Aucun
03154,5,3.0,2,Aucun
03154,6,6.0,1,Secondaire
03155,1,53.0,2,Primaire
03155,2,10.0,1,Primaire
03155,3,14.0,2,Aucun
03155,4,54.0,2,Aucun
03155,5,3.0,1,Aucun
03155,6,43.0,2,Aucun
03155,7,48.0,2,Primaire
03155,8,74.0,1,Aucun
03155,9,61.0,1,Aucun
03155,10,69.0,1,
03155,11,6.0,2,Aucun
03155,12,34.0,1,Aucun
03156,1,58.0,1,Aucun
03156,2,30.0,1,Secondaire
03156,3,67.0,1,
03156,4,21.0,2,Aucun
03156,5,42.0,2,Secondaire
03156,6,24.0,1,Secondaire
03156,7,47.0,2,Secondaire
03157,1,,1,Primaire
03157,2,,1,Primaire
03157,3,13.0,1,Primaire
03158,1,63.0,1,Primaire
03158,2,9.0,1,
03158,3,66.0,2,Secondaire
03158,4,7.0,1,Aucun
03158,5,21.0,1,Primaire
03158,6,1.0,2,Aucun
03158,7,13.0,2,
03158,8,46.0,2,Secondaire
03158,9,15.0,1,Aucun
03158,10,1.0,2,
03158,11,39.0,2,Primaire
03159,1,42.0,1,Primaire
03159,2,64.0,2,Secondaire
03159,3,31.0,1,Primaire
03159,4,69.0,1,Secondaire
03159,5,14.0,1,Primaire
03159,6,11.0,2,Secondaire
03159,7,32.0,1,Aucun
03160,1,41.0,1,Primaire
03160,2,9.0,1,Secondaire
03160,3,,2,Secondaire
03160,4,60.0,1,Aucun
03160,5,65.0,2,Primaire
03160,6,46.0,1,Superieur
03161,1,47.0,1,Secondaire
03161,2,62.0,2,Secondaire
03161,3,23.0,1,Aucun
03161,4,18.0,1,Superieur
03161,5,49.0,2,Primaire
03161,6,16.0,1,Aucun
03162,1,,1,Secondaire
03162,2,67.0,2,Aucun
03162,3,5.0,1,Aucun
03162,4,43.0,2,Aucun
03163,1,,1,
03163,2,27.0,2,Aucun
03163,3,8.0,2,Aucun
03163,4,13.0,2,Secondaire
03163,5,74.0,2,Aucun
03163,6,45.0,2,Aucun
03163,7,69.0,2,Aucun
03164,1,32.0,2,Primaire
03164,2,57.0,2,Primaire
03164,3,61.0,1,Primaire
03164,4,56.0,1,Aucun
03165,1,45.0,1,Aucun
03165,2,68.0,1,Aucun
03165,3,16.0,2,Aucun
03165,4,14.0,2,Primaire
03166,1,56.0,1,Aucun
03166,2,0.0,1,Aucun
03166,3,9.0,2,Aucun
03166,4,11.0,2,Aucun
03167,1,35.0,1,Primaire
03167,2,43.0,1,Aucun
03168,1,39.0,2,Secondaire
03168,2,38.0,1,Aucun
03168,3,12.0,1,Primaire
03168,4,57.0,1,Secondaire
03168,5,44.0,1,Secondaire
03168,6,41.0,1,Aucun
03169,1,42.0,1,Aucun
03169,2,10.0,2,Secondaire
03169,3,65.0,2,Primaire
03169,4,14.0,2,Aucun
03169,5,25.0,2,Aucun
03170,1,33.0,2,Primaire
03170,2,57.0,2,Primaire
03170,3,72.0,2,Aucun
03170,4,25.0,2,Primaire
03170,5,9.0,2,Primaire
03170,6,53.0,2,Primaire
03170,7,24.0,2,Secondaire
03171,1,46.0,1,Secondaire
03172,1,46.0,2,Primaire
03172,2,37.0,2,Aucun
03172,3,18.0,2,Primaire
03172,4,47.0,2,Primaire
03173,1,37.0,1,Primaire
03173,2,69.0,1,Aucun
03173,3,53.0,1,Aucun
03173,4,58.0,2,Primaire
03173,5,11.0,1,Primaire
03174,1,33.0,2,Primaire
03174,2,72.0,1,Primaire
03174,3,67.0,1,Aucun
03174,4,63.0,2,Secondaire
03174,5,23.0,2,Aucun
03174,6,49.0,2,Aucun
03175,1,41.0,1,Aucun
03175,2,29.0,1,Aucun
03175,3,29.0,2,Primaire
03175,4,43.0,1,Secondaire
03175,5,26.0,2,Primaire
03176,1,57.0,1,Primaire
03176,2,55.0,1,Primaire
03176,3,64.0,2,Secondaire
03176,4,15.0,1,Superieur
03176,5,14.0,1,Superieur
03176,6,51.0,2,Primaire
03177,1,39.0,2,Primaire
03177,2,71.0,1,Aucun
03177,3,74.0,2,
03177,4,56.0,1,Aucun
03177,5,25.0,1,Aucun
03178,1,43.0,1,Primaire
03178,2,52.0,1,Primaire
03178,3,1.0,1,Aucun
03178,4,58.0,1,Secondaire
03178,5,64.0,2,Aucun
03178,6,1.0,2,Aucun
03178,7,33.0,1,Primaire
03179,1,54.0,1,Primaire
03179,2,55.0,1,Aucun
03179,3,11.0,2,Primaire
03179,4,52.0,2,Aucun
03179,5,13.0,1,Superieur
03179,6,10.0,2,Aucun
03179,7,29.0,2,Aucun
03180,1,23.0,1,Primaire
03180,2,30.0,2,Primaire
03180,3,31.0,2,Aucun
03180,4,15.0,2,Secondaire
03181,1,31.0,1,Primaire
03181,2,50.0,2,Aucun
03181,3,47.0,2,Primaire
03181,4,61.0,2,Primaire
03181,5,15.0,2,Aucun
03182,1,48.0,1,Primaire
03182,2,20.0,1,Primaire
03182,3,49.0,1,Primaire
03182,4,15.0,2,Aucun
03182,5,47.0,2,Secondaire
03182,6,,1,Primaire
03182,7,57.0,2,Primaire
03182,8,23.0,2,Aucun
03183,1,27.0,1,Primaire
03183,2,6.0,1,Aucun
03184,1,37.0,1,Secondaire
03184,2,13.0,1,Primaire
03184,3,23.0,2,Secondaire
03184,4,72.0,1,Secondaire
03184,5,39.0,1,Primaire
03184,6,13.0,1,Aucun
03184,7,69.0,2,
03184,8,,2,
03185,1,47.0,1,Primaire
03185,2,65.0,1,Secondaire
03185,3,14.0,1,Aucun
03185,4,9.0,1,Primaire
03185,5,31.0,1,Secondaire
03185,6,74.0,1,Secondaire
03186,1,49.0,2,Primaire
03186,2,5.0,1,Aucun
03186,3,26.0,1,Aucun
03186,4,53.0,1,Secondaire
03186,5,17.0,1,Secondaire
03186,6,70.0,2,Primaire
03186,7,73.0,1,Aucun
03186,8,52.0,2,Aucun
03187,1,37.0,1,Secondaire
03187,2,55.0,2,
03187,3,73.0,1,Primaire
03187,4,73.0,1,Aucun
03187,5,11.0,1,Primaire
03187,6,58.0,1,Primaire
03187,7,16.0,1,Aucun
03187,8,24.0,1,Primaire
03187,9,2.0,2,Aucun
03187,10,33.0,1,Secondaire
03187,11,60.0,2,Primaire
03187,12,56.0,2,Aucun
03188,1,40.0,2,Superieur
03188,2,0.0,2,
03188,3,43.0,2,Secondaire
03189,1,53.0,1,Primaire
03189,2,57.0,2,Primaire
03189,3,8.0,2,Aucun
03189,4,18.0,2,Primaire
03189,5,2.0,2,Aucun
03189,6,6.0,2,Secondaire
03189,7,73.0,1,Aucun
03190,1,45.0,1,Primaire
03190,2,61.0,2,Primaire
03190,3,9.0,1,Aucun
03190,4,0.0,1,
03190,5,54.0,2,Secondaire
03190,6,37.0,2,Aucun
03190,7,58.0,2,Secondaire
03190,8,38.0,1,Secondaire
03191,1,20.0,1,Aucun
03192,1,52.0,1,
03192,2,71.0,2,Primaire
03192,3,51.0,1,Superieur
03192,4,14.0,1,Primaire
03192,5,19.0,1,Secondaire
03193,1,45.0,2,Aucun
03193,2,42.0,2,Primaire
03194,1,39.0,1,Secondaire
03194,2,12.0,1,Aucun
03194,3,51.0,1,Secondaire
03194,4,23.0,1,Primaire
03194,5,41.0,2,Secondaire
03194,6,54.0,2,Aucun
03194,7,45.0,1,Primaire
03194,8,26.0,1,Primaire
03195,1,41.0,1,Superieur
03195,2,46.0,2,Secondaire
03195,3,37.0,2,Secondaire
03195,4,47.0,2,Aucun
03195,5,31.0,1,Primaire
03195,6,65.0,1,Aucun
03195,7,45.0,2,Secondaire
03196,1,57.0,1,Aucun
03196,2,9.0,2,Primaire
03196,3,60.0,2,Primaire
03196,4,28.0,1,Primaire
03196,5,70.0,2,
03196,6,1.0,1,Aucun
03196,7,40.0,2,Primaire
03196,8,24.0,2,Aucun
03196,9,39.0,2,Superieur
03197,1,37.0,1,Primaire
03197,2,32.0,1,Primaire
03197,3,54.0,2,Secondaire
03197,4,11.0,2,Primaire
03197,5,54.0,1,Secondaire
03198,1,28.0,1,Aucun
03198,2,72.0,1,Aucun
03198,3,40.0,2,
03199,1,66.0,1,Aucun
03199,2,2.0,2,Aucun
03199,3,4.0,1,Aucun
03199,4,12.0,1,Secondaire
03200,1,37.0,1,Superieur
03200,2,48.0,2,Aucun
03200,3,55.0,2,Secondaire
03200,4,3.0,2,Aucun
03200,5,54.0,2,Aucun
03200,6,56.0,1,Primaire
03200,7,50.0,1,Secondaire
03200,8,47.0,1,Primaire
03200,9,32.0,2,Primaire
03201,1,73.0,2,
03201,2,28.0,1,Primaire
03201,3,64.0,2,Secondaire
03201,4,54.0,1,Aucun
03201,5,50.0,2,Superieur
03201,6,23.0,1,Secondaire
03201,7,2.0,2,Aucun
03201,8,38.0,2,Aucun
03202,1,48.0,1,Aucun
03202,2,16.0,2,Aucun
03202,3,60.0,2,Aucun
03202,4,4.0,2,Aucun
03202,5,32.0,2,Primaire
03202,6,38.0,2,Primaire
03203,1,48.0,1,
03203,2,65.0,1,Aucun
03203,3,4.0,2,Aucun
03203,4,16.0,1,Aucun
03204,1,53.0,1,Aucun
03204,2,25.0,2,Secondaire
03204,3,2.0,1,Aucun
03204,4,61.0,2,Aucun
03204,5,9.0,1,Aucun
03204,6,14.0,1,
03204,7,55.0,1,Aucun
03204,8,56.0,2,Primaire
03205,1,32.0,1,Aucun
03205,2,21.0,1,
03205,3,12.0,1,Primaire
03205,4,69.0,2,Secondaire
03205,5,9.0,2,Aucun
03205,6,72.0,1,Secondaire
03206,1,32.0,1,Primaire
03206,2,51.0,1,Primaire
03206,3,15.0,2,Secondaire
03206,4,70.0,1,Primaire
03206,5,5.0,1,Aucun
03206,6,32.0,2,Primaire
03207,1,45.0,1,Aucun
03207,2,20.0,1,Secondaire
03207,3,63.0,2,
03207,4,14.0,1,Primaire
03207,5,13.0,1,Secondaire
03207,6,51.0,1,Aucun
03207,7,15.0,2,Primaire
03207,8,71.0,2,Secondaire
03208,1,40.0,1,Primaire
03208,2,54.0,2,Primaire
03208,3,4.0,1,Aucun
03208,4,27.0,1,Aucun
03208,5,21.0,1,Secondaire
03208,6,9.0,1,Primaire
03208,7,8.0,2,Aucun
03209,1,25.0,1,Secondaire
03209,2,1.0,1,Aucun
03210,1,34.0,1,Primaire
03210,2,57.0,1,Secondaire
03210,3,70.0,2,Aucun
03210,4,42.0,2,Primaire
03210,5,4.0,1,Aucun
03210,6,41.0,1,Primaire
03211,1,32.0,1,Secondaire
03211,2,36.0,2,Secondaire
03211,3,25.0,2,Primaire
03211,4,2.0,1,Aucun
03211,5,42.0,2,Secondaire
03211,6,48.0,2,Secondaire
03211,7,23.0,1,Secondaire
03211,8,14.0,1,Primaire
03211,9,15.0,2,Primaire
03211,10,0.0,1,Aucun
03211,11,71.0,2,Primaire
03212,1,40.0,1,Primaire
03212,2,42.0,2,Secondaire
03212,3,67.0,2,
03212,4,43.0,1,Secondaire
03212,5,9.0,2,Aucun
03213,1,38.0,1,
03213,2,56.0,1,Aucun
03213,3,21.0,1,Aucun
03213,4,21.0,2,
03213,5,44.0,2,
03213,6,10.0,2,Secondaire
03213,7,69.0,1,Primaire
03213,8,73.0,2,Aucun
03214,1,45.0,1,Secondaire
03214,2,74.0,2,Aucun
03214,3,53.0,2,Primaire
03214,4,22.0,2,Aucun
03214,5,9.0,1,
03214,6,6.0,1,Aucun
03215,1,23.0,1,Aucun
03215,2,63.0,2,Aucun
03215,3,13.0,2,Secondaire
03215,4,27.0,1,Secondaire
03216,1,49.0,1,Primaire
03216,2,39.0,1,Secondaire
03216,3,59.0,2,Primaire
03216,4,12.0,2,Primaire
03216,5,3.0,2,Aucun
03216,6,57.0,1,Aucun
03216,7,28.0,1,Primaire
03216,8,31.0,1,Superieur
03216,9,39.0,1,Primaire
03217,1,50.0,1,Primaire
03218,1,36.0,1,
03218,2,11.0,1,Secondaire
03218,3,,1,Aucun
03219,1,41.0,1,Aucun
03219,2,39.0,2,Primaire
03219,3,16.0,1,Primaire
03219,4,51.0,1,Secondaire
03219,5,49.0,1,
03219,6,70.0,2,Primaire
03219,7,50.0,1,
03220,1,35.0,1,Aucun
03220,2,15.0,2,Aucun
03220,3,35.0,1,Secondaire
03220,4,61.0,2,Secondaire
03220,5,,1,Aucun
03220,6,32.0,2,Primaire
03221,1,44.0,1,Aucun
03221,2,1.0,1,Aucun
03221,3,11.0,1,Aucun
03221,4,41.0,2,Primaire
03221,5,49.0,1,Aucun
03221,6,67.0,2,Secondaire
03221,7,15.0,2,Aucun
03221,8,35.0,1,Primaire
03221,9,14.0,1,Secondaire
03221,10,71.0,2,Primaire
03221,11,64.0,2,Primaire
03222,1,42.0,2,Aucun
03222,2,41.0,1,Primaire
03222,3,0.0,1,Aucun
03222,4,8.0,1,
03222,5,4.0,1,Aucun
03222,6,19.0,1,Aucun
03223,1,33.0,1,Aucun
03223,2,8.0,1,Secondaire
03223,3,22.0,2,
03223,4,48.0,2,Secondaire
03223,5,20.0,2,Primaire
03224,1,52.0,1,Aucun
03224,2,16.0,2,Aucun
03224,3,36.0,1,Primaire
03224,4,61.0,1,Superieur
03225,1,42.0,2,Aucun
03225,2,52.0,2,Aucun
03225,3,67.0,1,Secondaire
03225,4,18.0,2,Superieur
03225,5,39.0,1,Primaire
03225,6,15.0,1,Primaire
03225,7,3.0,2,Aucun
03225,8,61.0,2,Superieur
03226,1,33.0,1,Aucun
03226,2,18.0,1,Aucun
03226,3,39.0,1,Primaire
03226,4,7.0,2,Primaire
03226,5,59.0,2,Primaire
03226,6,72.0,1,Aucun
03227,1,35.0,1,Aucun
03227,2,61.0,2,Superieur
03227,3,66.0,2,Secondaire
03227,4,35.0,1,Secondaire
03228,1,51.0,1,Aucun
03228,2,41.0,2,Aucun
03228,3,35.0,2,Primaire
03228,4,55.0,1,Primaire
03228,5,32.0,1,Aucun
03228,6,68.0,1,Aucun
03228,7,51.0,2,Primaire
03229,1,60.0,1,Primaire
03229,2,8.0,2,Superieur
03229,3,57.0,2,Secondaire
03229,4,62.0,1,Primaire
03229,5,33.0,2,Primaire
03230,1,41.0,1,Aucun
03230,2,2.0,2,Aucun
03230,3,73.0,2,Secondaire
03230,4,2.0,1,
03230,5,13.0,2,Primaire
03230,6,16.0,2,Primaire
03230,7,53.0,1,Secondaire
03231,1,50.0,1,Aucun
03231,2,64.0,1,Primaire
03231,3,42.0,2,Primaire
03231,4,55.0,2,Aucun
03231,5,20.0,1,Aucun
03231,6,1.0,2,Aucun
03231,7,68.0,2,Secondaire
03231,8,7.0,2,Superieur
03232,1,40.0,2,Aucun
03232,2,67.0,1,Primaire
03232,3,22.0,1,Aucun
03232,4,51.0,1,Secondaire
03232,5,60.0,2,Aucun
03232,6,10.0,1,Primaire
03233,1,25.0,1,Aucun
03233,2,69.0,2,Aucun
03233,3,40.0,1,Aucun
03233,4,58.0,1,Primaire
03234,1,44.0,1,Secondaire
03234,2,69.0,1,Secondaire
03234,3,73.0,2,Aucun
03234,4,38.0,2,
03234,5,11.0,2,Secondaire
03234,6,32.0,1,Primaire
03234,7,21.0,1,Primaire
03234,8,24.0,2,Primaire
03235,1,,1,Primaire
03235,2,28.0,2,Primaire
03235,3,,2,Aucun
03235,4,13.0,2,Primaire
03235,5,74.0,1,Aucun
03235,6,51.0,1,Primaire
03236,1,72.0,1,Primaire
03236,2,69.0,2,
03236,3,66.0,2,
03236,4,22.0,2,Aucun
03237,1,31.0,2,Secondaire
03237,2,36.0,2,Secondaire
03237,3,4.0,1,Aucun
03237,4,58.0,1,Aucun
03237,5,31.0,2,Secondaire
03237,6,66.0,1,Aucun
03238,1,39.0,1,Primaire
03238,2,73.0,1,
03238,3,21.0,2,Primaire
03238,4,72.0,1,Aucun
03238,5,53.0,1,Primaire
03238,6,37.0,1,Secondaire
03238,7,4.0,1,Aucun
03239,1,43.0,1,Aucun
03239,2,19.0,2,Primaire
03239,3,15.0,1,Secondaire
03239,4,74.0,1,Aucun
03239,5,56.0,1,Secondaire
03240,1,59.0,2,Secondaire
03240,2,26.0,2,Secondaire
03240,3,28.0,1,Aucun
03240,4,45.0,2,Aucun
03241,1,43.0,1,Superieur
03241,2,,2,Aucun
03241,3,,1,
03241,4,25.0,1,Primaire
03241,5,10.0,2,
03241,6,47.0,1,Secondaire
03242,1,20.0,2,Aucun
03242,2,21.0,1,Secondaire
03242,3,58.0,1,
03242,4,49.0,1,Primaire
03242,5,29.0,1,Primaire
03242,6,19.0,1,Secondaire
03242,7,33.0,2,Secondaire
03243,1,68.0,2,Aucun
03243,2,39.0,1,Secondaire
03243,3,33.0,2,Secondaire
03243,4,11.0,2,Secondaire
03243,5,4.0,2,Aucun
03243,6,23.0,1,Primaire
03244,1,51.0,1,Aucun
03244,2,48.0,1,Primaire
03244,3,69.0,2,Primaire
03244,4,9.0,1,Secondaire
03244,5,34.0,2,Superieur
03244,6,34.0,1,Secondaire
03244,7,1.0,1,Aucun
03244,8,58.0,2,Secondaire
03244,9,7.0,2,Superieur
03244,10,67.0,2,Primaire
03245,1,,1,
03245,2,73.0,1,Aucun
03245,3,60.0,2,Aucun
03245,4,55.0,1,Primaire
03245,5,1.0,2,Aucun
03245,6,33.0,1,Aucun
03246,1,48.0,2,Aucun
03246,2,29.0,2,Secondaire
03246,3,2.0,2,Aucun
03247,1,40.0,1,Aucun
03247,2,28.0,2,
03247,3,5.0,1,Aucun
03247,4,23.0,1,Secondaire
03248,1,41.0,1,Aucun
03248,2,20.0,2,Secondaire
03248,3,72.0,1,Aucun
03248,4,52.0,2,Aucun
03248,5,38.0,1,Primaire
03248,6,57.0,2,Secondaire
03248,7,44.0,2,Aucun
03249,1,39.0,1,Aucun
03249,2,43.0,2,Secondaire
03249,3,17.0,2,Secondaire
03249,4,18.0,1,Primaire
03249,5,2.0,1,Aucun
03249,6,,2,Primaire
03250,1,33.0,1,Primaire
03250,2,15.0,2,Aucun
03250,3,25.0,2,Aucun
03250,4,22.0,1,Aucun
03250,5,44.0,1,Aucun
03250,6,17.0,2,Aucun
03251,1,43.0,2,Secondaire
03251,2,34.0,2,Secondaire
03251,3,24.0,2,Primaire
03251,4,69.0,2,Primaire
03251,5,,2,Primaire
03251,6,53.0,2,Primaire
03251,7,59.0,1,Aucun
03252,1,58.0,2,Primaire
03252,2,39.0,2,Primaire
03252,3,54.0,2,Primaire
03252,4,54.0,2,Secondaire
03252,5,51.0,1,Aucun
03252,6,54.0,2,Secondaire
03252,7,35.0,2,Primaire
03252,8,10.0,2,Aucun
03253,1,47.0,1,Aucun
03253,2,67.0,2,Secondaire
03253,3,24.0,1,Aucun
03254,1,45.0,1,
03254,2,12.0,2,Primaire
03254,3,48.0,2,Primaire
03254,4,11.0,2,Primaire
03254,5,69.0,1,Primaire
03255,1,21.0,1,Superieur
03255,2,60.0,1,Secondaire
03255,3,16.0,1,Primaire
03255,4,55.0,1,Primaire
03255,5,11.0,1,Primaire
03255,6,,2,Secondaire
03255,7,28.0,1,
03255,8,52.0,1,Secondaire
03256,1,37.0,2,Primaire
03256,2,72.0,2,
03256,3,33.0,2,Primaire
03256,4,5.0,2,Aucun
03256,5,21.0,2,Aucun
03257,1,36.0,1,Secondaire
03257,2,33.0,2,Secondaire
03257,3,72.0,2,Aucun
03257,4,71.0,1,Aucun
03257,5,66.0,2,Aucun
03258,1,40.0,1,Aucun
03258,2,1.0,2,Aucun
03258,3,6.0,1,Secondaire
03258,4,15.0,2,Secondaire
03258,5,2.0,2,Aucun
03258,6,47.0,2,
03258,7,72.0,1,Primaire
03258,8,35.0,1,Secondaire
03258,9,53.0,1,Superieur
03259,1,70.0,2,Aucun
03259,2,,1,Secondaire
03259,3,58.0,2,Superieur
03259,4,10.0,1,Aucun
03259,5,18.0,1,Primaire
03259,6,51.0,2,Aucun
03260,1,,1,Aucun
03260,2,65.0,2,Aucun
03260,3,61.0,2,Secondaire
03261,1,45.0,1,
03261,2,50.0,1,Superieur
03261,3,5.0,1,Aucun
03261,4,35.0,1,Primaire
03261,5,43.0,2,Primaire
03261,6,14.0,1,Aucun
03262,1,48.0,1,Primaire
03262,2,3.0,2,Aucun
03262,3,11.0,1,Secondaire
03262,4,2.0,2,Aucun
03262,5,43.0,1,Secondaire
03263,1,42.0,1,Primaire
03263,2,41.0,1,Aucun
03263,3,9.0,2,Primaire
03263,4,72.0,2,Aucun
03263,5,30.0,1,Aucun
03263,6,43.0,1,Aucun
03263,7,45.0,1,Primaire
03264,1,38.0,1,Secondaire
03264,2,32.0,2,Primaire
03264,3,68.0,2,Aucun
03264,4,58.0,2,Aucun
03264,5,30.0,2,Aucun
03264,6,3.0,1,Aucun
03264,7,35.0,2,Primaire
03264,8,7.0,2,Superieur
03264,9,14.0,1,Secondaire
03265,1,32.0,1,Superieur
03265,2,48.0,2,
03265,3,3.0,2,Aucun
03265,4,59.0,2,Aucun
03265,5,8.0,2,Primaire
03265,6,30.0,2,Secondaire
03265,7,57.0,1,Primaire
03266,1,67.0,1,Aucun
03266,2,68.0,1,Secondaire
03266,3,71.0,1,Primaire
03266,4,49.0,1,Primaire
03267,1,39.0,1,Aucun
03267,2,34.0,2,Primaire
03267,3,54.0,2,Aucun
03267,4,64.0,2,Primaire
03267,5,11.0,1,Primaire
03267,6,11.0,2,Primaire
03267,7,24.0,2,
03267,8,71.0,1,Secondaire
03268,1,38.0,1,Primaire
03268,2,11.0,1,Aucun
03268,3,1.0,2,Aucun
03268,4,6.0,2,Secondaire
03268,5,72.0,1,Superieur
03268,6,32.0,2,Primaire
03268,7,12.0,1,Primaire
03269,1,36.0,1,Primaire
03269,2,72.0,1,Aucun
03269,3,67.0,1,Superieur
03269,4,11.0,1,Primaire
03269,5,10.0,1,Aucun
03270,1,51.0,2,Secondaire
03270,2,43.0,2,Aucun
03270,3,,1,Aucun
03270,4,55.0,2,Secondaire
03270,5,73.0,2,Aucun
03270,6,3.0,2,Aucun
03270,7,44.0,2,Aucun
03270,8,14.0,2,Primaire
03271,1,27.0,1,Primaire
03271,2,39.0,1,Aucun
03271,3,,1,Aucun
03271,4,60.0,2,Aucun
03271,5,55.0,1,
03271,6,73.0,2,Aucun
03271,7,,2,Aucun
03271,8,60.0,2,Aucun
03272,1,52.0,1,Secondaire
03272,2,48.0,2,Primaire
03272,3,41.0,1,Aucun
03272,4,31.0,2,Aucun
03272,5,61.0,2,Primaire
03272,6,30.0,1,Aucun
03272,7,41.0,2,Aucun
03272,8,9.0,2,Aucun
03273,1,33.0,1,Aucun
03273,2,55.0,2,Primaire
03273,3,41.0,2,Primaire
03273,4,55.0,1,Aucun
03273,5,69.0,1,
03273,6,60.0,1,Aucun
03274,1,29.0,1,Aucun
03274,2,74.0,2,Primaire
03274,3,70.0,1,Aucun
03274,4,34.0,2,Primaire
03274,5,8.0,2,Aucun
03274,6,72.0,2,Primaire
03275,1,76.0,1,Aucun
03275,2,62.0,2,Aucun
03275,3,36.0,2,Secondaire
03275,4,22.0,2,Aucun
03275,5,24.0,1,Secondaire
03275,6,41.0,1,
03275,7,16.0,1,Aucun
03275,8,15.0,1,Aucun
03276,1,43.0,1,Aucun
03276,2,12.0,1,Aucun
03276,3,72.0,1,
03276,4,22.0,2,Primaire
03276,5,7.0,2,Secondaire
03276,6,15.0,1,Primaire
03277,1,42.0,1,Secondaire
03277,2,18.0,2,Aucun
03277,3,37.0,1,
03277,4,21.0,1,Aucun
03277,5,28.0,2,Superieur
03277,6,70.0,1,Secondaire
03277,7,59.0,1,Primaire
03278,1,30.0,1,Primaire
03278,2,65.0,2,Secondaire
03279,1,50.0,1,Aucun
03279,2,68.0,1,Primaire
03279,3,54.0,2,Aucun
03279,4,3.0,1,Aucun
03279,5,63.0,1,Primaire
03279,6,26.0,1,Primaire
03280,1,45.0,1,Aucun
03280,2,48.0,1,Aucun
03280,3,72.0,1,Primaire
03280,4,31.0,2,Superieur
03280,5,60.0,2,Primaire
03280,6,66.0,1,Secondaire
03280,7,38.0,1,Primaire
03280,8,25.0,2,
03280,9,4.0,1,Aucun
03280,10,54.0,2,Aucun
03280,11,0.0,1,Aucun
03281,1,26.0,1,Aucun
03281,2,64.0,2,Aucun
03281,3,56.0,1,Superieur
03281,4,44.0,2,Aucun
03281,5,11.0,2,Aucun
03281,6,31.0,2,Aucun
03282,1,35.0,1,Primaire
03282,2,3.0,2,Aucun
03282,3,66.0,1,Aucun
03282,4,57.0,1,Aucun
03283,1,47.0,1,Aucun
03283,2,28.0,1,Secondaire
03283,3,28.0,1,Primaire
03283,4,28.0,2,Secondaire
03283,5,12.0,2,Primaire
03284,1,28.0,1,Primaire
03284,2,18.0,1,Aucun
03284,3,69.0,2,Secondaire
03284,4,65.0,1,Aucun
03284,5,37.0,1,Secondaire
03284,6,34.0,2,Secondaire
03284,7,31.0,1,Aucun
03284,8,14.0,1,Primaire
03285,1,31.0,2,Primaire
03285,2,47.0,2,Aucun
03285,3,72.0,2,Aucun
03285,4,4.0,1,Aucun
03285,5,6.0,2,Aucun
03285,6,10.0,1,Primaire
03285,7,48.0,1,Primaire
03285,8,38.0,1,Secondaire
03286,1,34.0,1,Secondaire
03286,2,14.0,2,Secondaire
03286,3,67.0,1,
03286,4,46.0,2,Secondaire
03286,5,58.0,1,Primaire
03286,6,21.0,1,Aucun
03286,7,34.0,2,Primaire
03286,8,35.0,1,Aucun
03286,9,41.0,1,Aucun
03287,1,52.0,1,Superieur
03287,2,55.0,2,Aucun
03287,3,35.0,2,Secondaire
03287,4,72.0,2,
03287,5,22.0,1,Aucun
03287,6,31.0,1,Aucun
03288,1,58.0,1,Aucun
03288,2,72.0,1,Secondaire
03288,3,33.0,1,Aucun
03288,4,39.0,1,Secondaire
03288,5,69.0,2,Aucun
03288,6,54.0,2,Superieur
03289,1,31.0,2,Secondaire
03289,2,16.0,2,Aucun
03289,3,50.0,1,Aucun
03289,4,10.0,1,Primaire
03289,5,17.0,1,Primaire
03289,6,32.0,1,Primaire
03289,7,19.0,2,Aucun
03289,8,18.0,2,Aucun
03289,9,18.0,2,Aucun
03290,1,45.0,1,Secondaire
03290,2,62.0,1,Aucun
03290,3,56.0,1,Aucun
03291,1,31.0,2,Superieur
03291,2,42.0,2,Primaire
03291,3,58.0,2,Secondaire
03291,4,15.0,2,Primaire
03291,5,54.0,2,Aucun
03291,6,3.0,1,Aucun
03291,7,40.0,2,Secondaire
03291,8,71.0,1,Aucun
03292,1,47.0,1,Secondaire
03292,2,44.0,2,Primaire
03292,3,64.0,2,Secondaire
03292,4,51.0,2,Aucun
03292,5,33.0,1,Primaire
03292,6,32.0,1,Secondaire
03292,7,32.0,2,Aucun
03292,8,70.0,2,
03293,1,24.0,1,Aucun
03293,2,31.0,1,
03293,3,46.0,1,Superieur
03293,4,19.0,2,Secondaire
03293,5,47.0,2,Primaire
03293,6,4.0,1,Aucun
03293,7,52.0,2,Secondaire
03294,1,46.0,2,
03294,2,0.0,2,Aucun
03295,1,48.0,1,Aucun
03295,2,3.0,2,
03295,3,68.0,2,Aucun
03295,4,30.0,1,Aucun
03295,5,30.0,1,Aucun
03295,6,8.0,1,Aucun
03296,1,31.0,1,Primaire
03296,2,16.0,1,Primaire
03296,3,19.0,2,Secondaire
03296,4,18.0,1,Secondaire
03296,5,10.0,1,Aucun
03296,6,5.0,2,Aucun
03297,1,48.0,1,Primaire
03297,2,53.0,2,Secondaire
03297,3,53.0,2,Primaire
03297,4,73.0,1,Primaire
03298,1,51.0,2,Aucun
03298,2,20.0,2,Aucun
03298,3,21.0,2,Aucun
03298,4,42.0,1,Primaire
03298,5,35.0,1,Aucun
03298,6,37.0,2,
03299,1,51.0,1,Aucun
03299,2,3.0,1,Aucun
03299,3,35.0,2,Aucun
03299,4,59.0,2,Primaire
03299,5,27.0,2,Aucun
03299,6,56.0,2,Secondaire
03299,7,18.0,1,Primaire
03299,8,43.0,2,Primaire
03300,1,45.0,1,Primaire
03301,1,24.0,2,Secondaire
03301,2,45.0,1,Superieur
03301,3,35.0,1,Aucun
03301,4,12.0,2,Primaire
03301,5,57.0,2,Superieur
03301,6,57.0,2,Secondaire
03301,7,22.0,1,Aucun
03301,8,1.0,1,Aucun
03301,9,15.0,1,Primaire
03302,1,31.0,1,Secondaire
03302,2,41.0,2,Secondaire
03302,3,2.0,1,Aucun
03302,4,13.0,1,Primaire
03302,5,1.0,2,Aucun
03303,1,51.0,1,Secondaire
03303,2,59.0,1,Aucun
03303,3,51.0,1,Secondaire
03303,4,3.0,2,Aucun
03303,5,13.0,2,Aucun
03303,6,21.0,2,Primaire
03303,7,37.0,1,Primaire
03303,8,,2,Secondaire
03304,1,42.0,2,Aucun
03304,2,52.0,1,Primaire
03304,3,49.0,2,Superieur
03304,4,36.0,1,Secondaire
03304,5,53.0,2,Aucun
03305,1,46.0,1,Aucun
03305,2,54.0,2,Secondaire
03305,3,51.0,2,Primaire
03305,4,66.0,1,Primaire
03306,1,40.0,1,Primaire
03306,2,48.0,2,Secondaire
03306,3,29.0,2,Primaire
03306,4,53.0,1,Aucun
03306,5,58.0,2,
03306,6,53.0,2,Superieur
03306,7,69.0,1,Primaire
03306,8,15.0,1,Secondaire
03306,9,43.0,2,Secondaire
03306,10,,1,Secondaire
03306,11,21.0,1,Aucun
03306,12,45.0,1,Aucun
03306,13,60.0,1,Aucun
03307,1,29.0,1,Primaire
03307,2,46.0,1,Secondaire
03307,3,,2,Aucun
03307,4,7.0,1,Aucun
03307,5,48.0,2,Aucun
03307,6,62.0,1,Primaire
03307,7,61.0,1,Secondaire
03308,1,53.0,1,Secondaire
03308,2,44.0,1,Secondaire
03308,3,41.0,1,Secondaire
03308,4,18.0,2,Aucun
03308,5,7.0,2,Aucun
03308,6,51.0,1,Primaire
03308,7,56.0,1,Secondaire
03308,8,17.0,2,
03308,9,67.0,2,Primaire
03309,1,43.0,1,Aucun
03309,2,52.0,1,Primaire
03309,3,2.0,2,Aucun
03309,4,36.0,2,Aucun
03310,1,43.0,1,Aucun
03310,2,46.0,1,Primaire
03310,3,63.0,1,Aucun
03310,4,46.0,1,Primaire
03310,5,38.0,2,Secondaire
03310,6,0.0,2,Aucun
03310,7,67.0,2,Primaire
03311,1,28.0,2,Aucun
03311,2,26.0,2,Primaire
03311,3,6.0,2,Secondaire
03311,4,21.0,2,Secondaire
03311,5,12.0,2,Superieur
03311,6,13.0,2,Aucun
03311,7,44.0,2,Superieur
03311,8,64.0,1,Secondaire
03312,1,45.0,1,
03312,2,48.0,2,Primaire
03312,3,66.0,1,Primaire
03312,4,46.0,1,Aucun
03312,5,29.0,2,Secondaire
03312,6,40.0,2,Secondaire
03312,7,44.0,2,Primaire
03312,8,47.0,1,Aucun
03313,1,54.0,1,Aucun
03313,2,58.0,1,Aucun
03313,3,0.0,1,Aucun
03313,4,53.0,2,Superieur
03313,5,19.0,1,Secondaire
03314,1,36.0,1,Secondaire
03314,2,25.0,1,Aucun
03314,3,0.0,1,Aucun
03314,4,53.0,2,Secondaire
03314,5,18.0,2,Primaire
03314,6,9.0,2,Aucun
03314,7,12.0,1,Primaire
03314,8,25.0,1,Secondaire
03314,9,31.0,2,Primaire
03315,1,38.0,1,Primaire
03315,2,16.0,1,Primaire
03315,3,47.0,2,Primaire
03315,4,21.0,1,Secondaire
03316,1,45.0,2,Aucun
03316,2,24.0,1,Secondaire
03316,3,53.0,1,Aucun
03316,4,41.0,2,Aucun
03317,1,49.0,1,Aucun
03317,2,36.0,2,Aucun
03317,3,25.0,1,Primaire
03317,4,21.0,2,Primaire
03317,5,2.0,2,
03317,6,49.0,2,Aucun
03317,7,36.0,1,Secondaire
03318,1,50.0,1,Secondaire
03318,2,21.0,2,Primaire
03318,3,6.0,1,Primaire
03318,4,6.0,1,Primaire
03318,5,3.0,2,Aucun
03318,6,27.0,1,Primaire
03318,7,30.0,1,Secondaire
03318,8,51.0,2,Primaire
03318,9,8.0,2,Secondaire
03319,1,39.0,1,Primaire
03319,2,47.0,1,Superieur
03319,3,46.0,2,Secondaire
03319,4,,2,Aucun
03319,5,6.0,1,Aucun
03319,6,1.0,1,Aucun
03320,1,27.0,1,Aucun
03320,2,56.0,1,Aucun
03320,3,53.0,2,Secondaire
03320,4,41.0,1,Aucun
03320,5,64.0,1,Primaire
03320,6,54.0,1,Secondaire
03320,7,71.0,1,Primaire
03320,8,29.0,1,Aucun
03321,1,47.0,1,Aucun
03321,2,71.0,2,Primaire
03321,3,32.0,2,Primaire
03321,4,31.0,2,
03321,5,19.0,1,
03321,6,10.0,2,Secondaire
03322,1,49.0,1,Aucun
03322,2,0.0,2,Aucun
03322,3,36.0,2,Primaire
03322,4,17.0,2,Secondaire
03323,1,53.0,1,Secondaire
03323,2,43.0,2,Aucun
03323,3,56.0,2,Primaire
03323,4,33.0,1,Secondaire
03323,5,60.0,2,Aucun
03323,6,17.0,2,Aucun
03323,7,8.0,2,Primaire
03323,8,74.0,2,Aucun
03323,9,62.0,1,Aucun
03324,1,49.0,1,Aucun
03324,2,39.0,1,Aucun
03324,3,21.0,1,Aucun
03324,4,56.0,2,Primaire
03324,5,47.0,1,Aucun
03324,6,43.0,2,Aucun
03324,7,33.0,1,Primaire
03325,1,36.0,1,Primaire
03325,2,26.0,1,Primaire
03325,3,41.0,1,Primaire
03325,4,64.0,1,Aucun
03325,5,21.0,2,Aucun
03325,6,23.0,2,Secondaire
03325,7,61.0,2,Secondaire
03325,8,21.0,2,Primaire
03325,9,2.0,1,Aucun
03325,10,20.0,2,Primaire
03325,11,65.0,1,Primaire
03326,1,55.0,1,Superieur
03326,2,46.0,2,Primaire
03326,3,60.0,2,Primaire
03326,4,31.0,2,Aucun
03326,5,27.0,1,Secondaire
03326,6,39.0,1,Primaire
03326,7,56.0,2,Primaire
03327,1,,1,
03327,2,55.0,1,Aucun
03327,3,24.0,1,Primaire
03327,4,51.0,2,Primaire
03327,5,41.0,2,Secondaire
03328,1,33.0,1,Aucun
03328,2,40.0,1,Secondaire
03328,3,58.0,1,Secondaire
03328,4,40.0,2,Aucun
03328,5,65.0,2,Aucun
03328,6,43.0,2,Secondaire
03329,1,44.0,1,Primaire
03329,2,56.0,2,Secondaire
03329,3,49.0,2,Aucun
03329,4,17.0,1,Secondaire
03329,5,28.0,2,Aucun
03329,6,27.0,2,Aucun
03330,1,54.0,1,Aucun
03330,2,59.0,1,Aucun
03330,3,3.0,1,
03330,4,64.0,1,Superieur
03330,5,54.0,1,
03330,6,22.0,1,Superieur
03331,1,32.0,1,Aucun
03331,2,24.0,2,Secondaire
03331,3,37.0,2,Primaire
03331,4,25.0,1,Aucun
03331,5,10.0,2,Aucun
03331,6,12.0,2,Aucun
03331,7,57.0,1,Aucun
03332,1,46.0,2,Aucun
03332,2,5.0,1,
03332,3,47.0,2,Primaire
03332,4,34.0,1,Secondaire
03332,5,25.0,2,Aucun
03332,6,10.0,1,Secondaire
03332,7,52.0,2,Secondaire
03333,1,64.0,1,Aucun
03333,2,29.0,1,Primaire
03333,3,18.0,2,Secondaire
03333,4,33.0,1,Primaire
03333,5,34.0,1,Secondaire
03333,6,23.0,1,Aucun
03333,7,30.0,2,Aucun
03333,8,42.0,2,
03333,9,28.0,2,Aucun
03334,1,57.0,1,Primaire
03334,2,60.0,1,Primaire
03334,3,60.0,2,Aucun
03334,4,22.0,2,Secondaire
03335,1,44.0,1,Secondaire
03335,2,21.0,2,Secondaire
03335,3,50.0,2,Secondaire
03335,4,62.0,2,Primaire
03335,5,51.0,1,Primaire
03335,6,68.0,2,Primaire
03335,7,52.0,2,Primaire
03336,1,34.0,1,Aucun
03336,2,33.0,1,Secondaire
03336,3,30.0,1,
03336,4,59.0,1,
03336,5,3.0,2,Aucun
03336,6,70.0,1,Secondaire
03336,7,33.0,1,Primaire
03336,8,41.0,2,Aucun
03337,1,59.0,1,Aucun
03337,2,3.0,1,Aucun
03337,3,58.0,2,Primaire
03337,4,49.0,1,
03338,1,54.0,1,Secondaire
03338,2,11.0,1,Aucun
03338,3,3.0,1,Aucun
03338,4,19.0,1,Aucun
03338,5,65.0,1,Aucun
03338,6,45.0,2,Primaire
03338,7,24.0,2,Aucun
03339,1,39.0,2,Secondaire
03339,2,9.0,1,Aucun
03339,3,45.0,1,Secondaire
03340,1,63.0,1,Aucun
03340,2,49.0,2,Secondaire
03340,3,10.0,2,Secondaire
03340,4,45.0,1,Aucun
03341,1,59.0,1,Primaire
03341,2,34.0,2,Aucun
03341,3,31.0,1,Secondaire
03341,4,,2,Primaire
03341,5,74.0,2,Aucun
03341,6,19.0,2,Aucun
03341,7,73.0,2,Aucun
03341,8,0.0,1,Aucun
03342,1,49.0,1,Aucun
03342,2,73.0,1,Aucun
03342,3,44.0,2,Primaire
03342,4,37.0,1,Aucun
03342,5,44.0,2,Secondaire
03342,6,5.0,2,Aucun
03343,1,57.0,1,Aucun
03343,2,18.0,2,Aucun
03343,3,31.0,2,Secondaire
03343,4,25.0,2,Superieur
03343,5,0.0,2,Aucun
03343,6,,2,
03343,7,,1,Aucun
03344,1,49.0,2,Primaire
03344,2,36.0,2,Primaire
03344,3,43.0,1,Aucun
03344,4,25.0,1,Secondaire
03344,5,19.0,1,Primaire
03344,6,6.0,1,Aucun
03344,7,,2,Primaire
03344,8,29.0,2,Aucun
03345,1,63.0,2,Aucun
03345,2,18.0,2,Secondaire
03345,3,6.0,2,Primaire
03345,4,46.0,2,Aucun
03345,5,63.0,2,Secondaire
03345,6,15.0,1,
03345,7,47.0,2,Primaire
03345,8,44.0,2,Secondaire
03346,1,54.0,1,Primaire
03346,2,22.0,2,Aucun
03346,3,73.0,1,Aucun
03347,1,33.0,2,Secondaire
03347,2,39.0,1,Secondaire
03347,3,10.0,1,Superieur
03347,4,51.0,2,Superieur
03348,1,54.0,1,Secondaire
03349,1,52.0,1,Superieur
03349,2,2.0,2,Aucun
03349,3,3.0,2,Aucun
03349,4,74.0,1,Primaire
03350,1,36.0,1,Primaire
03350,2,51.0,2,Aucun
03350,3,49.0,1,Aucun
03350,4,71.0,1,Primaire
03350,5,70.0,2,Secondaire
03350,6,22.0,1,Primaire
03350,7,6.0,1,Secondaire
03350,8,17.0,1,Aucun
03351,1,39.0,1,
03351,2,50.0,1,Primaire
03351,3,68.0,2,
03351,4,12.0,2,Primaire
03351,5,31.0,2,Aucun
03351,6,63.0,2,Secondaire
03351,7,2.0,2,Aucun
03351,8,28.0,1,Secondaire
03352,1,25.0,2,Aucun
03352,2,16.0,2,Primaire
03353,1,48.0,1,Aucun
03353,2,64.0,2,Primaire
03353,3,68.0,1,Aucun
03353,4,31.0,2,Primaire
03353,5,47.0,1,Secondaire
03353,6,29.0,1,Aucun
03353,7,17.0,1,Secondaire
03354,1,29.0,1,Aucun
03354,2,27.0,1,Primaire
03354,3,3.0,1,Aucun
03354,4,31.0,2,Primaire
03354,5,10.0,2,Aucun
03354,6,46.0,1,Primaire
03354,7,67.0,1,Aucun
03354,8,33.0,2,Primaire
03354,9,20.0,1,Aucun
03355,1,74.0,1,Primaire
03355,2,48.0,2,Aucun
03355,3,6.0,2,Aucun
03355,4,48.0,1,Primaire
03355,5,11.0,2,Aucun
03355,6,,1,Primaire
03355,7,44.0,1,Primaire
03356,1,59.0,1,
03356,2,53.0,1,Aucun
03356,3,46.0,1,Aucun
03356,4,47.0,2,Aucun
03356,5,36.0,2,Primaire
03356,6,0.0,1,Aucun
03356,7,1.0,2,Aucun
03356,8,14.0,1,Aucun
03356,9,70.0,1,Aucun
03357,1,43.0,1,Aucun
03357,2,18.0,1,Primaire
03358,1,37.0,1,Aucun
03358,2,39.0,1,Aucun
03358,3,58.0,2,Primaire
03359,1,47.0,1,Secondaire
03359,2,73.0,1,Aucun
03359,3,30.0,2,Aucun
03359,4,47.0,2,Primaire
03359,5,10.0,1,Aucun
03359,6,15.0,1,Aucun
03359,7,44.0,1,Primaire
03359,8,61.0,2,Secondaire
03360,1,39.0,1,Aucun
03360,2,8.0,1,Primaire
03360,3,53.0,2,Aucun
03360,4,4.0,1,Aucun
03360,5,19.0,1,Superieur
03360,6,56.0,2,Secondaire
03360,7,66.0,2,Primaire
03360,8,45.0,2,Secondaire
03360,9,24.0,1,Aucun
03361,1,36.0,1,Aucun
03361,2,27.0,2,Primaire
03361,3,42.0,2,Primaire
03361,4,34.0,2,
03361,5,40.0,1,Aucun
03361,6,60.0,1,Primaire
03362,1,70.0,1,Primaire
03362,2,12.0,2,
03362,3,44.0,1,Aucun
03362,4,56.0,2,Primaire
03362,5,37.0,1,Aucun
03362,6,13.0,1,Primaire
03363,1,58.0,1,Primaire
03363,2,69.0,2,Primaire
03363,3,33.0,2,Primaire
03363,4,26.0,1,Aucun
03363,5,60.0,2,Aucun
03363,6,47.0,2,Aucun
03363,7,65.0,1,Secondaire
03363,8,5.0,2,Aucun
03363,9,11.0,1,Primaire
03364,1,41.0,1,Primaire
03364,2,63.0,1,Aucun
03364,3,38.0,1,Aucun
03364,4,61.0,1,Secondaire
03364,5,9.0,2,Primaire
03364,6,53.0,2,Secondaire
03364,7,48.0,2,Primaire
03364,8,21.0,1,Primaire
03364,9,8.0,1,Aucun
03365,1,35.0,1,Primaire
03365,2,7.0,1,Secondaire
03366,1,47.0,2,Primaire
03366,2,41.0,2,Primaire
03366,3,27.0,1,Aucun
03366,4,47.0,1,Aucun
03366,5,22.0,1,Aucun
03366,6,67.0,1,Aucun
03367,1,37.0,1,Primaire
03367,2,61.0,2,Aucun
03367,3,45.0,1,Primaire
03367,4,35.0,1,Primaire
03367,5,74.0,1,Primaire
03367,6,67.0,1,Aucun
03367,7,61.0,1,Secondaire
03367,8,53.0,2,Primaire
03367,9,49.0,1,Aucun
03367,10,26.0,1,Secondaire
03368,1,50.0,1,Aucun
03368,2,28.0,1,Primaire
03369,1,39.0,1,Secondaire
03369,2,27.0,1,Primaire
03369,3,67.0,1,Secondaire
03369,4,17.0,2,Secondaire
03369,5,66.0,1,Primaire
03369,6,70.0,1,Secondaire
03369,7,61.0,1,Aucun
03369,8,3.0,1,Aucun
03370,1,55.0,1,Aucun
03370,2,31.0,1,Aucun
03370,3,73.0,2,
03370,4,24.0,1,Aucun
03370,5,60.0,2,Aucun
03370,6,6.0,1,Primaire
03370,7,63.0,1,Aucun
03370,8,20.0,1,Superieur
03371,1,34.0,1,Secondaire
03371,2,16.0,2,Secondaire
03371,3,12.0,1,Primaire
03371,4,1.0,2,Aucun
03371,5,50.0,2,Secondaire
03371,6,35.0,1,Primaire
03371,7,19.0,2,
03371,8,48.0,1,Aucun
03372,1,58.0,1,Primaire
03372,2,74.0,1,Secondaire
03372,3,20.0,1,Secondaire
03372,4,21.0,2,Aucun
03373,1,46.0,2,Superieur
03373,2,48.0,2,Primaire
03373,3,64.0,2,Secondaire
03374,1,54.0,1,Primaire
03374,2,35.0,1,
03374,3,8.0,1,Aucun
03374,4,38.0,2,Aucun
03375,1,25.0,1,Secondaire
03375,2,28.0,2,Secondaire
03375,3,1.0,1,Aucun
03375,4,61.0,2,Primaire
03375,5,60.0,1,Primaire
03375,6,43.0,2,Secondaire
03375,7,0.0,1,Aucun
03376,1,49.0,1,Aucun
03376,2,40.0,1,Secondaire
03376,3,29.0,2,Secondaire
03376,4,40.0,2,Aucun
03376,5,,2,Primaire
03376,6,4.0,2,
03376,7,55.0,2,Secondaire
03377,1,45.0,1,Aucun
03377,2,22.0,2,Primaire
03377,3,47.0,2,
03377,4,33.0,1,Primaire
03377,5,10.0,2,Superieur
03378,1,53.0,1,Aucun
03378,2,28.0,2,Primaire
03378,3,3.0,2,
03378,4,65.0,1,Primaire
03378,5,61.0,2,Aucun
03379,1,51.0,1,Secondaire
03379,2,5.0,2,Aucun
03380,1,,1,Aucun
03380,2,27.0,1,Primaire
03380,3,57.0,2,Primaire
03381,1,34.0,1,Aucun
03381,2,34.0,1,Secondaire
03381,3,47.0,2,Aucun
03381,4,12.0,1,Aucun
03381,5,68.0,1,Aucun
03381,6,41.0,1,Secondaire
03381,7,16.0,2,Aucun
03381,8,28.0,1,Primaire
03381,9,23.0,1,Primaire
03381,10,8.0,1,Aucun
03381,11,27.0,1,Aucun
03382,1,27.0,1,Superieur
03382,2,56.0,2,Aucun
03382,3,22.0,1,Primaire
03382,4,47.0,2,Primaire
03382,5,10.0,1,Primaire
03382,6,55.0,2,
03382,7,34.0,2,Aucun
03382,8,39.0,1,Aucun
03382,9,17.0,1,Aucun
03383,1,29.0,1,Primaire
03383,2,71.0,1,Primaire
03383,3,41.0,2,Aucun
03383,4,8.0,2,Primaire
03383,5,10.0,2,Aucun
03383,6,19.0,2,Aucun
03384,1,47.0,1,Aucun
03384,2,37.0,2,Aucun
03384,3,30.0,1,Superieur
03384,4,57.0,2,Aucun
03384,5,17.0,2,Secondaire
03384,6,2.0,1,Aucun
03384,7,64.0,2,Primaire
03384,8,44.0,2,Aucun
03384,9,73.0,2,Primaire
03385,1,39.0,1,
03385,2,68.0,2,Secondaire
03385,3,69.0,1,Secondaire
03385,4,29.0,1,Primaire
03385,5,68.0,1,Primaire
03385,6,9.0,1,Primaire
03385,7,28.0,2,
03385,8,70.0,1,Superieur
03386,1,41.0,1,Secondaire
03386,2,8.0,2,Aucun
03386,3,20.0,2,Primaire
03386,4,74.0,2,Aucun
03386,5,66.0,2,Primaire
03387,1,50.0,2,Aucun
03387,2,35.0,2,Primaire
03387,3,55.0,1,Aucun
03388,1,56.0,2,Primaire
03388,2,53.0,2,Superieur
03388,3,16.0,2,Aucun
03388,4,30.0,1,Aucun
03388,5,36.0,2,Aucun
03388,6,73.0,1,Primaire
03388,7,74.0,1,Primaire
03388,8,20.0,2,Primaire
03389,1,50.0,1,Secondaire
03389,2,32.0,2,Aucun
03389,3,48.0,2,Primaire
03389,4,62.0,2,Aucun
03389,5,74.0,2,Primaire
03389,6,58.0,1,Secondaire
03389,7,69.0,1,Aucun
03389,8,27.0,2,Secondaire
03390,1,29.0,1,
03390,2,10.0,2,Aucun
03390,3,72.0,2,Aucun
03390,4,12.0,2,Aucun
03390,5,6.0,1,Primaire
03391,1,33.0,1,Aucun
03391,2,26.0,1,Aucun
03391,3,74.0,2,Aucun
03391,4,9.0,1,Secondaire
03391,5,34.0,1,Superieur
03391,6,30.0,1,Secondaire
03391,7,70.0,2,Primaire
03391,8,25.0,1,Primaire
03391,9,49.0,1,Aucun
03392,1,41.0,1,Aucun
03392,2,47.0,2,Aucun
03393,1,36.0,1,Secondaire
03393,2,16.0,1,Aucun
03393,3,70.0,1,Primaire
03393,4,3.0,2,Aucun
03393,5,40.0,2,Secondaire
03393,6,55.0,1,Primaire
03394,1,36.0,1,Aucun
03394,2,5.0,2,Aucun
03394,3,15.0,1,Primaire
03394,4,3.0,1,Aucun
03394,5,51.0,1,Aucun
03394,6,48.0,1,Secondaire
03394,7,40.0,2,Aucun
03394,8,42.0,1,Aucun
03394,9,8.0,1,Primaire
03395,1,48.0,1,Primaire
03395,2,27.0,1,Aucun
03395,3,37.0,1,Superieur
03396,1,49.0,2,Aucun
03396,2,64.0,2,Aucun
03396,3,15.0,2,Primaire
03396,4,41.0,2,Primaire
03396,5,72.0,1,Aucun
03397,1,41.0,2,Aucun
03397,2,63.0,2,Aucun
03397,3,22.0,1,Aucun
03397,4,32.0,1,Aucun
03398,1,45.0,2,Aucun
03398,2,14.0,2,Primaire
03398,3,4.0,1,
03398,4,35.0,1,Aucun
03398,5,39.0,2,Aucun
03398,6,60.0,2,Aucun
03398,7,19.0,1,Aucun
03399,1,45.0,1,Aucun
03399,2,34.0,1,Superieur
03399,3,29.0,2,Aucun
03399,4,25.0,1,Primaire
03399,5,29.0,1,Secondaire
03399,6,54.0,2,Primaire
03400,1,33.0,2,Primaire
03400,2,41.0,2,Aucun
03400,3,57.0,1,Secondaire
03400,4,18.0,2,Primaire
03400,5,51.0,1,Aucun
03400,6,51.0,2,Secondaire
03401,1,25.0,1,Primaire
03401,2,37.0,1,Aucun
03401,3,40.0,2,Primaire
03401,4,2.0,2,
03401,5,54.0,2,Superieur
03401,6,58.0,2,Primaire
03401,7,39.0,1,Aucun
03401,8,69.0,2,Secondaire
03402,1,54.0,2,Aucun
03402,2,29.0,2,Aucun
03402,3,5.0,1,Aucun
03403,1,53.0,2,Aucun
03404,1,24.0,1,Aucun
03404,2,53.0,1,Secondaire
03404,3,73.0,1,Aucun
03405,1,32.0,2,Aucun
03405,2,10.0,2,Secondaire
03405,3,62.0,2,Secondaire
03405,4,46.0,2,Primaire
03405,5,22.0,1,Primaire
03405,6,,1,Secondaire
03406,1,62.0,2,Secondaire
03407,1,34.0,1,Secondaire
03407,2,11.0,2,Aucun
03407,3,2.0,1,Aucun
03407,4,16.0,1,Secondaire
03407,5,61.0,1,Aucun
03408,1,30.0,1,Primaire
03408,2,24.0,2,Aucun
03408,3,36.0,2,Superieur
03408,4,22.0,1,Superieur
03408,5,12.0,1,Aucun
03408,6,50.0,2,Primaire
03409,1,58.0,1,Aucun
03409,2,71.0,1,Superieur
03409,3,7.0,2,Aucun
03409,4,59.0,1,Primaire
03409,5,60.0,1,Secondaire
03409,6,74.0,2,Secondaire
03409,7,73.0,2,Superieur
03409,8,42.0,1,Secondaire
03410,1,35.0,1,Superieur
03410,2,14.0,2,Primaire
03410,3,70.0,2,Primaire
03410,4,18.0,1,Aucun
03410,5,20.0,1,Aucun
03410,6,57.0,2,Secondaire
03411,1,58.0,1,Superieur
03411,2,8.0,2,Primaire
03411,3,61.0,1,Primaire
03411,4,,1,Secondaire
03412,1,48.0,1,Secondaire
03412,2,21.0,2,Secondaire
03412,3,41.0,1,Aucun
03413,1,30.0,1,Primaire
03413,2,14.0,1,Primaire
03413,3,30.0,1,Secondaire
03413,4,68.0,2,Secondaire
03413,5,12.0,2,Primaire
03413,6,23.0,2,Aucun
03413,7,26.0,2,Secondaire
03413,8,20.0,1,Primaire
03414,1,47.0,1,Superieur
03414,2,71.0,2,Secondaire
03414,3,14.0,2,Superieur
03414,4,35.0,1,Aucun
03414,5,19.0,2,Primaire
03414,6,46.0,1,Secondaire
03414,7,48.0,2,Secondaire
03414,8,58.0,1,Aucun
03415,1,45.0,1,Primaire
03415,2,43.0,2,Primaire
03415,3,43.0,1,Aucun
03415,4,11.0,2,Aucun
03416,1,32.0,1,Secondaire
03416,2,,1,
03416,3,55.0,1,Primaire
03416,4,38.0,1,
03416,5,56.0,2,Aucun
03416,6,65.0,1,Aucun
03416,7,27.0,2,Aucun
03417,1,47.0,2,Aucun
03417,2,5.0,1,Aucun
03417,3,16.0,1,Secondaire
03417,4,4.0,2,Aucun
03417,5,57.0,1,Aucun
03418,1,42.0,1,Aucun
03418,2,0.0,2,Aucun
03418,3,51.0,2,Aucun
03418,4,62.0,1,Aucun
03418,5,63.0,1,Aucun
03419,1,48.0,1,
03419,2,71.0,1,Superieur
03419,3,19.0,1,Aucun
03419,4,12.0,1,Primaire
03419,5,35.0,1,Primaire
03419,6,24.0,1,Secondaire
03419,7,59.0,2,Secondaire
03419,8,5.0,1,Aucun
03419,9,62.0,1,Aucun
03419,10,17.0,2,Aucun
03419,11,31.0,2,Secondaire
03419,12,66.0,2,Primaire
03420,1,45.0,1,Aucun
03420,2,31.0,1,Aucun
03420,3,6.0,1,Aucun
03420,4,43.0,2,Superieur
03420,5,35.0,2,Aucun
03420,6,29.0,1,Primaire
03421,1,31.0,1,Primaire
03421,2,30.0,1,Aucun
03421,3,69.0,1,Secondaire
03421,4,8.0,1,Aucun
03421,5,47.0,2,Aucun
03421,6,9.0,2,Aucun
03421,7,39.0,2,Aucun
03421,8,,1,Primaire
03421,9,24.0,1,Primaire
03422,1,40.0,1,Aucun
03422,2,19.0,1,Secondaire
03422,3,45.0,1,Primaire
03422,4,0.0,2,Aucun
03422,5,4.0,2,Aucun
03422,6,38.0,1,Aucun
03422,7,40.0,1,Secondaire
03422,8,31.0,1,Aucun
03423,1,75.0,1,Aucun
03423,2,71.0,2,Superieur
03423,3,53.0,1,Aucun
03423,4,20.0,1,Primaire
03423,5,73.0,2,Primaire
03423,6,,1,Secondaire
03423,7,39.0,1,Primaire
03424,1,43.0,1,Aucun
03424,2,70.0,2,Superieur
03424,3,27.0,1,Secondaire
03424,4,19.0,2,Secondaire
03424,5,37.0,1,Secondaire
03424,6,62.0,1,Aucun
03425,1,37.0,2,Aucun
03425,2,52.0,2,Primaire
03425,3,56.0,2,Aucun
03425,4,45.0,1,Primaire
03425,5,66.0,2,Secondaire
03426,1,25.0,1,Secondaire
03426,2,29.0,1,
03426,3,46.0,2,Primaire
03427,1,42.0,1,Primaire
03427,2,18.0,1,Aucun
03427,3,41.0,2,Primaire
03427,4,50.0,2,Secondaire
03427,5,37.0,2,Aucun
03428,1,33.0,1,Aucun
03428,2,68.0,2,Aucun
03428,3,64.0,1,Secondaire
03428,4,37.0,1,Aucun
03428,5,70.0,2,Primaire
03428,6,35.0,1,Aucun
03428,7,69.0,2,Primaire
03428,8,13.0,2,Aucun
03428,9,50.0,2,Aucun
03428,10,24.0,1,Secondaire
03429,1,50.0,1,Secondaire
03429,2,51.0,2,Primaire
03429,3,37.0,2,Aucun
03429,4,26.0,2,Secondaire
03429,5,9.0,1,Aucun
03430,1,22.0,1,Secondaire
03430,2,68.0,1,Secondaire
03430,3,43.0,2,Primaire
03430,4,22.0,2,Secondaire
03430,5,74.0,2,Aucun
03430,6,56.0,1,Aucun
03431,1,58.0,1,Secondaire
03431,2,0.0,1,Aucun
03431,3,66.0,1,Superieur
03431,4,69.0,2,Aucun
03431,5,56.0,2,Primaire
03431,6,61.0,2,Primaire
03432,1,52.0,1,Aucun
03432,2,7.0,2,Primaire
03432,3,70.0,1,Aucun
03432,4,57.0,1,Primaire
03433,1,42.0,1,Aucun
03433,2,33.0,2,
03433,3,56.0,1,Aucun
03433,4,56.0,2,Primaire
03433,5,25.0,2,Primaire
03433,6,50.0,1,Aucun
03433,7,49.0,1,Aucun
03433,8,36.0,2,Aucun
03433,9,23.0,1,Aucun
03433,10,30.0,1,Secondaire
03433,11,51.0,2,Aucun
03433,12,54.0,2,
03434,1,43.0,1,Aucun
03434,2,11.0,1,Primaire
03434,3,66.0,1,Secondaire
03434,4,52.0,1,Secondaire
03434,5,19.0,1,Primaire
03434,6,22.0,2,Aucun
03435,1,37.0,1,Aucun
03435,2,14.0,1,Primaire
03435,3,59.0,1,Aucun
03435,4,18.0,1,Secondaire
03435,5,4.0,2,Aucun
03436,1,40.0,1,Aucun
03436,2,42.0,2,Primaire
03436,3,8.0,2,Primaire
03436,4,5.0,2,Aucun
03436,5,46.0,2,Secondaire
03436,6,31.0,2,Primaire
03436,7,60.0,2,Aucun
03437,1,24.0,1,Aucun
03437,2,54.0,2,Primaire
03437,3,13.0,2,Secondaire
03437,4,32.0,2,Aucun
03437,5,48.0,1,Aucun
03437,6,4.0,1,Aucun
03437,7,,2,Aucun
03437,8,41.0,2,Primaire
03438,1,45.0,1,Secondaire
03438,2,73.0,1,Primaire
03438,3,10.0,2,Secondaire
03438,4,61.0,2,Aucun
03438,5,66.0,2,Superieur
03438,6,12.0,1,Secondaire
03438,7,24.0,1,Aucun
03438,8,40.0,2,Primaire
03438,9,9.0,2,Primaire
03438,10,35.0,1,Secondaire
03438,11,69.0,2,Secondaire
03438,12,34.0,1,Primaire
03439,1,33.0,1,Aucun
03439,2,41.0,2,Secondaire
03439,3,46.0,1,Aucun
03439,4,4.0,1,Aucun
03440,1,45.0,2,Primaire
03440,2,2.0,2,Aucun
03440,3,47.0,1,Secondaire
03440,4,59.0,2,Secondaire
03441,1,69.0,1,Secondaire
03441,2,4.0,1,Aucun
03441,3,22.0,2,Aucun
03441,4,22.0,1,Primaire
03442,1,50.0,1,Aucun
03442,2,45.0,2,Primaire
03443,1,43.0,1,Aucun
03443,2,33.0,2,Secondaire
03443,3,49.0,2,Secondaire
03444,1,47.0,1,Secondaire
03444,2,35.0,2,Aucun
03444,3,5.0,1,Aucun
03444,4,65.0,2,Secondaire
03444,5,5.0,1,Aucun
03444,6,55.0,1,Aucun
03444,7,52.0,2,Aucun
03444,8,30.0,1,Primaire
03444,9,48.0,2,Primaire
03444,10,55.0,2,Aucun
03445,1,26.0,1,Aucun
03445,2,4.0,1,Aucun
03445,3,26.0,1,Secondaire
03445,4,24.0,2,Aucun
03445,5,27.0,1,Primaire
03445,6,57.0,1,Superieur
03445,7,54.0,1,Primaire
03445,8,20.0,1,Aucun
03446,1,28.0,1,Primaire
03446,2,,1,Aucun
03446,3,31.0,1,Aucun
03446,4,54.0,1,Aucun
03446,5,41.0,2,Aucun
03446,6,39.0,2,Primaire
03446,7,29.0,1,Secondaire
03447,1,46.0,1,Primaire
03447,2,40.0,2,Primaire
03447,3,63.0,1,Aucun
03447,4,14.0,2,Primaire
03447,5,46.0,1,
03448,1,29.0,1,Secondaire
03449,1,32.0,2,Primaire
03449,2,12.0,2,Primaire
03449,3,68.0,1,Aucun
03449,4,70.0,2,Aucun
03449,5,62.0,1,Secondaire
03450,1,44.0,1,Aucun
03450,2,48.0,1,Secondaire
03450,3,0.0,1,Aucun
03450,4,46.0,2,Secondaire
03451,1,56.0,1,Aucun
03451,2,37.0,2,Aucun
03451,3,51.0,1,
03451,4,6.0,1,Aucun
03452,1,40.0,1,Aucun
03452,2,33.0,1,Aucun
03452,3,43.0,2,Primaire
03452,4,16.0,1,Primaire
03452,5,27.0,1,Aucun
03452,6,42.0,2,Aucun
03452,7,3.0,2,Aucun
03453,1,39.0,1,Primaire
03453,2,18.0,2,Primaire
03453,3,24.0,2,Aucun
03453,4,60.0,1,Primaire
03453,5,69.0,1,Primaire
03454,1,43.0,1,Aucun
03454,2,40.0,2,Primaire
03454,3,60.0,2,Primaire
03454,4,28.0,1,Primaire
03454,5,13.0,1,
03454,6,63.0,1,Secondaire
03455,1,40.0,1,Secondaire
03455,2,13.0,2,Primaire
03455,3,5.0,1,
03455,4,23.0,2,Aucun
03455,5,61.0,1,Secondaire
03455,6,40.0,1,Aucun
03455,7,35.0,1,Secondaire
03456,1,37.0,1,Primaire
03456,2,52.0,1,Primaire
03456,3,28.0,2,Primaire
03456,4,27.0,1,Primaire
03457,1,51.0,1,Secondaire
03457,2,48.0,1,Primaire
03457,3,0.0,2,Aucun
03457,4,20.0,1,Primaire
03458,1,50.0,1,Aucun
03458,2,18.0,1,Aucun
03458,3,31.0,1,Secondaire
03458,4,72.0,1,Primaire
03458,5,74.0,2,Primaire
03458,6,,1,Secondaire
03458,7,23.0,2,Secondaire
03458,8,72.0,1,Primaire
03458,9,1.0,1,Aucun
03458,10,10.0,2,Primaire
03458,11,69.0,2,Secondaire
03459,1,37.0,2,Secondaire
03459,2,41.0,1,Superieur
03459,3,14.0,1,Secondaire
03459,4,25.0,1,Aucun
03459,5,55.0,1,Secondaire
03459,6,53.0,1,Primaire
03459,7,72.0,2,Aucun
03459,8,52.0,2,Aucun
03460,1,66.0,1,Primaire
03461,1,35.0,1,Aucun
03461,2,69.0,1,Secondaire
03461,3,17.0,2,Primaire
03461,4,0.0,2,Aucun
03461,5,23.0,2,Secondaire
03462,1,49.0,1,Aucun
03462,2,24.0,1,Primaire
03462,3,45.0,2,Secondaire
03462,4,63.0,1,Secondaire
03462,5,5.0,1,Aucun
03462,6,6.0,1,Primaire
03462,7,56.0,1,Secondaire
03462,8,62.0,1,Primaire
03462,9,5.0,2,Aucun
03462,10,2.0,2,Aucun
03462,11,60.0,2,Secondaire
03463,1,36.0,1,Secondaire
03463,2,66.0,1,Aucun
03463,3,24.0,1,Secondaire
03463,4,33.0,2,Secondaire
03463,5,42.0,1,Primaire
03463,6,57.0,2,Primaire
03463,7,58.0,2,Aucun
03463,8,3.0,1,Aucun
03464,1,42.0,1,Aucun
03464,2,58.0,1,Secondaire
03464,3,2.0,2,Aucun
03464,4,29.0,2,Aucun
03464,5,60.0,2,Superieur
03464,6,16.0,2,Aucun
03465,1,37.0,1,Aucun
03465,2,32.0,2,Primaire
03465,3,39.0,1,Primaire
03465,4,41.0,1,Aucun
03465,5,28.0,2,Aucun
03466,1,47.0,1,Aucun
03466,2,4.0,2,Aucun
03466,3,56.0,1,Primaire
03466,4,0.0,1,Aucun
03466,5,27.0,2,Aucun
03466,6,17.0,1,
03466,7,25.0,1,Secondaire
03467,1,40.0,1,Superieur
03467,2,42.0,2,Primaire
03467,3,17.0,1,Aucun
03467,4,7.0,2,Secondaire
03467,5,66.0,2,Aucun
03468,1,43.0,1,Secondaire
03468,2,7.0,2,Primaire
03468,3,24.0,2,Superieur
03468,4,33.0,2,Primaire
03468,5,33.0,2,Superieur
03468,6,74.0,2,Secondaire
03468,7,37.0,2,Aucun
03468,8,66.0,2,Secondaire
03469,1,31.0,1,Aucun
03469,2,35.0,1,Aucun
03469,3,6.0,1,Secondaire
03469,4,62.0,2,Primaire
03470,1,33.0,1,Secondaire
03470,2,31.0,1,Aucun
03470,3,1.0,2,Aucun
03470,4,23.0,1,Secondaire
03470,5,50.0,1,
03470,6,23.0,1,Aucun
03470,7,14.0,1,Primaire
03470,8,30.0,1,Primaire
03470,9,65.0,1,Superieur
03470,10,66.0,1,Primaire
03470,11,57.0,1,Aucun
03471,1,52.0,1,Primaire
03471,2,23.0,2,Secondaire
03471,3,52.0,1,Primaire
03471,4,45.0,2,Aucun
03472,1,37.0,1,Superieur
03472,2,20.0,2,Aucun
03472,3,20.0,1,Aucun
03472,4,13.0,2,Secondaire
03472,5,53.0,1,Primaire
03473,1,44.0,2,
03473,2,43.0,1,Aucun
03473,3,60.0,2,Aucun
03473,4,51.0,1,Superieur
03473,5,31.0,1,Aucun
03473,6,15.0,1,Aucun
03473,7,50.0,2,Secondaire
03474,1,35.0,1,Aucun
03474,2,15.0,1,Primaire
03474,3,45.0,2,Primaire
03474,4,33.0,2,Aucun
03474,5,56.0,2,Primaire
03474,6,52.0,2,Aucun
03474,7,71.0,2,Aucun
03475,1,34.0,1,Aucun
03475,2,65.0,2,Primaire
03475,3,27.0,1,Secondaire
03475,4,15.0,1,Aucun
03475,5,42.0,1,Aucun
03475,6,68.0,1,Primaire
03475,7,14.0,1,Superieur
03476,1,39.0,1,Aucun
03476,2,29.0,1,Aucun
03476,3,23.0,1,Aucun
03476,4,57.0,1,Primaire
03476,5,61.0,2,Secondaire
03476,6,36.0,1,Primaire
03476,7,15.0,1,Secondaire
03476,8,24.0,2,Secondaire
03476,9,14.0,2,Aucun
03476,10,21.0,2,Secondaire
03477,1,51.0,1,Aucun
03477,2,51.0,2,Primaire
03477,3,22.0,2,Aucun
03477,4,63.0,1,Primaire
03477,5,28.0,1,Secondaire
03477,6,30.0,2,Primaire
03477,7,35.0,2,Aucun
03477,8,17.0,2,Aucun
03477,9,60.0,2,Secondaire
03477,10,14.0,1,Aucun
03477,11,65.0,1,Primaire
03478,1,22.0,1,Aucun
03478,2,6.0,1,Aucun
03478,3,44.0,2,Primaire
03478,4,25.0,1,Aucun
03478,5,15.0,2,Primaire
03478,6,7.0,1,Aucun
03479,1,,1,Primaire
03479,2,39.0,1,Primaire
03479,3,26.0,1,Aucun
03479,4,46.0,2,Primaire
03480,1,42.0,1,Aucun
03480,2,70.0,2,Aucun
03480,3,11.0,2,Aucun
03481,1,37.0,1,Aucun
03481,2,32.0,2,Secondaire
03481,3,37.0,2,Primaire
03481,4,39.0,2,
03482,1,43.0,1,Aucun
03482,2,37.0,1,Secondaire
03482,3,23.0,1,Aucun
03482,4,40.0,2,Secondaire
03482,5,34.0,2,Aucun
03482,6,37.0,1,Primaire
03482,7,28.0,1,Primaire
03482,8,32.0,1,Secondaire
03482,9,28.0,2,Primaire
03483,1,34.0,2,Primaire
03483,2,47.0,1,Aucun
03483,3,43.0,1,Aucun
03483,4,39.0,2,Secondaire
03483,5,57.0,2,Secondaire
03483,6,48.0,1,Secondaire
03483,7,71.0,2,
03483,8,14.0,1,Secondaire
03483,9,57.0,1,
03484,1,40.0,2,Primaire
03484,2,61.0,1,Aucun
03484,3,64.0,2,Aucun
03484,4,65.0,2,Secondaire
03484,5,19.0,2,Primaire
03484,6,28.0,2,Aucun
03484,7,51.0,1,Aucun
03485,1,45.0,1,Aucun
03485,2,33.0,2,Aucun
03485,3,24.0,2,Aucun
03485,4,39.0,1,Aucun
03486,1,45.0,1,Aucun
03486,2,56.0,2,Aucun
03486,3,38.0,1,Aucun
03486,4,49.0,1,Aucun
03486,5,29.0,1,Secondaire
03487,1,55.0,2,Aucun
03487,2,34.0,1,
03487,3,73.0,2,Primaire
03487,4,50.0,2,Primaire
03487,5,34.0,1,Primaire
03487,6,49.0,1,Aucun
03487,7,38.0,1,Aucun
03487,8,39.0,1,Aucun
03487,9,23.0,2,Aucun
03487,10,10.0,1,Primaire
03487,11,63.0,2,Aucun
03488,1,49.0,2,Aucun
03488,2,52.0,2,Primaire
03488,3,1.0,1,Aucun
03488,4,41.0,1,Secondaire
03488,5,10.0,1,Aucun
03488,6,56.0,2,Primaire
03488,7,47.0,2,Secondaire
03489,1,41.0,1,Primaire
03489,2,4.0,1,Aucun
03489,3,,2,Secondaire
03489,4,57.0,2,
03489,5,50.0,1,Secondaire
03489,6,,2,Primaire
03489,7,73.0,1,Aucun
03489,8,50.0,1,Primaire
03489,9,16.0,2,Primaire
03490,1,70.0,1,Primaire
03490,2,69.0,2,Secondaire
03490,3,68.0,1,Aucun
03490,4,24.0,1,Secondaire
03490,5,5.0,2,Aucun
03490,6,36.0,1,Primaire
03490,7,40.0,1,Primaire
03491,1,31.0,1,Secondaire
03491,2,7.0,2,Secondaire
03491,3,42.0,1,Superieur
03491,4,74.0,2,Aucun
03491,5,28.0,2,Aucun
03491,6,22.0,2,Secondaire
03491,7,36.0,1,Primaire
03491,8,3.0,2,Aucun
03492,1,32.0,1,Aucun
03492,2,58.0,1,Primaire
03492,3,55.0,1,Aucun
03492,4,62.0,1,Primaire
03493,1,49.0,1,Secondaire
03493,2,7.0,2,Primaire
03493,3,59.0,1,Primaire
03493,4,58.0,2,Primaire
03493,5,25.0,1,
03493,6,10.0,2,
03494,1,62.0,1,Aucun
03494,2,48.0,2,Primaire
03494,3,11.0,2,Aucun
03494,4,57.0,1,Secondaire
03494,5,0.0,1,Aucun
03495,1,,1,Secondaire
03495,2,41.0,2,Primaire
03495,3,9.0,2,
03495,4,47.0,1,Aucun
03495,5,31.0,2,Secondaire
03496,1,55.0,1,Aucun
03496,2,10.0,1,Aucun
03496,3,60.0,1,Secondaire
03497,1,44.0,1,Primaire
03497,2,12.0,1,Primaire
03497,3,58.0,2,Secondaire
03497,4,24.0,1,Primaire
03497,5,0.0,2,Aucun
03497,6,67.0,1,Secondaire
03497,7,12.0,1,Aucun
03497,8,28.0,2,Primaire
03497,9,23.0,2,Secondaire
03497,10,8.0,1,Aucun
03498,1,54.0,1,Aucun
03498,2,49.0,2,Primaire
03498,3,21.0,2,Aucun
03498,4,9.0,2,Primaire
03498,5,37.0,1,Primaire
03498,6,27.0,1,Aucun
03498,7,69.0,2,Aucun
03499,1,45.0,1,Primaire
03499,2,56.0,2,Aucun
03499,3,47.0,2,
03499,4,65.0,1,Superieur
03499,5,47.0,2,Aucun
03500,1,42.0,1,Primaire
03500,2,53.0,1,Aucun
03500,3,32.0,1,Aucun
03500,4,73.0,1,
03501,1,55.0,2,Secondaire
03501,2,72.0,1,Secondaire
03501,3,59.0,2,Aucun
03501,4,26.0,2,Primaire
03501,5,36.0,2,Primaire
03501,6,32.0,2,Aucun
03501,7,66.0,2,Primaire
03501,8,16.0,2,Primaire
03501,9,53.0,1,Primaire
03501,10,23.0,2,Aucun
03501,11,61.0,1,Secondaire
03502,1,33.0,1,Secondaire
03502,2,30.0,2,Aucun
03502,3,29.0,1,Secondaire
03502,4,4.0,2,Aucun
03502,5,48.0,2,
03502,6,21.0,2,Superieur
03503,1,37.0,1,Primaire
03503,2,37.0,1,Aucun
03503,3,10.0,2,Aucun
03503,4,25.0,2,Primaire
03504,1,46.0,1,Aucun
03504,2,37.0,2,Primaire
03504,3,65.0,2,Secondaire
03504,4,55.0,1,Aucun
03504,5,37.0,1,Aucun
03504,6,33.0,2,Aucun
03504,7,11.0,2,Aucun
03504,8,26.0,1,Primaire
03505,1,35.0,1,Aucun
03505,2,68.0,1,Aucun
03505,3,26.0,2,Primaire
03505,4,65.0,1,Superieur
03505,5,2.0,1,Aucun
03506,1,44.0,1,Aucun
03506,2,37.0,2,Secondaire
03506,3,70.0,2,Primaire
03506,4,4.0,2,Aucun
03506,5,18.0,2,Primaire
03506,6,12.0,2,Aucun
03506,7,30.0,1,Secondaire
03506,8,17.0,1,Aucun
03506,9,1.0,1,Aucun
03506,10,22.0,2,Aucun
03506,11,27.0,2,Aucun
03506,12,,2,Superieur
03506,13,31.0,1,Primaire
03506,14,6.0,2,Secondaire
03506,15,9.0,1,Secondaire
03506,16,36.0,1,Aucun
03506,17,38.0,2,Aucun
03506,18,37.0,2,Primaire
03507,1,34.0,1,Secondaire
03507,2,40.0,1,Aucun
03507,3,52.0,1,Primaire
03507,4,46.0,1,Aucun
03507,5,27.0,2,Primaire
03507,6,12.0,1,Primaire
03507,7,0.0,2,Aucun
03507,8,15.0,1,Secondaire
03508,1,35.0,2,Aucun
03508,2,15.0,2,Primaire
03508,3,12.0,1,Aucun
03508,4,38.0,2,Secondaire
03508,5,65.0,1,Aucun
03508,6,17.0,1,Superieur
03508,7,58.0,1,Primaire
03508,8,7.0,1,Secondaire
03508,9,10.0,1,Primaire
03509,1,38.0,1,Primaire
03509,2,30.0,1,Primaire
03509,3,41.0,2,Aucun
03509,4,58.0,2,Primaire
03509,5,26.0,1,
03509,6,56.0,2,Primaire
03510,1,51.0,1,Secondaire
03510,2,54.0,1,Aucun
03510,3,30.0,2,Aucun
03510,4,29.0,1,Aucun
03510,5,6.0,2,Aucun
03510,6,42.0,2,Aucun
03510,7,66.0,2,Aucun
03510,8,4.0,1,Aucun
03510,9,29.0,1,Secondaire
03510,10,22.0,2,Aucun
03511,1,30.0,1,Secondaire
03511,2,67.0,2,Primaire
03511,3,48.0,1,Aucun
03511,4,49.0,1,Secondaire
03511,5,70.0,1,Aucun
03511,6,54.0,1,Primaire
03511,7,32.0,1,Aucun
03512,1,48.0,1,Aucun
03512,2,38.0,2,Primaire
03512,3,12.0,1,
03513,1,48.0,2,
03513,2,17.0,2,Primaire
03513,3,45.0,1,Aucun
03513,4,73.0,1,Primaire
03513,5,38.0,1,Secondaire
03513,6,22.0,2,Primaire
03514,1,63.0,2,Aucun
03514,2,18.0,1,Aucun
03514,3,24.0,2,Primaire
03514,4,45.0,2,Aucun
03514,5,62.0,1,Secondaire
03514,6,61.0,2,Aucun
03514,7,22.0,1,Secondaire
03515,1,22.0,2,Secondaire
03515,2,51.0,2,Secondaire
03515,3,70.0,2,Aucun
03515,4,60.0,2,Aucun
03515,5,22.0,1,
03515,6,37.0,2,Primaire
03516,1,43.0,1,Aucun
03516,2,,2,Aucun
03516,3,41.0,2,Primaire
03516,4,27.0,1,Secondaire
03516,5,39.0,1,Primaire
03516,6,20.0,2,Secondaire
03516,7,16.0,1,Aucun
03516,8,37.0,2,Primaire
03516,9,39.0,2,Secondaire
03516,10,6.0,1,Aucun
03517,1,36.0,1,
03517,2,,2,Secondaire
03518,1,43.0,1,Primaire
03518,2,65.0,1,Primaire
03518,3,52.0,1,Primaire
03518,4,47.0,1,Primaire
03518,5,30.0,1,Aucun
03518,6,56.0,1,Secondaire
03519,1,55.0,1,Aucun
03519,2,7.0,1,Aucun
03519,3,9.0,2,Secondaire
03519,4,58.0,2,Primaire
03519,5,71.0,1,Aucun
03520,1,56.0,1,Primaire
03520,2,60.0,2,Primaire
03520,3,2.0,2,Aucun
03520,4,10.0,2,Secondaire
03521,1,32.0,1,Primaire
03521,2,,2,Aucun
03521,3,51.0,1,Primaire
03521,4,50.0,2,Primaire
03521,5,48.0,1,Aucun
03521,6,6.0,2,Secondaire
03521,7,62.0,1,Primaire
03521,8,7.0,1,Primaire
03522,1,43.0,1,Aucun
03522,2,1.0,1,
03522,3,67.0,2,Primaire
03522,4,19.0,1,Aucun
03522,5,68.0,1,Primaire
03522,6,26.0,1,Aucun
03522,7,65.0,2,Secondaire
03522,8,35.0,2,
03523,1,46.0,1,Secondaire
03523,2,26.0,2,Secondaire
03523,3,28.0,1,Aucun
03523,4,34.0,2,Aucun
03523,5,0.0,2,Aucun
03523,6,35.0,2,Aucun
03523,7,60.0,1,Primaire
03524,1,41.0,1,Primaire
03524,2,57.0,1,
03524,3,3.0,1,Aucun
03524,4,12.0,1,Aucun
03524,5,54.0,1,Secondaire
03525,1,21.0,1,Primaire
03525,2,39.0,2,Aucun
03525,3,39.0,1,Aucun
03525,4,29.0,2,Primaire
03525,5,61.0,2,Primaire
03525,6,57.0,1,Aucun
03525,7,57.0,1,Primaire
03526,1,33.0,2,Primaire
03526,2,56.0,2,Aucun
03526,3,36.0,2,Aucun
03526,4,40.0,2,Aucun
03526,5,33.0,2,Primaire
03527,1,50.0,1,Primaire
03527,2,14.0,1,Primaire
03527,3,59.0,2,Primaire
03527,4,9.0,2,Secondaire
03527,5,13.0,2,Aucun
03527,6,67.0,1,Aucun
03527,7,48.0,1,Aucun
03527,8,61.0,2,Aucun
03527,9,10.0,1,Primaire
03527,10,74.0,1,Primaire
03527,11,60.0,1,Primaire
03528,1,28.0,1,Primaire
03528,2,21.0,2,Aucun
03528,3,34.0,1,Primaire
03528,4,50.0,1,Primaire
03528,5,38.0,1,Aucun
03529,1,33.0,1,Primaire
03529,2,0.0,2,Aucun
03529,3,47.0,1,Aucun
03529,4,11.0,2,Secondaire
03529,5,51.0,2,Primaire
03529,6,17.0,1,Primaire
03529,7,9.0,1,Secondaire
03529,8,74.0,1,Secondaire
03529,9,13.0,1,Primaire
03529,10,70.0,2,Secondaire
03530,1,61.0,1,Secondaire
03530,2,72.0,2,Secondaire
03530,3,27.0,2,Primaire
03530,4,12.0,2,Secondaire
03531,1,40.0,1,Primaire
03531,2,57.0,2,Aucun
03531,3,29.0,2,Primaire
03531,4,9.0,1,Primaire
03531,5,31.0,2,
03531,6,60.0,2,Secondaire
03531,7,47.0,1,Primaire
03532,1,62.0,1,Secondaire
03532,2,37.0,2,Secondaire
03532,3,22.0,2,Primaire
03532,4,,2,Primaire
03532,5,62.0,2,Primaire
03532,6,33.0,2,
03533,1,38.0,2,
03533,2,69.0,1,Primaire
03533,3,28.0,1,Aucun
03533,4,24.0,1,Primaire
03533,5,12.0,1,Secondaire
03533,6,63.0,1,Aucun
03534,1,45.0,1,Aucun
03534,2,17.0,2,Primaire
03534,3,34.0,1,Secondaire
03535,1,38.0,1,Primaire
03535,2,35.0,1,Secondaire
03535,3,30.0,2,Aucun
03535,4,56.0,2,Secondaire
03535,5,40.0,1,Primaire
03535,6,36.0,1,Primaire
03536,1,,1,Secondaire
03536,2,11.0,2,Aucun
03536,3,0.0,1,Aucun
03536,4,23.0,1,Secondaire
03536,5,46.0,1,Primaire
03536,6,28.0,1,Aucun
03536,7,1.0,2,Aucun
03536,8,74.0,1,Aucun
03536,9,16.0,2,Aucun
03536,10,53.0,2,Aucun
03536,11,57.0,2,Primaire
03536,12,65.0,1,Primaire
03537,1,36.0,1,Superieur
03537,2,11.0,1,
03537,3,23.0,1,Secondaire
03537,4,2.0,1,Aucun
03537,5,50.0,1,Secondaire
03538,1,55.0,1,Aucun
03538,2,22.0,1,Primaire
03538,3,4.0,2,Aucun
03539,1,38.0,1,
03539,2,1.0,2,Aucun
03539,3,60.0,1,Aucun
03539,4,17.0,2,Primaire
03539,5,8.0,2,Secondaire
03540,1,48.0,1,Primaire
03540,2,52.0,1,Aucun
03540,3,34.0,2,Secondaire
03540,4,36.0,1,
03540,5,28.0,2,Aucun
03540,6,61.0,1,Aucun
03540,7,13.0,1,Secondaire
03540,8,,1,
00451,1,61.0,1,Aucun
00632,1,50.0,1,Aucun
00643,1,55.0,2,Aucun
00886,1,72.0,2,Aucun
01122,1,30.0,1,Primaire
01464,1,43.0,1,Primaire
01815,1,38.0,2,Aucun
01862,1,43.0,1,Secondaire
01866,1,27.0,1,Primaire
01933,1,45.0,1,Primaire
02222,1,37.0,1,Primaire
02452,1,47.0,2,Secondaire
02704,1,41.0,1,Aucun
02961,1,54.0,2,Primaire
03275,1,76.0,1,Aucun
